{"nature_results": {"Single Carriageway": {"mae": 15.248760028807359, "mse": 235221.0533084393, "best_function": 0, "parameters": [1.0056316438831854, 5.2051698358153233, 0.34243049171314632, 1.0, 0.16831789995428026, 0.90519236444226447, 27.704286831635851]}, "Roundabout": {"mae": 7.2077708617306486, "mse": 110.27253462538997, "best_function": 2, "parameters": [-1.8426825676719965, 2.5643360643752908, -0.067559318036524818, 1.0, -0.023047063766531872, 0.2576057035176994, -0.98263368438269105, 1.4627418529774292, 25.228135702768725]}, "Traffic Island Link": {"mae": 7.0946456201978494, "mse": 181.70814207015005, "best_function": 0, "parameters": [2.8923590639814338, 5.3345384405858187, -0.86613339962626079, 1.0, 0.31024945778413593, 0.947945469848264, 28.94328484269009]}, "Traffic Island Link At Junction": {"mae": 7.4560012120768482, "mse": 98.811462316654996, "best_function": 2, "parameters": [-3.4439465720903826, 1.7361109028818773, 0.12932513725274275, 1.0, -0.026846095050747865, 0.30741451505944939, -0.8482581051263316, -0.24853845500116245, 22.185074531766976]}, "Slip Road": {"mae": 13.558548656356137, "mse": 12049.658518447972, "best_function": 0, "parameters": [-2.1668658476423244, 4.9121117094302704, -1.7356297785810915, 1.0, 1.6934400650200854, 0.049391095016399933, 44.392309702919007]}, "Dual Carriageway": {"mae": 55.032269233170325, "mse": 3244.6369059433773, "best_function": 0, "parameters": [1.0, 1.0, 1.0, 1.0, 1.0, 1.0, 1.0]}}, "street_tally": [4.0, 0.0, 2.0]}