{"nature_results": {"Dual Carriageway": {"mae": 8.8306807937199974, "mse": 111.91652123268068, "best_function": 1, "parameters": [2.4440399809596345, 0.97404079678545186, 1.0039719139449677, -0.16332942946460793, 1.4231897220324214, -3.352782913168709, 1.0, 67.342877387564798]}}, "street_tally": [0.0, 1.0, 0.0]}