{"nature_results": {"Single Carriageway": {"mae": 7.1286135790103859, "mse": 325.49216294444221, "best_function": 1, "parameters": [1.97498551397373, 0.99930297650506095, 0.99948215797770534, 0.070337789755656854, 1.3352884004118553, 0.16950530129477825, 1.0, 23.658742178129099]}, "Dual Carriageway": {"mae": 17.504682063798114, "mse": 367.59877923614982, "best_function": 0, "parameters": [1.0, 1.0, 1.0, 1.0, 1.0, 1.0, 1.0]}}, "street_tally": [1.0, 1.0, 0.0]}