{"nature_results": {"Single Carriageway": {"mae": 14.60541313379496, "mse": 332.69670841825877, "best_function": 1, "parameters": [0.059999347113094847, 1.0132297104320491, 1.0201813365626184, 0.99556922976726514, 0.99692616799273426, -1.0240165725618771, 1.0, 20.586307835676575]}}, "street_tally": [0.0, 1.0, 0.0]}