{"nature_results": {"Dual Carriageway": {"mae": 4.2040828276624254, "mse": 37.594760785640219, "best_function": 2, "parameters": [5.3783562649009422, 6.78850711400659, -3.5560439916675106, 1.0, 0.034236200858359656, -0.22264276405246952, 0.13532826570536949, -0.24428986720893553, 39.17533078630133]}}, "street_tally": [0.0, 0.0, 1.0]}