{"nature_results": {"Traffic Island Link At Junction": {"mae": 9.5561537059189607, "mse": 104.99904262614524, "best_function": 0, "parameters": [1.0, 1.0, 1.0, 1.0, 1.0, 1.0, 1.0]}, "Single Carriageway": {"mae": 10.946882787227546, "mse": 160.74909288377501, "best_function": 1, "parameters": [1.5213763443802604, 0.99292782908343002, 0.97701912198243934, 0.230732728427825, 1.2887404407426966, 2.8350192542999944, 1.0, 18.686800003687438]}, "Dual Carriageway": {"mae": 3.8196126414043601, "mse": 23.886743927112711, "best_function": 0, "parameters": [9.3707633478546626, 13.546834207181293, 1.8552188118441932, 1.0, 0.11891340708058296, 1.0718506856991359, 24.12190626046565]}, "Slip Road": {"mae": 18.9580537442815, "mse": 422.29928867131559, "best_function": 0, "parameters": [1.0, 1.0, 1.0, 1.0, 1.0, 1.0, 1.0]}}, "street_tally": [3.0, 1.0, 0.0]}