{"nature_results": {"Single Carriageway": {"mae": 2.0974394303335369, "mse": 7.9722284309361813, "best_function": 2, "parameters": [3.4247717149414685, 7.265766057526692, -2.192016366237302, 1.0, 0.034659831885736958, -0.36642363515711329, 0.3282844387390832, 4.7905892710992601, 11.969941841792465]}}, "street_tally": [0.0, 0.0, 1.0]}