{"nature_results": {"Traffic Island Link At Junction": {"mae": 8.222961616746872, "mse": 98.370457639884464, "best_function": 2, "parameters": [3.3871340673591641, 8.7228836773433596, -1.3720627228662079, 1.0, -0.080088472832395174, 1.0240684386676528, -3.8369883322831004, 2.4302068785502726, 24.78148852819378]}, "Single Carriageway": {"mae": 7.1066414164340799, "mse": 99.938423812793786, "best_function": 0, "parameters": [1.5527515961583109, 11.727895111503805, -2.277377701632231, 1.0, 0.46971300717306896, 0.58221831902398669, 22.154774557928729]}, "Slip Road": {"mae": 9.5442357560159277, "mse": 138.85349608728347, "best_function": 0, "parameters": [1.0, 1.0, 1.0, 1.0, 1.0, 1.0, 1.0]}}, "street_tally": [2.0, 0.0, 1.0]}