{"nature_results": {"Traffic Island Link At Junction": {"mae": 4.1034284805190762, "mse": 34.193854489037413, "best_function": 2, "parameters": [-3.1137542257600224, 9.8810977447325552, -0.15206599388128272, 1.0, 0.033351316226616023, -0.46666980000506841, 1.8919572434045251, -1.6723907795093753, 28.052961291371425]}, "Single Carriageway": {"mae": 3.8435468881599699, "mse": 28.709311103521514, "best_function": 2, "parameters": [-9.1001763709766852, 4.5651950010254136, -0.20415805659116582, 1.0, 0.025926728135595267, -0.3805910638301031, 1.4902208340822729, -0.82192817263236639, 27.094625499779827]}}, "street_tally": [0.0, 0.0, 2.0]}