{"nature_results": {"Traffic Island Link At Junction": {"mae": 13.980446817041624, "mse": 234.378747901743, "best_function": 0, "parameters": [1.0, 1.0, 1.0, 1.0, 1.0, 1.0, 1.0]}, "Single Carriageway": {"mae": 24.336740861953505, "mse": 765.99059974792704, "best_function": 1, "parameters": [-0.070428561967364356, 0.9669426924091068, 0.98298447698266744, 1.0838449894894793, 0.96052183571293626, -1.6875553500927256, 1.0, 32.929307431802485]}, "Roundabout": {"mae": 8.3181556265757823, "mse": 125.63730699043683, "best_function": 2, "parameters": [107.23338796423555, 45.035802103880847, -4.3442112388197627, 1.0, -0.18647757560272638, 1.9990083479331544, -5.5089305604948615, 0.57865529997913645, 32.520718102062403]}}, "street_tally": [1.0, 1.0, 1.0]}