{"nature_results": {"Traffic Island Link At Junction": {"mae": 8.5002268024037253, "mse": 117.69615307263288, "best_function": 2, "parameters": [13.002446782618508, 6.0129532377737585, -3.0264942466233791, 1.0, 0.20197580719860131, -2.9782265423823011, 13.657131957372771, -19.087274987900695, 23.530620627040786]}, "Single Carriageway": {"mae": 6.6704799499392617, "mse": 79.961323587460996, "best_function": 2, "parameters": [-0.34083521331402, 4.469729336298129, -1.5019088793900366, 1.0, -0.00064010531739477905, -0.26851471727791454, 2.2666925665093141, -3.4707521870334945, 30.10506255776308]}, "Dual Carriageway": {"mae": 3.1010242179516707, "mse": 16.294324112529804, "best_function": 2, "parameters": [-3.0129196996780161, 2.3988618028472262, 0.42238400912354168, 1.0, 0.02828829738678007, -0.46654607012312455, 2.2657761882470595, -2.8703964975840521, 29.798064450597732]}}, "street_tally": [0.0, 0.0, 3.0]}