{"nature_results": {"Single Carriageway": {"mae": 10.858227748796558, "mse": 225.72336287286555, "best_function": 0, "parameters": [6.3020942878607542, 3.0751807867304253, 0.7622434339635189, 1.0, 2.2672886529631224, 1.0952348527633051, 1.8294674720841744]}}, "street_tally": [1.0, 0.0, 0.0]}