{"nature_results": {"Traffic Island Link At Junction": {"mae": 6.2920802107284173, "mse": 56.616190681081683, "best_function": 0, "parameters": [36.145659454601443, 4.3414512308133757, 0.23596441267450252, 1.0, 0.060116073554321248, 0.62977101497508081, 8.4519565044139409]}, "Single Carriageway": {"mae": 23.216470630146738, "mse": 585.84066985086099, "best_function": 0, "parameters": [1.0, 1.0, 1.0, 1.0, 1.0, 1.0, 1.0]}}, "street_tally": [2.0, 0.0, 0.0]}