{"nature_results": {"Traffic Island Link At Junction": {"mae": 10.289478754408272, "mse": 154.37586545139359, "best_function": 1, "parameters": [4.3762704365753642, 0.98694335266619426, 0.9536798850992162, -1.1154783158784864, 1.7733282791828175, 2.2523509055760824, 1.0, 7.9784106220659057]}, "Single Carriageway": {"mae": 6.2458936844482382, "mse": 62.960102423897631, "best_function": 2, "parameters": [-2.1715783971041978, 1.0205828460120425, 2.3447302440271844, 1.0, 0.054055867442373118, -0.43389947021339115, 0.13850009679780939, 3.1454322981887648, 23.440230322768286]}, "Slip Road": {"mae": 11.832545326513163, "mse": 171.79437403417614, "best_function": 0, "parameters": [1.0, 1.0, 1.0, 1.0, 1.0, 1.0, 1.0]}}, "street_tally": [1.0, 1.0, 1.0]}