{"nature_results": {"Traffic Island Link At Junction": {"mae": 5.5510521858670403, "mse": 69.408492920202946, "best_function": 2, "parameters": [-0.54373220469088657, 6.581500754650607, 1.1770011817543322, 1.0, -0.10329263884513695, 1.2383767377870258, -4.6852863801034017, 6.7117640811564616, 12.87269260323818]}, "Single Carriageway": {"mae": 17.079125626812978, "mse": 327.88580805834141, "best_function": 0, "parameters": [1.0, 1.0, 1.0, 1.0, 1.0, 1.0, 1.0]}, "Slip Road": {"mae": 4.7345028407690668, "mse": 82.949310193308065, "best_function": 2, "parameters": [9.0377933339222256, 7.9853679729516109, 2.8905035336752833, 1.0, -0.0080021010851618612, 0.22572536411474164, -1.6063346394618168, 3.4037795860310109, 11.829321058367654]}}, "street_tally": [1.0, 0.0, 2.0]}