{"nature_results": {"Dual Carriageway": {"mae": 7.2742332936534915, "mse": 98.724751518871315, "best_function": 2, "parameters": [1.2018629934691902, 4.4610953519075007, -2.1689436422580055, 1.0, 0.058208236257111134, -0.59448324553671239, 1.2791913570389384, 1.7984388774711433, 17.398664715021237]}}, "street_tally": [0.0, 0.0, 1.0]}