{"nature_results": {"Single Carriageway": {"mae": 4.0380879466362867, "mse": 31.723459482777617, "best_function": 2, "parameters": [0.29026988371329032, 0.84589804505817434, 0.78588937327073261, 1.0, 0.045837736005462482, -0.60151611051319565, 2.2615168302713151, -1.5566398802539618, 22.524578552798346]}, "Slip Road": {"mae": 3.2334226953419614, "mse": 17.609405154974532, "best_function": 1, "parameters": [0.43498660708054482, -25.447550693184496, -5.8979902245361053, 0.81081240764208984, 1.0627222253462989, 5.0707343322007006, 1.0, 9.3650171306649952]}}, "street_tally": [0.0, 1.0, 1.0]}