{"nature_results": {"Traffic Island Link At Junction": {"mae": 35.695296135952908, "mse": 1832.9990214083346, "best_function": 1, "parameters": [1.1255214605911148, 1.0111610457995803, 1.0100828260583798, 0.4457447283892364, 1.2048141514455066, 0.92567010025838548, 1.0, 21.756938516791195]}, "Single Carriageway": {"mae": 5.4433607495751399, "mse": 55.467593620529648, "best_function": 2, "parameters": [3.762699458291765, 8.9549916531019846, 1.2546122175808274, 1.0, 0.091505694145929906, -1.1677477838521595, 4.1892751653032363, -2.8236847966049545, 30.345445761052758]}, "Roundabout": {"mae": 10.249225850810106, "mse": 163.5862382988056, "best_function": 0, "parameters": [-13.120616706277348, 2.9062023449717311, 2.7273436093893695, 1.0, 2.1226800760963322, 0.031851205382997794, 24.857075027907307]}, "Dual Carriageway": {"mae": 6.6185119385942714, "mse": 78.901169785675691, "best_function": 2, "parameters": [37.547184131744807, 56.602910215921447, 1.8229188610025036, 1.0, 0.11879271388723356, -1.3527100002383339, 4.1794060390169161, -1.6201296083317751, 23.068402343965218]}, "Traffic Island Link": {"mae": 4.6263726381390766, "mse": 41.294577383216577, "best_function": 2, "parameters": [14.331492072730569, 16.417371712521252, 0.19047636059127837, 1.0, 0.13106716582476285, -1.6683415762105591, 5.7507268450499058, -2.702041997855182, 34.097793692099593]}}, "street_tally": [1.0, 1.0, 3.0]}