{"nature_results": {"Single Carriageway": {"mae": 7.6302325220920402, "mse": 89.718740669975332, "best_function": 2, "parameters": [17.401272440617884, 19.342335544177342, -1.4871766748236319, 1.0, -0.045435115217341115, 0.54362732326977414, -2.1148035794845952, 3.1377103719401966, 20.643079656754349]}, "Slip Road": {"mae": 6.4061279295767468, "mse": 44.888261266240981, "best_function": 1, "parameters": [-1.4359538631418562, -16.644091208806575, -5.7638105559356951, 1.6943960008190166, 0.74459035559499398, 4.5614900788273296, 1.0, 7.8316355934657613]}}, "street_tally": [0.0, 1.0, 1.0]}