{"nature_results": {"Single Carriageway": {"mae": 6.7760682654052209, "mse": 74.962028862671104, "best_function": 0, "parameters": [3.077808116663395, 2.9956959911560652, 0.4633106910650362, 1.0, 0.67316278512188021, 0.75450756881718739, 23.037144336526442]}}, "street_tally": [1.0, 0.0, 0.0]}