{"nature_results": {"Traffic Island Link At Junction": {"mae": 4.283654525948954, "mse": 25.490365413865732, "best_function": 1, "parameters": [5.9140620776805219, 3.1909536618100764, 1.8470652901587623, -2.3580530825126842, 2.3516057557512626, 3.5856764611415439, 1.0, 7.544686297760534]}, "Single Carriageway": {"mae": 24.857879576193536, "mse": 699.6863799310604, "best_function": 0, "parameters": [1.0, 1.0, 1.0, 1.0, 1.0, 1.0, 1.0]}, "Dual Carriageway": {"mae": 12.160185826701763, "mse": 202.15348178782071, "best_function": 1, "parameters": [1.6540773029608289, 0.99974575443745928, 1.0142945320593082, 0.23096040238579063, 1.2756845611906487, -0.30968054667451717, 1.0, 19.935606654260766]}}, "street_tally": [1.0, 2.0, 0.0]}