{"nature_results": {"Traffic Island Link At Junction": {"mae": 5.7658191905478144, "mse": 53.088034964207296, "best_function": 2, "parameters": [-2.2986054654984884, 1.1516814966041329, 1.3257735868876825, 1.0, 0.12768249327702941, -1.4885976620705867, 5.1645913473601901, -5.6294938446149265, 8.8863891129627604]}, "Single Carriageway": {"mae": 9.5026346792828598, "mse": 168.99235693158045, "best_function": 1, "parameters": [1.5288939804263193, 0.99756782749882067, 0.99493682876737577, 0.27795445732835367, 1.2610584278726278, 1.0604282185418172, 1.0, 20.920667284182684]}, "Slip Road": {"mae": 6.6507163979805375, "mse": 54.148293656722096, "best_function": 0, "parameters": [2.3462140791129826, 24.261150955496394, -2.9180109497462441, 1.0, -1.0174261078432867, 1.0642851102501678, 15.046437195827799]}, "Traffic Island Link": {"mae": 8.0029908196199369, "mse": 99.737000016519147, "best_function": 1, "parameters": [1.7977923295768892, 0.98927621544466016, 0.98007487689429806, 0.17075962693084967, 1.295825207054752, 3.6387541364748417, 1.0, 18.634648452884441]}}, "street_tally": [1.0, 2.0, 1.0]}