{"nature_results": {"Traffic Island Link At Junction": {"mae": 16.12964954273685, "mse": 337.2176633903693, "best_function": 0, "parameters": [1.0, 1.0, 1.0, 1.0, 1.0, 1.0, 1.0]}, "Single Carriageway": {"mae": 6.0841397632956227, "mse": 66.792694757622542, "best_function": 2, "parameters": [-1.9483299133772007, 0.90172352226572472, 1.2312438979658453, 1.0, -0.071587495137177104, 0.6657758859147731, -1.7294995304564651, 1.8702660115317822, 24.621722373286051]}}, "street_tally": [1.0, 0.0, 1.0]}