{"nature_results": {"Slip Road": {"mae": 4.4749667276569811, "mse": 33.565236875510891, "best_function": 2, "parameters": [51.080332563412483, 27.458276308329918, 1.7944994501947096, 1.0, 0.11958291422672429, -1.2907305682551011, 4.7278252578161695, -6.3464823516442896, 2.8129610974181833]}}, "street_tally": [0.0, 0.0, 1.0]}