{"nature_results": {"Traffic Island Link At Junction": {"mae": 6.341992729942163, "mse": 70.08949418362792, "best_function": 0, "parameters": [1.0, 1.0, 1.0, 1.0, 1.0, 1.0, 1.0]}, "Single Carriageway": {"mae": 17.588401491943824, "mse": 341.52605851527863, "best_function": 0, "parameters": [1.0, 1.0, 1.0, 1.0, 1.0, 1.0, 1.0]}}, "street_tally": [2.0, 0.0, 0.0]}