{"nature_results": {"Single Carriageway": {"mae": 4.9653609510296519, "mse": 42.204324968231319, "best_function": 0, "parameters": [4.7745657028822137, 17.107180121609961, 1.0488667903732152, 1.0, -0.22714719316401411, 0.83153339096849699, 25.571065604560065]}}, "street_tally": [1.0, 0.0, 0.0]}