{"nature_results": {"Dual Carriageway": {"mae": 11.323798757767387, "mse": 180.30192644761178, "best_function": 2, "parameters": [10.447186548831946, 15.399076138918209, 0.57891294330287324, 1.0, 0.03169216888484061, -0.44791755759091223, 2.0440502613081009, -3.7309004955479139, 41.572312960416326]}}, "street_tally": [0.0, 0.0, 1.0]}