{"nature_results": {"Traffic Island Link At Junction": {"mae": 26.814081936452673, "mse": 803.32822854773485, "best_function": 0, "parameters": [1.0, 1.0, 1.0, 1.0, 1.0, 1.0, 1.0]}, "Single Carriageway": {"mae": 5.6186963774056373, "mse": 61.21182942036549, "best_function": 2, "parameters": [-0.97202200972354214, 2.6079037503723379, 0.025868958657100816, 1.0, -0.024110874733119125, 0.10187485797808216, 0.61249816643642285, -2.191843179411737, 29.109834644556365]}, "Slip Road": {"mae": 8.5330400899124008, "mse": 99.616049953235844, "best_function": 0, "parameters": [1.0, 1.0, 1.0, 1.0, 1.0, 1.0, 1.0]}}, "street_tally": [2.0, 0.0, 1.0]}