{"nature_results": {"Dual Carriageway": {"mae": 7.6321755759092138, "mse": 166.51400377163014, "best_function": 1, "parameters": [3.8951083745297304, 0.98433156684859957, 0.99739309191459946, -0.86440473909567062, 1.6797884897126307, -0.15519514249727973, 1.0, 20.943194014973407]}}, "street_tally": [0.0, 1.0, 0.0]}