{"nature_results": {"Traffic Island Link At Junction": {"mae": 11.858130042517178, "mse": 204.90315129348821, "best_function": 0, "parameters": [1.0, 1.0, 1.0, 1.0, 1.0, 1.0, 1.0]}, "Single Carriageway": {"mae": 23.422566007614549, "mse": 599.52279444978615, "best_function": 0, "parameters": [1.0, 1.0, 1.0, 1.0, 1.0, 1.0, 1.0]}, "Dual Carriageway": {"mae": 8.2115832338828358, "mse": 135.30640621914881, "best_function": 2, "parameters": [5.0627815916982399, 4.9129022846552637, 0.29237776674188942, 1.0, -0.014106111261621868, 0.14429907903775296, -0.70505663462071944, 2.1105930533419266, 23.253400546410862]}, "Traffic Island Link": {"mae": 6.0373630707946768, "mse": 70.713605140517785, "best_function": 2, "parameters": [8.8206216233779742, 2.8978482274292165, 1.6194181028622885, 1.0, -0.03285025048524215, 0.44368897744986557, -2.424755917829251, 5.8639009646596776, 25.233797347669885]}}, "street_tally": [2.0, 0.0, 2.0]}