{"nature_results": {"Traffic Island Link At Junction": {"mae": 5.7341238386108513, "mse": 57.991519948892332, "best_function": 0, "parameters": [1.0, 1.0, 1.0, 1.0, 1.0, 1.0, 1.0]}, "Single Carriageway": {"mae": 7.0682540585582991, "mse": 79.432972183940777, "best_function": 1, "parameters": [2.7476345374093447, 0.96501063991054703, 0.98258072990123457, -0.31276785794304485, 1.4772264579927157, 3.6437883307808465, 1.0, 15.862455000886442]}, "Traffic Island Link": {"mae": 7.6716438851061639, "mse": 98.790429184598409, "best_function": 2, "parameters": [8.9394509112936227, 13.703282259055896, 2.9775888312821608, 1.0, -0.078617255829634525, 1.1412023519451719, -6.0835068129305991, 12.257842794022649, 12.774258859043693]}}, "street_tally": [1.0, 1.0, 1.0]}