{"nature_results": {"Single Carriageway": {"mae": 5.7220021827514094, "mse": 62.452104991091389, "best_function": 0, "parameters": [43.162673851835784, 14.995166083936429, -0.66329522415591913, 1.0, 1.1243314864244378, 0.66017812303996548, 21.66965785194099]}, "Traffic Island Link": {"mae": 4.155439762416421, "mse": 40.969488732797018, "best_function": 2, "parameters": [137.168757247831, 40.257150789943275, 0.31474408804809106, 1.0, -0.021851784035676891, 0.44970535803328437, -3.0724838204351617, 7.327635716342809, 19.719770046152718]}}, "street_tally": [1.0, 0.0, 1.0]}