{"nature_results": {"Single Carriageway": {"mae": 3.8401711192789758, "mse": 24.23688811916432, "best_function": 2, "parameters": [2.193904376316802, 0.93840938206715263, -1.3373939018317791, 1.0, -0.12498307724393798, 1.5982112233228807, -6.2453453085965016, 7.3228759835702792, 18.142125945566086]}}, "street_tally": [0.0, 0.0, 1.0]}