{"nature_results": {"Slip Road": {"mae": 9.3918915095266957, "mse": 130.91963089131369, "best_function": 0, "parameters": [1.0, 1.0, 1.0, 1.0, 1.0, 1.0, 1.0]}, "Dual Carriageway": {"mae": 8.5646407312782724, "mse": 105.62599099979928, "best_function": 1, "parameters": [2.8109504723750334, 0.98222142842300897, 0.99587022777077627, -0.34913518084378636, 1.4926841593918443, 0.70690553419050239, 1.0, 20.511565998338174]}, "Roundabout": {"mae": 8.6277675763752679, "mse": 125.81739758854526, "best_function": 0, "parameters": [14.944932043827547, 28.649923303324247, 1.2355123983039986, 1.0, 0.10420946805918618, 0.74306237322880109, 25.242350914126042]}}, "street_tally": [2.0, 1.0, 0.0]}