{"nature_results": {"Traffic Island Link At Junction": {"mae": 5.9373473289665331, "mse": 60.926336541157795, "best_function": 2, "parameters": [-15.919751659158557, 1.4557769825049851, 1.2869518579173391, 1.0, 0.019219642714382146, -0.022974077333413501, -1.2745702584193941, 4.3383104289637098, 16.336565177463836]}, "Single Carriageway": {"mae": 28.154079113237518, "mse": 849.70197984906667, "best_function": 0, "parameters": [1.0, 1.0, 1.0, 1.0, 1.0, 1.0, 1.0]}, "Dual Carriageway": {"mae": 25.086446876620805, "mse": 661.53025973997467, "best_function": 0, "parameters": [1.0, 1.0, 1.0, 1.0, 1.0, 1.0, 1.0]}, "Traffic Island Link": {"mae": 6.7604674751942735, "mse": 74.076281765752313, "best_function": 2, "parameters": [22.678274271362962, 1.7760435611456871, 2.252043403450589, 1.0, -0.020274602186114654, 0.20800416643660602, -0.35752788735607233, -1.5283096717142484, 35.369469196766531]}}, "street_tally": [2.0, 0.0, 2.0]}