{"nature_results": {"Traffic Island Link At Junction": {"mae": 25.562831810350257, "mse": 746.45355473972836, "best_function": 0, "parameters": [1.0, 1.0, 1.0, 1.0, 1.0, 1.0, 1.0]}, "Single Carriageway": {"mae": 4.8909084810485366, "mse": 45.97806000451957, "best_function": 0, "parameters": [5.1758664275735784, 2.0141616358119139, 1.2312553592774544, 1.0, 0.50174182877841933, 0.69755593388662751, 28.972253054539749]}, "Traffic Island Link": {"mae": 29.127672007036161, "mse": 892.79926622808284, "best_function": 0, "parameters": [1.0, 1.0, 1.0, 1.0, 1.0, 1.0, 1.0]}}, "street_tally": [3.0, 0.0, 0.0]}