{"nature_results": {"Single Carriageway": {"mae": 21.078934465175934, "mse": 519.52131284574659, "best_function": 0, "parameters": [1.0, 1.0, 1.0, 1.0, 1.0, 1.0, 1.0]}, "Dual Carriageway": {"mae": 8.1805820535148914, "mse": 112.37588188779479, "best_function": 2, "parameters": [-3.5592634618022778, 3.8202630410559695, 0.52496256972119071, 1.0, 0.017676520424553588, -0.29926896223431765, 1.2323353469106129, -0.76390209505572115, 19.637436394932074]}}, "street_tally": [1.0, 0.0, 1.0]}