{"nature_results": {"Traffic Island Link At Junction": {"mae": 8.4870879524833054, "mse": 104.88291765942871, "best_function": 0, "parameters": [1.0, 1.0, 1.0, 1.0, 1.0, 1.0, 1.0]}, "Single Carriageway": {"mae": 5.4594423773207597, "mse": 53.492138095303453, "best_function": 2, "parameters": [11.090959235876396, 10.29905865266133, 1.4137711483714397, 1.0, -0.086740178200406026, 0.98595245413221799, -3.3222968745886172, 2.5126949394200553, 23.33265848495866]}, "Slip Road": {"mae": 6.5235707784443679, "mse": 60.35006252433309, "best_function": 2, "parameters": [18.788767428811081, 15.193872697510271, 5.5112806924763635, 1.0, 0.054811032197170428, -0.69022107981838121, 2.8270909235573223, -4.9017529645730242, 15.590164885490726]}}, "street_tally": [1.0, 0.0, 2.0]}