{"nature_results": {"Traffic Island Link At Junction": {"mae": 4.2697330694726405, "mse": 61.92013817576548, "best_function": 2, "parameters": [5.3819807855016961, 6.71228261684257, -0.67620001645551686, 1.0, -0.024841421020789456, 0.20292012050939634, -0.64688574889676498, 1.6033678788126102, 20.341789616180282]}, "Single Carriageway": {"mae": 6.5208981671723638, "mse": 62.553916030187715, "best_function": 1, "parameters": [2.307758416551053, 0.9930435813456383, 1.0014198953156292, -0.08314272456527072, 1.3898930719941591, -0.52018482932403254, 1.0, 16.145473339426616]}}, "street_tally": [0.0, 1.0, 1.0]}