{"nature_results": {"Traffic Island Link At Junction": {"mae": 7.8341531054233791, "mse": 96.81550232228723, "best_function": 0, "parameters": [-0.95862607326844618, 4.0227776886944131, -1.7354546911335844, 1.0, 1.7459851557066024, 0.33188278327153231, 20.800026976359145]}, "Single Carriageway": {"mae": 4.8931162952025087, "mse": 42.69018748578852, "best_function": 2, "parameters": [4.1848924117683719, 6.9852796998533329, -1.0552296401954786, 1.0, -0.004575472549686932, 0.065959082668535229, -0.61862709840066099, 2.6313836804904662, 20.35139348839872]}, "Dual Carriageway": {"mae": 11.49416765351169, "mse": 185.52175948001795, "best_function": 0, "parameters": [1.0, 1.0, 1.0, 1.0, 1.0, 1.0, 1.0]}, "Slip Road": {"mae": 15.850193710967618, "mse": 336.74389711235517, "best_function": 0, "parameters": [1.0, 1.0, 1.0, 1.0, 1.0, 1.0, 1.0]}}, "street_tally": [3.0, 0.0, 1.0]}