{"nature_results": {"Single Carriageway": {"mae": 5.3829943069472828, "mse": 51.697618523099166, "best_function": 2, "parameters": [0.41764531303122909, 2.5332550961885376, 1.1965521243904262, 1.0, 0.050957029402020404, -0.62528547299732296, 2.1294602435039227, -1.4818565842630633, 22.368906390325819]}, "Slip Road": {"mae": 12.138929945628737, "mse": 259.86125620476997, "best_function": 2, "parameters": [38.68812528006282, 17.657342638308453, -3.9392648506935553, 1.0, 0.17081382903247011, -1.6910984757419025, 3.3189498045237156, 4.8765303906494459, 20.093956410989975]}}, "street_tally": [0.0, 0.0, 2.0]}