{"nature_results": {"Traffic Island Link At Junction": {"mae": 17.281510250349562, "mse": 340.70565191499696, "best_function": 1, "parameters": [4.0096191735169207, 1.0640343599912983, 1.0578935106217935, -1.2066720607603898, 1.862297805923935, -1.8846012801769643, 1.0, 12.388825274046258]}, "Single Carriageway": {"mae": 19.288844486037355, "mse": 434.69256894828038, "best_function": 0, "parameters": [1.0, 1.0, 1.0, 1.0, 1.0, 1.0, 1.0]}}, "street_tally": [1.0, 1.0, 0.0]}