{"nature_results": {"Traffic Island Link At Junction": {"mae": 9.3981001936705457, "mse": 148.46103055698779, "best_function": 2, "parameters": [53.427350191881118, 41.479997430675887, 1.9416997606010722, 1.0, -0.02868936572983305, 0.27927216251536735, -1.7025103066257921, 6.3617421144074768, 19.558142130207983]}, "Single Carriageway": {"mae": 5.7384545639139057, "mse": 61.517342820404572, "best_function": 1, "parameters": [-0.011031820336490084, 1.0300113270712885, 1.0198446869965383, 1.0226547869252363, 0.98820224646092292, 0.36178875933306887, 1.0, 31.201485592379147]}, "Slip Road": {"mae": 4.0927932954496331, "mse": 25.35975315681284, "best_function": 2, "parameters": [166.9513564716529, 75.529875577290071, 1.0772712709488341, 1.0, 0.061817161560190126, -0.60961684348167045, 1.8271091300638849, -1.8124227052406163, 23.293974622324225]}, "Dual Carriageway": {"mae": 165.09244930811215, "mse": 121411.60023044911, "best_function": 1, "parameters": [1.0, 1.0, 1.0, 1.0, 1.0, 1.0, 1.0, 1.0]}, "Traffic Island Link": {"mae": 36.937907347018466, "mse": 3540.3990132957465, "best_function": 1, "parameters": [0.65055041240428269, 1.0637831932649648, 1.0451656237362954, 0.6957500402510608, 1.1095197176292655, -0.87515462649999032, 1.0, 32.14018361538357]}}, "street_tally": [0.0, 3.0, 2.0]}