{"nature_results": {"Single Carriageway": {"mae": 17.72133445451615, "mse": 376.60949325828375, "best_function": 0, "parameters": [1.0, 1.0, 1.0, 1.0, 1.0, 1.0, 1.0]}}, "street_tally": [1.0, 0.0, 0.0]}