{"nature_results": {"Traffic Island Link At Junction": {"mae": 6.8604594144406565, "mse": 95.743559843357403, "best_function": 2, "parameters": [32.68858534257599, 29.360149455787703, -0.84621140911961246, 1.0, -0.19145915716240824, 2.2394115327396529, -7.8094724596726799, 8.0009944784602922, 9.9957395393890831]}, "Single Carriageway": {"mae": 17.251875105001712, "mse": 337.26844706508064, "best_function": 0, "parameters": [1.0, 1.0, 1.0, 1.0, 1.0, 1.0, 1.0]}}, "street_tally": [1.0, 0.0, 1.0]}