{"nature_results": {"Single Carriageway": {"mae": 4.7373542408500962, "mse": 49.836304778992456, "best_function": 2, "parameters": [-3.6717275529378943, 1.7196544952227373, -2.2255921540700738, 1.0, 0.0099679818019307032, -0.050749313216470471, -0.55820162892311909, 2.4689708826332994, 38.748637451774243]}, "Dual Carriageway": {"mae": 41.381969829610803, "mse": 1750.5481722309587, "best_function": 0, "parameters": [1.0, 1.0, 1.0, 1.0, 1.0, 1.0, 1.0]}, "Slip Road": {"mae": 25.741584519995808, "mse": 845.04700144729134, "best_function": 0, "parameters": [1.0, 1.0, 1.0, 1.0, 1.0, 1.0, 1.0]}}, "street_tally": [2.0, 0.0, 1.0]}