{"nature_results": {"Single Carriageway": {"mae": 4.5845136262716961, "mse": 40.641315895875643, "best_function": 2, "parameters": [6.0845179285615698, 0.54948469386987264, 1.7896364859791083, 1.0, -0.009150073982079121, 0.038408943090833536, -0.099716989868499972, 1.1644012475225554, 26.388679503713426]}}, "street_tally": [0.0, 0.0, 1.0]}