{"nature_results": {"Single Carriageway": {"mae": 13.115183976276771, "mse": 220.10925729147016, "best_function": 0, "parameters": [1.0, 1.0, 1.0, 1.0, 1.0, 1.0, 1.0]}, "Slip Road": {"mae": 31.549209698913216, "mse": 1661.7209600937701, "best_function": 1, "parameters": [-0.11219555258979819, 1.03231117956777, 1.0212523489522503, 0.99743986360924475, 1.011388386853673, 0.17546727082691882, 1.0, 20.621429620815171]}}, "street_tally": [1.0, 1.0, 0.0]}