{"nature_results": {"Single Carriageway": {"mae": 8.4387410940793526, "mse": 122.57849690608774, "best_function": 1, "parameters": [2.1806029414691164, 1.1459717975093264, 1.0759928839788366, -0.10099188641187107, 1.4126767414078958, -0.48853840377876412, 1.0, 5.2655979738996388]}}, "street_tally": [0.0, 1.0, 0.0]}