{"nature_results": {"Single Carriageway": {"mae": 4.7187373365336995, "mse": 41.647660719782166, "best_function": 2, "parameters": [12.169491863914656, 5.8969980202835135, 1.1497893240216608, 1.0, -0.042068617613759463, 0.49907359449768718, -2.1829167825569611, 3.6548396713652345, 20.50180263638396]}, "Dual Carriageway": {"mae": 9.654123567844902, "mse": 192.54348779349249, "best_function": 2, "parameters": [10.644682242875703, 11.700046724774051, 1.8270605060077223, 1.0, -0.15083208901554568, 2.3775006277734452, -11.754967955247498, 18.623841661215749, 54.371473119666263]}, "Slip Road": {"mae": 11.596807721313423, "mse": 171.2020728834481, "best_function": 0, "parameters": [1.0, 1.0, 1.0, 1.0, 1.0, 1.0, 1.0]}}, "street_tally": [1.0, 0.0, 2.0]}