{"nature_results": {"Traffic Island Link At Junction": {"mae": 7.9669647846963647, "mse": 97.157813410349803, "best_function": 1, "parameters": [3.2083681565746405, 0.89759629030026855, 0.95167696076567598, -0.58444749758065573, 1.5867526999090393, -1.6287750539429107, 1.0, 23.588471537567795]}, "Single Carriageway": {"mae": 4.5393892385272965, "mse": 38.1578766651105, "best_function": 1, "parameters": [2.1640296966864581, 1.1243910041177483, 1.0852901763498648, -0.061491301144563248, 1.3921467100949585, -1.1722297037283562, 1.0, 26.211041730096731]}, "Slip Road": {"mae": 8.3417317790441832, "mse": 100.6776217460994, "best_function": 1, "parameters": [2.6213626782758013, 0.85892322943144328, 0.89160329357122325, -0.25685107186938039, 1.4576442288455878, -1.8234372088715163, 1.0, 20.148600568296335]}, "Dual Carriageway": {"mae": 13.721717917810556, "mse": 260.51613873939255, "best_function": 0, "parameters": [1.0, 1.0, 1.0, 1.0, 1.0, 1.0, 1.0]}, "Traffic Island Link": {"mae": 4.333263682462781, "mse": 32.702550253131953, "best_function": 1, "parameters": [2.0703202883510872, 1.1165963486532406, 1.0928704144571337, -0.019256807519113517, 1.3772185869784834, -1.1814321234379124, 1.0, 28.865152257028576]}}, "street_tally": [1.0, 4.0, 0.0]}