{"nature_results": {"Traffic Island Link At Junction": {"mae": 11.870271068389432, "mse": 199.34900544301343, "best_function": 0, "parameters": [8.2073426754394401, 1.0101745305898004, -2.0408727339019626, 1.0, 0.37601773396696592, 0.83495192577638344, 22.600516484846377]}, "Single Carriageway": {"mae": 5.6896415865805174, "mse": 62.767741207226258, "best_function": 2, "parameters": [7.0976050805166295, 3.1170245230016618, -0.7945054886637859, 1.0, 0.031740563024184265, -0.57945199756226207, 2.8085801285240843, -3.0920819758745779, 24.142811706483243]}, "Slip Road": {"avg_speed": {"mae": 5.6896415865805174, "mse": 62.767741207226258, "best_function": 2, "parameters": [7.0976050805166295, 3.1170245230016618, -0.7945054886637859, 1.0, 0.031740563024184265, -0.57945199756226207, 2.8085801285240843, -3.0920819758745779, 24.142811706483243]}}}, "street_tally": [1.0, 0.0, 1.0]}