{"nature_results": {"Single Carriageway": {"mae": 5.6977902577184123, "mse": 55.171024867532708, "best_function": 2, "parameters": [1.4187068127104341, 4.8542001125083587, -2.0492473199145231, 1.0, 0.019243792428247364, -0.49308386176307084, 2.4521887819388422, -1.9689565042975943, 33.415332652185548]}}, "street_tally": [0.0, 0.0, 1.0]}