{"nature_results": {"Single Carriageway": {"mae": 8.3598695358119617, "mse": 109.99781679278388, "best_function": 2, "parameters": [1.1552479144831371, 1.9108565475314723, -2.5423485967881985, 1.0, 0.034514802017628798, -0.39482437557993588, 1.0196859060767218, -0.38424011415370685, 31.218709910960804]}}, "street_tally": [0.0, 0.0, 1.0]}