{"nature_results": {"Single Carriageway": {"mae": 20.024558359017217, "mse": 465.24598470869716, "best_function": 0, "parameters": [1.0, 1.0, 1.0, 1.0, 1.0, 1.0, 1.0]}}, "street_tally": [1.0, 0.0, 0.0]}