{"nature_results": {"Slip Road": {"mae": 29.260610119848067, "mse": 952.67432179923651, "best_function": 0, "parameters": [1.0, 1.0, 1.0, 1.0, 1.0, 1.0, 1.0]}, "Dual Carriageway": {"mae": 5.2644582968367404, "mse": 58.675803464686169, "best_function": 2, "parameters": [1.4879799586211855, 4.8080578419654314, -1.724692244839471, 1.0, -0.070735522590915645, 0.70285310774925769, -2.0214803685034517, 1.7432759865706686, 52.760320714828488]}}, "street_tally": [1.0, 0.0, 1.0]}