{"nature_results": {"Traffic Island Link At Junction": {"mae": 13.392202471139134, "mse": 234.99164173506645, "best_function": 0, "parameters": [1.0, 1.0, 1.0, 1.0, 1.0, 1.0, 1.0]}, "Single Carriageway": {"mae": 31.055874232303399, "mse": 1107.7900896576066, "best_function": 0, "parameters": [1.0, 1.0, 1.0, 1.0, 1.0, 1.0, 1.0]}, "Slip Road": {"mae": 13.150213275158313, "mse": 304.82168223603787, "best_function": 1, "parameters": [1.4755857874874252, 0.9760158484565733, 0.98328206655080963, 0.23971214213260239, 1.2871399638745693, 0.42995164961872823, 1.0, 35.023894037445849]}}, "street_tally": [2.0, 1.0, 0.0]}