{"nature_results": {"Single Carriageway": {"mae": 72.338240073278527, "mse": 7211.0755756569479, "best_function": 1, "parameters": [0.62911897516603621, 1.1418748942602832, 1.1274081575529304, 0.71366071874569337, 1.1025564727997459, 0.17709635848047223, 1.0, 26.177762311842081]}}, "street_tally": [0.0, 1.0, 0.0]}