{"nature_results": {"Traffic Island Link At Junction": {"mae": 12.918026506668506, "mse": 194.52600938901557, "best_function": 0, "parameters": [1.0, 1.0, 1.0, 1.0, 1.0, 1.0, 1.0]}, "Single Carriageway": {"mae": 18.191884326756323, "mse": 489.81148651085829, "best_function": 0, "parameters": [1.0, 1.0, 1.0, 1.0, 1.0, 1.0, 1.0]}, "Dual Carriageway": {"mae": 15.478849292064499, "mse": 323.1134319013147, "best_function": 0, "parameters": [1.0, 1.0, 1.0, 1.0, 1.0, 1.0, 1.0]}}, "street_tally": [3.0, 0.0, 0.0]}