{"nature_results": {"Traffic Island Link At Junction": {"mae": 15.854370408883119, "mse": 366.08285954614405, "best_function": 0, "parameters": [1.0, 1.0, 1.0, 1.0, 1.0, 1.0, 1.0]}, "Single Carriageway": {"mae": 6.3528689375939349, "mse": 74.717305346329752, "best_function": 2, "parameters": [-0.4197852468788863, 1.3859765362154695, -0.026753700002737135, 1.0, -0.13269694001008547, 1.4793124777641635, -5.375613147924188, 7.4192450902332894, 27.155524564912064]}, "Dual Carriageway": {"mae": 26.123031100868833, "mse": 745.33105077950995, "best_function": 0, "parameters": [1.0, 1.0, 1.0, 1.0, 1.0, 1.0, 1.0]}}, "street_tally": [2.0, 0.0, 1.0]}