{"nature_results": {"Traffic Island Link At Junction": {"mae": 9.4349047201739271, "mse": 127.26213686893355, "best_function": 2, "parameters": [1.4002005059450495, 3.6339842010979804, 1.9154486483983333, 1.0, -0.15903008510940442, 1.8688672783954208, -6.6417688097595233, 6.4870332340393961, 25.619610795230532]}, "Single Carriageway": {"mae": 23.72295568807116, "mse": 623.18405269279788, "best_function": 0, "parameters": [1.0, 1.0, 1.0, 1.0, 1.0, 1.0, 1.0]}, "Roundabout": {"mae": 12.684660142846571, "mse": 297.27710445169862, "best_function": 1, "parameters": [2.5032775338310671, 0.98437600432275862, 0.92982616918085981, -0.23515585863884048, 1.4572088453945242, -2.2359156823128918, 1.0, 25.982411703363965]}, "Dual Carriageway": {"mae": 12.554121294666832, "mse": 222.87458256739589, "best_function": 0, "parameters": [1.0, 1.0, 1.0, 1.0, 1.0, 1.0, 1.0]}, "Traffic Island Link": {"mae": 26.318757580963076, "mse": 771.31318174201499, "best_function": 0, "parameters": [1.0, 1.0, 1.0, 1.0, 1.0, 1.0, 1.0]}}, "street_tally": [3.0, 1.0, 1.0]}