{"nature_results": {"Traffic Island Link At Junction": {"mae": 6.462902270423406, "mse": 81.209035044881915, "best_function": 1, "parameters": [1.7160105900936531, 1.0007068559865262, 1.006174261244837, 0.18999828354674542, 1.2931001559630371, 0.81659157932633464, 1.0, 16.074183417227182]}, "Single Carriageway": {"mae": 23.510156144426617, "mse": 604.04451968106684, "best_function": 0, "parameters": [1.0, 1.0, 1.0, 1.0, 1.0, 1.0, 1.0]}}, "street_tally": [1.0, 1.0, 0.0]}