{"nature_results": {"Traffic Island Link At Junction": {"mae": 5.5597321086103388, "mse": 51.809852399967113, "best_function": 1, "parameters": [2.2493318903643322, 1.0772124769592348, 1.047968055681834, -0.14314673761674213, 1.4272580657293095, -1.3572712771004798, 1.0, 19.904991261488171]}, "Single Carriageway": {"mae": 5.5307724098995328, "mse": 53.165578151311955, "best_function": 1, "parameters": [3.1786499305021731, 0.98498808695774298, 0.97411488654048217, -0.55992884174376778, 1.5751109724787278, 0.88885268622113556, 1.0, 18.704081312002767]}, "Slip Road": {"mae": 12.839318671009082, "mse": 235.09131044207157, "best_function": 0, "parameters": [1.0, 1.0, 1.0, 1.0, 1.0, 1.0, 1.0]}, "Traffic Island Link": {"mae": 10.176023031810638, "mse": 168.1008335825276, "best_function": 2, "parameters": [17.09998402621131, 5.157453518647972, -0.1502253107488456, 1.0, 0.013696649745168599, -0.24617590714883519, 0.98566836856354978, -0.69293262988436366, 27.844252251291007]}}, "street_tally": [1.0, 2.0, 1.0]}