{"nature_results": {"Single Carriageway": {"mae": 7.3987595717772576, "mse": 71.80379632090137, "best_function": 1, "parameters": [3.6049325070019886, 0.73301055321886421, 0.36502227436816259, -0.95448539484800188, 1.7444978469346566, -3.3870020549340296, 1.0, 12.02869599796184]}}, "street_tally": [0.0, 1.0, 0.0]}