{"nature_results": {"Dual Carriageway": {"mae": 216.90145011998047, "mse": 178520.01763930236, "best_function": 1, "parameters": [1.0, 1.0, 1.0, 1.0, 1.0, 1.0, 1.0, 1.0]}}, "street_tally": [0.0, 1.0, 0.0]}