{"nature_results": {"Traffic Island Link At Junction": {"mae": 1064.1701034911966, "mse": 195513004.3790918, "best_function": 1, "parameters": [0.57534136001307901, 1.0423698222965572, 0.968056383562241, 0.67111848147842479, 1.1297547678416404, 3.1897802507490431, 1.0, 26.014743006860481]}, "Single Carriageway": {"mae": 35.807606022475234, "mse": 1354.2927701541321, "best_function": 0, "parameters": [1.0, 1.0, 1.0, 1.0, 1.0, 1.0, 1.0]}, "Dual Carriageway": {"mae": 35.917164553154791, "mse": 1418.6269745931274, "best_function": 0, "parameters": [1.0, 1.0, 1.0, 1.0, 1.0, 1.0, 1.0]}}, "street_tally": [2.0, 1.0, 0.0]}