{"nature_results": {"Roundabout": {"mae": 21.113276035440428, "mse": 500.58277453126721, "best_function": 0, "parameters": [1.0, 1.0, 1.0, 1.0, 1.0, 1.0, 1.0]}}, "street_tally": [1.0, 0.0, 0.0]}