{"nature_results": {"Traffic Island Link At Junction": {"mae": 71.586594336355986, "mse": 16807.029844019144, "best_function": 1, "parameters": [-0.43528802387814247, 1.6531515858982406, 1.3262628426683309, 1.2273442278701063, 0.91411651162209495, -0.76322664532689788, 1.0, 14.331172367218597]}, "Single Carriageway": {"mae": 9.2689115944280367, "mse": 166.72439505146357, "best_function": 0, "parameters": [1.0, 1.0, 1.0, 1.0, 1.0, 1.0, 1.0]}}, "street_tally": [1.0, 1.0, 0.0]}