{"nature_results": {"Single Carriageway": {"mae": 11.469579400988806, "mse": 979.43820162908628, "best_function": 0, "parameters": [17.84313596464585, 19.049317263934668, -1.249290734690407, 1.0, 1.5526568173972537, 0.0036328538777783415, 19.300587994354739]}, "Traffic Island Link": {"mae": 12.320266784502572, "mse": 281.11508606967618, "best_function": 2, "parameters": [-3.7555117329329866, 5.9421250957443101, 0.94284574467115201, 1.0, -0.16573484002998118, 1.9455182991331099, -6.9426576879016864, 7.7852660690671351, 14.511921956917904]}}, "street_tally": [1.0, 0.0, 1.0]}