{"nature_results": {"Single Carriageway": {"mae": 17.494479803660205, "mse": 394.30738786547613, "best_function": 0, "parameters": [1.0, 1.0, 1.0, 1.0, 1.0, 1.0, 1.0]}, "Traffic Island Link": {"mae": 11.864334903984721, "mse": 196.10425218299045, "best_function": 0, "parameters": [1.0, 1.0, 1.0, 1.0, 1.0, 1.0, 1.0]}}, "street_tally": [2.0, 0.0, 0.0]}