{"nature_results": {"Single Carriageway": {"mae": 348.32910103862531, "mse": 5768557.112359101, "best_function": 1, "parameters": [-0.086578816234345046, 1.0820293499134197, 1.0727302403906434, 1.0367526854765667, 0.98779436093145123, -3.0829332514327925, 1.0, 31.954523645790328]}, "Traffic Island Link": {"mae": 14.602393486359894, "mse": 275.83916824008384, "best_function": 0, "parameters": [1.0, 1.0, 1.0, 1.0, 1.0, 1.0, 1.0]}}, "street_tally": [1.0, 1.0, 0.0]}