{"nature_results": {"Traffic Island Link At Junction": {"mae": 17.353281301150101, "mse": 314.02715904764881, "best_function": 0, "parameters": [1.0, 1.0, 1.0, 1.0, 1.0, 1.0, 1.0]}, "Single Carriageway": {"mae": 19.109989564057162, "mse": 402.10592530340483, "best_function": 0, "parameters": [1.0, 1.0, 1.0, 1.0, 1.0, 1.0, 1.0]}}, "street_tally": [2.0, 0.0, 0.0]}