{"nature_results": {"Traffic Island Link At Junction": {"mae": 7.8905345724669553, "mse": 84.175246067315939, "best_function": 1, "parameters": [4.4731094498994697, 0.89550330357360741, 0.93028518527917414, -1.1548722859753586, 1.7876405844109122, 0.30887921334371782, 1.0, 10.329677681387539]}, "Single Carriageway": {"mae": 4.8395766681733923, "mse": 45.168314854221478, "best_function": 2, "parameters": [-4.9626334507397871, 7.8265445829837406, -0.056505886310669107, 1.0, 0.2707020753575845, -3.446349561123756, 13.43987465243279, -15.154869233146005, 23.19243681133441]}}, "street_tally": [0.0, 1.0, 1.0]}