{"nature_results": {"Traffic Island Link At Junction": {"mae": 9.4804107169483807, "mse": 127.30578066917681, "best_function": 2, "parameters": [4.2615082619817368, 1.6441557400993854, -0.39397756409951401, 1.0, -0.026551839488305307, 0.14565880236823803, -0.090214597808261576, 0.24045822901076563, 25.003377222227403]}, "Single Carriageway": {"mae": 24.212279319650602, "mse": 629.7932139054675, "best_function": 0, "parameters": [1.0, 1.0, 1.0, 1.0, 1.0, 1.0, 1.0]}}, "street_tally": [1.0, 0.0, 1.0]}