{"nature_results": {"Slip Road": {"mae": 7.6191298043457838, "mse": 101.63905213722572, "best_function": 0, "parameters": [-2.7431072293895205, 0.99753868553355352, -1.8190198335977938, 1.0, 0.62580955574390551, 0.4747474120249896, 31.815097651889641]}, "Dual Carriageway": {"mae": 5.4063786698941332, "mse": 61.857348689748392, "best_function": 2, "parameters": [-0.074629744974643808, 1.4414712455964391, -1.5910600185281027, 1.0, -0.029100704849920334, 0.26198254020443457, -0.84503691266926539, 1.4477099850879664, 38.866079616163411]}}, "street_tally": [1.0, 0.0, 1.0]}