{"nature_results": {"Traffic Island Link At Junction": {"mae": 7.200233401497897, "mse": 88.707924812405253, "best_function": 2, "parameters": [2.1673692191526772, 2.8317974777215049, 0.47019820338466889, 1.0, -0.10996743161763733, 1.2843274550883637, -4.883416318492265, 6.4612610365355678, 24.715885539470474]}, "Single Carriageway": {"mae": 6.3890625124885529, "mse": 62.465696652761338, "best_function": 2, "parameters": [-1.8686189501426096, 0.38501432963403159, -1.0809374024109442, 1.0, -0.10347046296304629, 1.2322624216350737, -4.7022978118649501, 5.7688192704881542, 29.971226238873726]}, "Dual Carriageway": {"mae": 12.172538696430909, "mse": 2695.352314408402, "best_function": 0, "parameters": [2.8775055077688112, 8.0277147888017897, -0.41822061299281543, 1.0, 2.0876527624919738, 0.17938662421466545, 25.061538897360304]}}, "street_tally": [1.0, 0.0, 2.0]}