{"nature_results": {"Slip Road": {"mae": 5.1347104921510303, "mse": 62.753623287156664, "best_function": 2, "parameters": [30.733513612857589, 29.504664619160291, -2.0943055873939334, 1.0, -0.040982442258015173, 0.31837949312130409, -0.84596690101179717, 2.103941128509411, 31.226949634482775]}}, "street_tally": [0.0, 0.0, 1.0]}