{"nature_results": {"Single Carriageway": {"mae": 6.0761361137129741, "mse": 63.904650118081449, "best_function": 2, "parameters": [-0.90453056509442931, 1.7834040290335884, -0.70353410238297309, 1.0, -0.035526427140502026, 0.40077108627752711, -1.5785309073582239, 2.8898376593001496, 22.787115355141026]}, "Dual Carriageway": {"mae": 8.3330877962345635, "mse": 127.08815852745049, "best_function": 1, "parameters": [0.05056984884896143, 0.99549000760741924, 0.99670337682793553, 0.97292516733642997, 1.0108917527732395, 1.1928546058993574, 1.0, 24.971436335313474]}, "Slip Road": {"mae": 5.7967225464464507, "mse": 51.672147067254912, "best_function": 2, "parameters": [0.61856520553895566, 3.0535470425718931, 0.21059999608819746, 1.0, 0.051203756577552384, -0.77516315992606311, 3.7235510075896117, -5.812283894769589, 15.47778014343311]}}, "street_tally": [0.0, 1.0, 2.0]}