{"nature_results": {"Single Carriageway": {"mae": 5.8180293094857971, "mse": 66.478913595588551, "best_function": 2, "parameters": [2.2609604133746397, 2.4267552460645185, -0.42544021667213516, 1.0, -0.31306980738107981, 3.890923669145943, -14.831493321168013, 16.646260933022315, 29.852052217623875]}, "Roundabout": {"mae": 24.891807766658058, "mse": 989.97406646945285, "best_function": 0, "parameters": [1.0, 1.0, 1.0, 1.0, 1.0, 1.0, 1.0]}, "Slip Road": {"mae": 6.301123888223561, "mse": 61.601514081152487, "best_function": 2, "parameters": [7.2021408472266026, 0.69072659778235335, -6.888916028509116, 1.0, -0.48316086340142039, 5.9683689657752881, -23.331305625556343, 30.804079252594338, 15.58948566027831]}}, "street_tally": [1.0, 0.0, 2.0]}