{"nature_results": {"Single Carriageway": {"mae": 3.9652047072058751, "mse": 21.564813576592453, "best_function": 1, "parameters": [2.3241415081183732, -13.197590277637151, -3.4008740992537199, -0.1208023965729057, 1.4096504551402544, 1.7258554074283492, 1.0, 11.820318098219326]}}, "street_tally": [0.0, 1.0, 0.0]}