{"nature_results": {"Traffic Island Link At Junction": {"mae": 6.6386404957808622, "mse": 76.683675795526071, "best_function": 2, "parameters": [1.9725085050752571, 8.3824958046937876, 4.3110580745187139, 1.0, -0.11644267706796008, 1.0609735420618636, -1.4606032679280445, -4.8414443488124252, 13.615192443729962]}, "Single Carriageway": {"mae": 7.5686536314109691, "mse": 83.899801706456387, "best_function": 2, "parameters": [286.90652220657239, 119.33314672942058, 8.1276554018025227, 1.0, -0.062109917476594001, 0.67194727244938035, -1.4520514813968783, -1.5469787567579898, 17.503931111096772]}}, "street_tally": [0.0, 0.0, 2.0]}