{"nature_results": {"Traffic Island Link At Junction": {"mae": 13.754980630273783, "mse": 264.65821125911816, "best_function": 1, "parameters": [6.1248172615893575, 4.0326525133559556, 2.0609556974875396, -2.1285582805078156, 2.1788272904509203, -5.7649567448910632, 1.0, 11.919928288379671]}, "Single Carriageway": {"mae": 8.8738157842899188, "mse": 115.2331943572237, "best_function": 2, "parameters": [-1.1770158940880564, 1.1287002149018064, -0.19313272382910873, 1.0, 0.012562172186432852, -0.23040933005437392, 1.2315343812828385, -1.2667945608668192, 18.069712545652578]}, "Slip Road": {"avg_speed": {"mae": 8.8738157842899188, "mse": 115.2331943572237, "best_function": 2, "parameters": [-1.1770158940880564, 1.1287002149018064, -0.19313272382910873, 1.0, 0.012562172186432852, -0.23040933005437392, 1.2315343812828385, -1.2667945608668192, 18.069712545652578]}}}, "street_tally": [0.0, 1.0, 1.0]}