{"nature_results": {"Single Carriageway": {"mae": 1.9732048842775063, "mse": 8.1360417107679375, "best_function": 2, "parameters": [-1.8992009214871408, 0.17700160758703998, 0.28129432303516444, 1.0, 0.024226030846977609, -0.30421860039683768, 0.96882911166718044, -0.15123852479410727, 19.168375295909804]}, "Slip Road": {"mae": 4.3632261693149355, "mse": 37.988408196035131, "best_function": 2, "parameters": [-1.7802701404532408, 0.82359106188432785, 0.3625739057347509, 1.0, -0.011581594616946411, 0.11898541384632189, -0.52059680093376404, 1.5264236454919056, 19.182518707870475]}}, "street_tally": [0.0, 0.0, 2.0]}