{"nature_results": {"Slip Road": {"mae": 3.9303477380606187, "mse": 24.534053916324108, "best_function": 0, "parameters": [44.962207520952859, 24.811194463245474, -0.91658251001559932, 1.0, -0.17589975644007994, 1.0651270064996214, 7.7559744424603858]}}, "street_tally": [1.0, 0.0, 0.0]}