{"nature_results": {"Single Carriageway": {"mae": 16.274703364172307, "mse": 302.37087313316727, "best_function": 0, "parameters": [1.0, 1.0, 1.0, 1.0, 1.0, 1.0, 1.0]}}, "street_tally": [1.0, 0.0, 0.0]}