{"nature_results": {"Single Carriageway": {"mae": 5.2151657460774032, "mse": 51.645910419523325, "best_function": 2, "parameters": [0.10183726919244718, 0.70001233687781828, 0.68817956906394606, 1.0, -0.12665386214807195, 1.3741395381601222, -4.7844768998377871, 6.5466325815563966, 25.504706682780387]}, "Dual Carriageway": {"mae": 7.8746482503405, "mse": 106.72261736488502, "best_function": 2, "parameters": [-6.6483782250887176, 2.0546665969637559, 0.42260422579635815, 1.0, -0.13966974184220193, 1.5074534505829482, -4.8798337393739795, 4.88600777744516, 21.671922518618739]}}, "street_tally": [0.0, 0.0, 2.0]}