{"nature_results": {"Traffic Island Link At Junction": {"mae": 19.051707992686797, "mse": 407.98855828058441, "best_function": 0, "parameters": [1.0, 1.0, 1.0, 1.0, 1.0, 1.0, 1.0]}, "Single Carriageway": {"mae": 23.964280799510572, "mse": 692.01200891528879, "best_function": 0, "parameters": [1.0, 1.0, 1.0, 1.0, 1.0, 1.0, 1.0]}, "Dual Carriageway": {"mae": 4.2298835157747305, "mse": 27.584537909343897, "best_function": 2, "parameters": [4.9464971779320832, 8.9172606847099942, -0.31216817356423809, 1.0, 0.048183938572992302, -0.60745901922582357, 2.2078793406977342, -1.6238301373981376, 31.717330273800471]}, "Traffic Island Link": {"mae": 31.688055749100108, "mse": 1057.8116273722039, "best_function": 0, "parameters": [1.0, 1.0, 1.0, 1.0, 1.0, 1.0, 1.0]}}, "street_tally": [3.0, 0.0, 1.0]}