{"nature_results": {"Traffic Island Link At Junction": {"mae": 16.285666714597159, "mse": 342.64251661512054, "best_function": 0, "parameters": [1.0, 1.0, 1.0, 1.0, 1.0, 1.0, 1.0]}, "Single Carriageway": {"mae": 5.9156453123041208, "mse": 65.530666708728091, "best_function": 2, "parameters": [-0.79233984129554491, 2.5960933496806531, 1.9954618305775889, 1.0, -0.036103516985791284, 0.31639132899774314, -0.96372948197360397, 2.2043507028353955, 20.469212263293215]}, "Traffic Island Link": {"mae": 7.4560022627888047, "mse": 94.535080242473867, "best_function": 1, "parameters": [-0.0027002307116827939, 0.99913720620258184, 0.98602532559050471, 1.0374317330531846, 0.97952853331791967, -0.46142175299360022, 1.0, 19.75904402872909]}}, "street_tally": [1.0, 1.0, 1.0]}