{"nature_results": {"Single Carriageway": {"mae": 6.5155468731847224, "mse": 80.390410425279498, "best_function": 0, "parameters": [-4.3686176978494373, 1.0796132862776742, 0.16633053254078989, 1.0, 1.6136778953600091, 0.2080725672683813, 28.483377668269718]}, "Dual Carriageway": {"mae": 7.760014959626198, "mse": 130.73224747191887, "best_function": 1, "parameters": [1.4498353514982236, 0.83008144539020456, 0.88956836618873891, 0.33091289000456714, 1.2395564896708513, 0.61253676880062602, 1.0, 27.490831399777818]}}, "street_tally": [1.0, 1.0, 0.0]}