{"nature_results": {"Traffic Island Link At Junction": {"mae": 5.9942995446121969, "mse": 53.076089231213651, "best_function": 1, "parameters": [1.850031871173295, 1.0004227360697118, 1.0097958078093012, 0.11992283176938778, 1.3194447468563335, 2.9911910082507509, 1.0, 30.392695174204988]}, "Single Carriageway": {"mae": 9.6639335488389033, "mse": 137.4112732384165, "best_function": 1, "parameters": [1.7051041668986411, 0.95325439369282128, 0.96298346901376319, 0.19333922329451703, 1.2915878229784701, 1.1732306900975338, 1.0, 25.426015190529029]}}, "street_tally": [0.0, 2.0, 0.0]}