{"nature_results": {"Dual Carriageway": {"mae": 22.774077316081989, "mse": 625.72482062843255, "best_function": 0, "parameters": [1.0, 1.0, 1.0, 1.0, 1.0, 1.0, 1.0]}}, "street_tally": [1.0, 0.0, 0.0]}