{"nature_results": {"Traffic Island Link At Junction": {"mae": 11.362389715990576, "mse": 181.85242525040528, "best_function": 0, "parameters": [1.0, 1.0, 1.0, 1.0, 1.0, 1.0, 1.0]}, "Single Carriageway": {"mae": 6.1661352925466248, "mse": 67.77919305802952, "best_function": 2, "parameters": [0.10603505130537816, 0.8693238080394482, -1.7152009068720431, 1.0, -0.068899507387168102, 1.0539017670646291, -5.7619841412873081, 11.748604885355643, 29.431837077178216]}, "Slip Road": {"mae": 6.6049274679942931, "mse": 50.059694129136012, "best_function": 0, "parameters": [1.0, 1.0, 1.0, 1.0, 1.0, 1.0, 1.0]}}, "street_tally": [2.0, 0.0, 1.0]}