{"nature_results": {"Traffic Island Link At Junction": {"mae": 9.9328122518367792, "mse": 287.65078531433164, "best_function": 2, "parameters": [0.65684886356092242, 13.038649715282739, 0.95194724921743024, 1.0, -0.089713470146835617, 0.87054854239192303, -2.3284225132648819, 1.7194199978469356, 22.071987032527581]}, "Single Carriageway": {"mae": 5.9352021915684094, "mse": 66.383136240860836, "best_function": 2, "parameters": [0.77396184941650314, 2.5214872444183172, 0.21171303758438742, 1.0, -0.049905359395800319, 0.57677672302234761, -2.2863995255439846, 3.7564583639222464, 26.161400529965661]}, "Slip Road": {"mae": 8.7880636130950851, "mse": 120.8287345942049, "best_function": 2, "parameters": [15.443572796536175, 10.863792636111343, -3.766821824567864, 1.0, 0.17434919371853019, -1.2704792477828901, -1.067875369948311, 15.15017245645471, 18.266615009876862]}, "Dual Carriageway": {"mae": 23.438577059874099, "mse": 681.03421055371416, "best_function": 0, "parameters": [1.0, 1.0, 1.0, 1.0, 1.0, 1.0, 1.0]}, "Traffic Island Link": {"mae": 28.765829017996101, "mse": 880.28732526057956, "best_function": 0, "parameters": [1.0, 1.0, 1.0, 1.0, 1.0, 1.0, 1.0]}}, "street_tally": [2.0, 0.0, 3.0]}