{"nature_results": {"Single Carriageway": {"mae": 21.857051112867939, "mse": 560.00065225457695, "best_function": 0, "parameters": [1.0, 1.0, 1.0, 1.0, 1.0, 1.0, 1.0]}, "Slip Road": {"mae": 5.097353703654627, "mse": 37.847117725056094, "best_function": 2, "parameters": [1.8514898388247363, 3.5080889316327037, 0.66533773733661583, 1.0, 0.020722875323866297, -0.26563177546002992, 0.77929870875662255, 0.074794623019139195, 16.315489196353234]}, "Traffic Island Link": {"mae": 5.6893300443991439, "mse": 53.345063631063518, "best_function": 2, "parameters": [76.780651702428656, 32.831340009231646, 2.3796911993898231, 1.0, 0.0057621811778100218, -0.17445065987684849, 0.7025619255304022, -0.13308882449077841, 36.968781287124195]}}, "street_tally": [1.0, 0.0, 2.0]}