{"nature_results": {"Traffic Island Link At Junction": {"mae": 4.756989597481871, "mse": 38.52746198139436, "best_function": 2, "parameters": [-4.5695989025893704, 1.1601831018719129, -2.8590303426268862, 1.0, 0.17907905253528322, -2.3226983271475006, 9.1511005812216784, -10.608779956304335, 27.080549207995823]}, "Single Carriageway": {"mae": 5.062108795641211, "mse": 36.38640985791114, "best_function": 1, "parameters": [2.2074592342058068, 0.94326066171833123, 0.94438595575033346, -0.10136951605496392, 1.4087832737549146, -1.1910623656935444, 1.0, 33.082776010418968]}, "Roundabout": {"mae": 19.752071783010248, "mse": 716.45634423122635, "best_function": 1, "parameters": [8.700168226745653, 0.75138821687031632, 0.7987597324706277, -3.2107075931105751, 2.5434930613986886, -2.5077454870775222, 1.0, 25.521988169779796]}, "Slip Road": {"mae": 27.179078301722882, "mse": 765.27805247295078, "best_function": 0, "parameters": [1.0, 1.0, 1.0, 1.0, 1.0, 1.0, 1.0]}}, "street_tally": [1.0, 2.0, 1.0]}