{"nature_results": {"Dual Carriageway": {"mae": 7.989308382765941, "mse": 111.95321396369422, "best_function": 1, "parameters": [1.9274192665505778, 1.0153655786547713, 1.0425557448977432, 0.059331991519743998, 1.3463394318408404, -0.90464619671423274, 1.0, 60.062535942631897]}}, "street_tally": [0.0, 1.0, 0.0]}