{"nature_results": {"Single Carriageway": {"mae": 27.513972102989047, "mse": 842.54245827672833, "best_function": 0, "parameters": [1.0, 1.0, 1.0, 1.0, 1.0, 1.0, 1.0]}, "Dual Carriageway": {"mae": 8.5649709975408861, "mse": 116.96102607418386, "best_function": 1, "parameters": [2.9590667413673399, 0.97863439216006909, 1.0155338339488242, -0.39940756048355874, 1.5061527070271861, -0.65005621284328985, 1.0, 26.63250605334969]}}, "street_tally": [1.0, 1.0, 0.0]}