{"nature_results": {"Dual Carriageway": {"mae": 21.011336649710152, "mse": 765.30983325829436, "best_function": 1, "parameters": [1.3429438237397358, 1.0043936484571989, 1.0242465828332739, 0.37784406566004758, 1.2221329391129709, -1.4738517242103115, 1.0, 41.712567088168129]}}, "street_tally": [0.0, 1.0, 0.0]}