{"nature_results": {"Traffic Island Link At Junction": {"mae": 4.5275954427500134, "mse": 34.079465421821233, "best_function": 2, "parameters": [6.5645917229662558, 9.577025359860782, 1.3854935957725918, 1.0, 0.097821704193184922, -1.4769174778502339, 7.0873985457773943, -10.571574068528006, 22.680240988734553]}, "Single Carriageway": {"mae": 17.412637221288602, "mse": 355.87763284716272, "best_function": 0, "parameters": [1.0, 1.0, 1.0, 1.0, 1.0, 1.0, 1.0]}}, "street_tally": [1.0, 0.0, 1.0]}