{"nature_results": {"Traffic Island Link At Junction": {"mae": 4.9490614145666312, "mse": 45.175442337156511, "best_function": 2, "parameters": [14.380204079253829, 6.6117289866084006, -1.0178979807763264, 1.0, 0.037034792119508997, -0.42932958002012422, 1.3146325322725427, -0.086162085651318998, 22.061720840837793]}, "Single Carriageway": {"mae": 5.8074730023688064, "mse": 61.487636756722964, "best_function": 2, "parameters": [1.694368766390941, 4.0756703743438258, -0.9071173064162692, 1.0, -0.071495005555978208, 0.90250239937445276, -3.7378233203949351, 5.4268226366153529, 33.108649749660437]}, "Roundabout": {"mae": 11.131917661388478, "mse": 230.09697670486437, "best_function": 1, "parameters": [5.7243016498972876, 0.88067927447850092, 0.92625725875377185, -1.7763865655038358, 2.0182101570330122, 0.87541059839616353, 1.0, 24.355307207792009]}}, "street_tally": [0.0, 1.0, 2.0]}