{"nature_results": {"Traffic Island Link At Junction": {"mae": 11.793126702500675, "mse": 280.07481556837945, "best_function": 0, "parameters": [1.0, 1.0, 1.0, 1.0, 1.0, 1.0, 1.0]}, "Single Carriageway": {"mae": 41.885017410479676, "mse": 4261.0571270597084, "best_function": 1, "parameters": [0.21542918348700202, 1.0330201572656301, 1.0226354467468448, 0.92020790577332656, 1.0245976799312204, -1.202203212656396, 1.0, 34.07363283429401]}, "Dual Carriageway": {"mae": 24.008935886844345, "mse": 700.75218622792431, "best_function": 0, "parameters": [1.0, 1.0, 1.0, 1.0, 1.0, 1.0, 1.0]}}, "street_tally": [2.0, 1.0, 0.0]}