{"nature_results": {"Traffic Island Link At Junction": {"mae": 7.2353213920805306, "mse": 83.835139959452064, "best_function": 2, "parameters": [-0.14096057476575896, 18.370407673372146, -1.2918285212114493, 1.0, -0.0084323178689760248, 0.11020474021525073, -0.71571378488162107, 1.4043124552554105, 27.284650233046243]}, "Single Carriageway": {"mae": 6.2669667392903934, "mse": 58.009278573324458, "best_function": 2, "parameters": [-0.66320351895327545, 14.637350383184243, -1.1300154950779482, 1.0, -0.02728433355267712, 0.17798344420598966, -0.34428969333844295, 1.3176868181116137, 23.087952743475217]}}, "street_tally": [0.0, 0.0, 2.0]}