{"nature_results": {"Single Carriageway": {"mae": 6.1713184948833799, "mse": 62.238977432155394, "best_function": 2, "parameters": [1.3867101160669826, 6.3879763569276298, -2.1596429630193663, 1.0, -0.016693422115495293, 0.21532098450313308, -0.75510962460542763, 0.17123443849447084, 31.000981152087114]}}, "street_tally": [0.0, 0.0, 1.0]}