{"nature_results": {"Single Carriageway": {"mae": 8.4832563594295163, "mse": 131.40287473877956, "best_function": 1, "parameters": [4.7855393777583579, 0.98851627836557898, 1.0256866338278809, -1.3255062744610138, 1.8530026981310086, 4.2038091138335627, 1.0, 14.579366834289015]}, "Traffic Island Link": {"mae": 5.8431756667503754, "mse": 56.302183996438991, "best_function": 1, "parameters": [3.1044588681316565, 0.98129134302270837, 1.0757661156096108, -0.53239553158418307, 1.5667013532059946, 5.0293947192841957, 1.0, 7.0216553769535608]}}, "street_tally": [0.0, 2.0, 0.0]}