{"nature_results": {"Single Carriageway": {"mae": 24.376361576735533, "mse": 688.7425914095187, "best_function": 0, "parameters": [1.0, 1.0, 1.0, 1.0, 1.0, 1.0, 1.0]}, "Roundabout": {"mae": 17.306597011433752, "mse": 380.08253999708398, "best_function": 0, "parameters": [1.0, 1.0, 1.0, 1.0, 1.0, 1.0, 1.0]}, "Traffic Island Link": {"mae": 12.060568897377024, "mse": 212.76277757843249, "best_function": 1, "parameters": [2.6079524194582024, 0.99019222685148667, 1.0161396579388091, -0.16592366794458191, 1.4101754498744699, -0.11572895563766372, 1.0, 28.979363911447003]}, "Traffic Island Link At Junction": {"mae": 10.393692945839295, "mse": 164.64120322903602, "best_function": 0, "parameters": [2.2854063150464006, 1.311484766312351, -2.7069600201625454, 1.0, 0.5003136893503467, 1.0024873446813798, 32.041134175284689]}, "Slip Road": {"mae": 11.477000949406644, "mse": 187.69021138084199, "best_function": 2, "parameters": [13.121443833184241, 4.5366061294974864, -0.70428323092312484, 1.0, 0.19777540673778837, -2.7536364375264495, 12.678204337115311, -20.364973763399817, 19.074404360898082]}, "Dual Carriageway": {"mae": 25.052433280993018, "mse": 751.4320810233254, "best_function": 0, "parameters": [1.0, 1.0, 1.0, 1.0, 1.0, 1.0, 1.0]}}, "street_tally": [4.0, 1.0, 1.0]}