{"nature_results": {"Single Carriageway": {"mae": 6.271604826131119, "mse": 67.050929014523561, "best_function": 2, "parameters": [4.9016024631624759, 4.4552626140588227, 0.74702064995083983, 1.0, 0.06210158329611104, -1.055471669845605, 4.7253294446306038, -4.2064056975820012, 22.86048442535068]}}, "street_tally": [0.0, 0.0, 1.0]}