{"nature_results": {"Traffic Island Link At Junction": {"mae": 20.504708609361295, "mse": 563.26229961330637, "best_function": 0, "parameters": [1.0, 1.0, 1.0, 1.0, 1.0, 1.0, 1.0]}, "Single Carriageway": {"mae": 5.8689573021167778, "mse": 67.683785882529563, "best_function": 2, "parameters": [-2.945863043053023, 0.70738785847063401, 0.5440856757286423, 1.0, -0.092992622842283712, 1.0902698773684119, -4.4320574456820871, 7.1456016440566179, 27.045310607547542]}, "Dual Carriageway": {"mae": 12.064543786198053, "mse": 268.13316390208689, "best_function": 1, "parameters": [1.5257070188018393, 0.9893358376569692, 0.97149466509091631, 0.27668588831626284, 1.261257264644136, 1.6959914298243619, 1.0, 25.905514244119232]}, "Traffic Island Link": {"mae": 30.8488670142088, "mse": 1010.4918143380816, "best_function": 0, "parameters": [1.0, 1.0, 1.0, 1.0, 1.0, 1.0, 1.0]}}, "street_tally": [2.0, 1.0, 1.0]}