{"nature_results": {"Traffic Island Link At Junction": {"mae": 3.6804976645859031, "mse": 25.929332928713492, "best_function": 0, "parameters": [8.8268119968236292, 7.5468147735198103, 1.064858853069536, 1.0, 1.6091125521682712, 0.42402204204312521, 19.142006017219622]}, "Single Carriageway": {"mae": 4.2186074746442284, "mse": 28.713295671321465, "best_function": 2, "parameters": [3.5439203770869416, 4.2652651141330526, 0.28051310668117646, 1.0, -0.026351041281779786, 0.27915246679846073, -0.98819920853352428, 1.8999849905921806, 18.962565515033528]}}, "street_tally": [1.0, 0.0, 1.0]}