{"nature_results": {"Traffic Island Link At Junction": {"mae": 14.384025177107915, "mse": 263.15048126973028, "best_function": 0, "parameters": [1.0, 1.0, 1.0, 1.0, 1.0, 1.0, 1.0]}, "Single Carriageway": {"mae": 7.7581377274217376, "mse": 397.6518771147978, "best_function": 0, "parameters": [4.0502800052515298, 5.9023991704226155, 1.056143909562637, 1.0, 1.1862811092602623, 0.21162958227846762, 23.344714797699318]}, "Traffic Island Link": {"mae": 20.777735674082813, "mse": 511.56205622074953, "best_function": 0, "parameters": [1.0, 1.0, 1.0, 1.0, 1.0, 1.0, 1.0]}}, "street_tally": [3.0, 0.0, 0.0]}