{"nature_results": {"Single Carriageway": {"mae": 2.6948592519982859, "mse": 12.208901844041508, "best_function": 0, "parameters": [15305.843223194295, 8048.8169129373318, -0.57407431869914904, 1.0, 0.0078970775617446254, 1.1019795252677886, 13.957529308595698]}}, "street_tally": [1.0, 0.0, 0.0]}