{"nature_results": {"Single Carriageway": {"mae": 4.2249070093733945, "mse": 28.822333800058342, "best_function": 1, "parameters": [3.5555847258797564, 0.95656064999402346, 0.96791353582007011, -0.76068294118836555, 1.6530556564019134, 3.032851725605052, 1.0, 19.717370456454727]}}, "street_tally": [0.0, 1.0, 0.0]}