{"nature_results": {"Single Carriageway": {"mae": 6.6977282978413317, "mse": 63.537382933999218, "best_function": 1, "parameters": [2.0280872726071753, 0.99511952174115026, 0.99587298611651043, 0.022437531542312095, 1.3567807489629715, -0.64335881552005447, 1.0, 15.29749799116245]}}, "street_tally": [0.0, 1.0, 0.0]}