{"nature_results": {"Single Carriageway": {"mae": 16.240892551231418, "mse": 355.2391318277667, "best_function": 0, "parameters": [1.0, 1.0, 1.0, 1.0, 1.0, 1.0, 1.0]}, "Traffic Island Link": {"mae": 11.792168921052902, "mse": 201.58976318972159, "best_function": 0, "parameters": [1.0, 1.0, 1.0, 1.0, 1.0, 1.0, 1.0]}}, "street_tally": [2.0, 0.0, 0.0]}