{"nature_results": {"Single Carriageway": {"mae": 4.9307963078765589, "mse": 54.040064185209005, "best_function": 2, "parameters": [0.97610480308257597, 3.6287227788580174, -0.93033039223669656, 1.0, -0.065415915161147087, 0.9164446247236413, -4.5878111972942701, 9.0627750131218647, 30.760299955092027]}, "Slip Road": {"mae": 7.4966244785426381, "mse": 80.828019605504664, "best_function": 0, "parameters": [1.0, 1.0, 1.0, 1.0, 1.0, 1.0, 1.0]}}, "street_tally": [1.0, 0.0, 1.0]}