{"nature_results": {"Traffic Island Link At Junction": {"mae": 8.6035523346902423, "mse": 419.85289047579539, "best_function": 2, "parameters": [-3.8071052143067456, 9.8590101111934381, -0.82859514507841947, 1.0, -0.0065053922863465008, -0.092794208508742093, 0.73393911182817395, 0.18678016618686588, 25.108716571558048]}, "Single Carriageway": {"mae": 5.1715200849457599, "mse": 48.321791907890507, "best_function": 2, "parameters": [0.20117356011504728, 9.3657973358185842, 1.1458838414659829, 1.0, -0.0064818630251599618, -0.053002518727291781, 0.24462087537763377, 1.5509642197362707, 31.015263769455618]}, "Dual Carriageway": {"mae": 4.2914957911260299, "mse": 37.1018886107939, "best_function": 1, "parameters": [2.120785695591155, 1.0262984442259095, 1.0866696950617047, -0.00094192956452454624, 1.3618289848871692, 1.1282151422972779, 1.0, 30.48880381605607]}, "Traffic Island Link": {"mae": 4.8449405135352039, "mse": 38.213502261898746, "best_function": 1, "parameters": [2.985588683822435, 1.0035314274984055, 1.0355552714903469, -0.45749064425190666, 1.5354101411514809, 0.29050888391197283, 1.0, 41.81607956645211]}}, "street_tally": [0.0, 2.0, 2.0]}