{"nature_results": {"Single Carriageway": {"mae": 5.0166709123677213, "mse": 53.522008789777068, "best_function": 0, "parameters": [-7.4625775337617153, 3.9944496315244087, -2.5150943156740246, 1.0, 1.0593708979964602, 0.27572384238172687, 28.605037804735222]}, "Traffic Island Link": {"mae": 3.6367597185862257, "mse": 34.863215875329431, "best_function": 2, "parameters": [358.23721490025878, 95.400562559394587, -1.5429666614720143, 1.0, 1.4062831896085097, -21.428125185424278, 107.70569937167613, -178.52542833267907, 18.430079437520028]}}, "street_tally": [1.0, 0.0, 1.0]}