{"nature_results": {"Single Carriageway": {"mae": 22.422929926588051, "mse": 546.50496272406644, "best_function": 0, "parameters": [1.0, 1.0, 1.0, 1.0, 1.0, 1.0, 1.0]}}, "street_tally": [1.0, 0.0, 0.0]}