{"nature_results": {"Traffic Island Link At Junction": {"mae": 6.17398127956002, "mse": 57.932338863194794, "best_function": 2, "parameters": [-1.0894081654794872, 3.9309095196143025, -0.84811638870468387, 1.0, -0.2034917403408314, 2.770255576668581, -12.332929259965326, 17.850542785561679, 23.65215972407513]}, "Single Carriageway": {"mae": 5.6507064806593377, "mse": 50.672374927198319, "best_function": 2, "parameters": [-2.0576299356941559, 8.7809014345545897, -0.30909452829985407, 1.0, -0.081780513293945978, 1.0749026983358656, -4.6186853733519504, 6.1009837444611472, 38.083658516049162]}}, "street_tally": [0.0, 0.0, 2.0]}