{"nature_results": {"Traffic Island Link At Junction": {"mae": 11.669172121781992, "mse": 182.56467696062344, "best_function": 0, "parameters": [1.0, 1.0, 1.0, 1.0, 1.0, 1.0, 1.0]}, "Single Carriageway": {"mae": 17.671750963786497, "mse": 365.69505150690321, "best_function": 0, "parameters": [1.0, 1.0, 1.0, 1.0, 1.0, 1.0, 1.0]}}, "street_tally": [2.0, 0.0, 0.0]}