{"nature_results": {"Single Carriageway": {"mae": 21.397213888086522, "mse": 534.56395415147711, "best_function": 0, "parameters": [1.0, 1.0, 1.0, 1.0, 1.0, 1.0, 1.0]}, "Dual Carriageway": {"mae": 8.9720350462000713, "mse": 112.92899526976015, "best_function": 0, "parameters": [5.8959839502068219, 0.023655843041877844, 1.3028958053439721, 1.0, -0.20661708441749571, 1.3959189318056109, 21.986839266743395]}}, "street_tally": [2.0, 0.0, 0.0]}