{"nature_results": {"Slip Road": {"mae": 5.9866553828619242, "mse": 112.76472354441366, "best_function": 0, "parameters": [1.0, 1.0, 1.0, 1.0, 1.0, 1.0, 1.0]}}, "street_tally": [1.0, 0.0, 0.0]}