{"nature_results": {"Single Carriageway": {"mae": 3.9741439023590281, "mse": 27.255077252527698, "best_function": 2, "parameters": [-2.4219609000813693, 1.9365307716896853, -0.19581231662694076, 1.0, 0.015528302183774767, -0.27335976172242593, 1.4240064873855662, -1.6102312080634245, 25.255701660498996]}}, "street_tally": [0.0, 0.0, 1.0]}