{"nature_results": {"Single Carriageway": {"mae": 8.260550150779185, "mse": 2025.477536007148, "best_function": 0, "parameters": [-0.78820107570529352, 5.4280040017612663, 0.48205966857574678, 1.0, 1.6185957659176968, 0.5251729828311007, 21.198714897615496]}, "Roundabout": {"mae": 4.8130792178673598, "mse": 780.30518627957213, "best_function": 0, "parameters": [1.3250529606582573, 4.8260284618851745, -1.2776039851786116, 1.0, 0.7500456408364975, 0.85072349293057559, 27.675218972642128]}, "Slip Road": {"mae": 18.846017380248508, "mse": 386.54923941543058, "best_function": 0, "parameters": [1.0, 1.0, 1.0, 1.0, 1.0, 1.0, 1.0]}}, "street_tally": [3.0, 0.0, 0.0]}