{"nature_results": {"Traffic Island Link At Junction": {"mae": 20.269244169771991, "mse": 493.48740477265204, "best_function": 0, "parameters": [1.0, 1.0, 1.0, 1.0, 1.0, 1.0, 1.0]}, "Single Carriageway": {"mae": 3.8753042548856951, "mse": 24.518774902436579, "best_function": 0, "parameters": [6.3179687287611266, 16.645967854173598, 2.1227121073075068, 1.0, 1.0930119316537401, 0.60881302428583339, 28.358600511790815]}, "Dual Carriageway": {"mae": 12.303307493869044, "mse": 183.25591829171987, "best_function": 1, "parameters": [8.801708865317309, 1.0218936866424866, 1.062125474870879, -3.2727212693715817, 2.5690140182965981, -0.69274899513021193, 1.0, 16.715213708783423]}}, "street_tally": [2.0, 1.0, 0.0]}