{"nature_results": {"Single Carriageway": {"mae": 7.5053520746354856, "mse": 91.380225640179177, "best_function": 1, "parameters": [2.1425999593174345, 1.004751783020265, 0.98192012965358044, -0.031174262878156389, 1.3757859052654593, -0.37512317547572516, 1.0, 23.072451731723426]}, "Dual Carriageway": {"mae": 9.7128353572148267, "mse": 139.10720258548332, "best_function": 1, "parameters": [2.2331047978014227, 0.99220366355965106, 1.004347341804992, -0.086145414626834338, 1.3989282775918115, 1.0928491149857922, 1.0, 17.055449657466454]}}, "street_tally": [0.0, 2.0, 0.0]}