{"nature_results": {"Single Carriageway": {"mae": 6.7070006266967201, "mse": 75.432106138521306, "best_function": 2, "parameters": [15.240101372691523, 16.388796857010114, -0.092671887581609713, 1.0, -0.15917845868134584, 1.8660285137931538, -6.8794404505681008, 8.4599680547478719, 23.833304206011608]}}, "street_tally": [0.0, 0.0, 1.0]}