{"nature_results": {"Traffic Island Link At Junction": {"mae": 8.2466970259439325, "mse": 105.90411188142195, "best_function": 2, "parameters": [1.0792654306027236, 0.68840575006522964, -1.6259797624209225, 1.0, -0.144083143115731, 1.6862821938520156, -6.3374764559997256, 8.2555321739887439, 29.731141238478369]}, "Single Carriageway": {"mae": 24.612859804827991, "mse": 686.50599650953336, "best_function": 0, "parameters": [1.0, 1.0, 1.0, 1.0, 1.0, 1.0, 1.0]}, "Dual Carriageway": {"mae": 6.4678869782169777, "mse": 78.682029303495071, "best_function": 2, "parameters": [-2.217818842741115, 3.9140584170497341, -1.5494334307677544, 1.0, -0.031941629723156506, 0.3634871630424793, -1.5714113338772981, 4.4715436132156849, 17.493226628666218]}, "Traffic Island Link": {"mae": 28.085863541118119, "mse": 883.50299149265118, "best_function": 0, "parameters": [1.0, 1.0, 1.0, 1.0, 1.0, 1.0, 1.0]}}, "street_tally": [2.0, 0.0, 2.0]}