{"nature_results": {"Single Carriageway": {"mae": 6.6124011602964092, "mse": 82.05855403426331, "best_function": 1, "parameters": [1.7731378936845448, 0.87395245838374125, 0.92534316329527488, 0.14067291214020594, 1.3154522934684576, 3.0478765583473981, 1.0, 14.870145443996321]}}, "street_tally": [0.0, 1.0, 0.0]}