{"nature_results": {"Single Carriageway": {"mae": 5.8053139645551255, "mse": 68.644672705767618, "best_function": 0, "parameters": [0.38498385787736256, 6.166138600746212, -1.1131297682025281, 1.0, 1.0012462479468742, 0.59382084079359843, 27.825822406057569]}}, "street_tally": [1.0, 0.0, 0.0]}