{"nature_results": {"Traffic Island Link At Junction": {"mae": 23.560025209949419, "mse": 654.21623120037964, "best_function": 0, "parameters": [1.0, 1.0, 1.0, 1.0, 1.0, 1.0, 1.0]}, "Single Carriageway": {"mae": 6.0351329019744453, "mse": 65.163005278127727, "best_function": 2, "parameters": [1.5868681143386199, 1.4865540570122249, 1.1241994148807755, 1.0, 0.17633650379729537, -2.253213992628404, 8.3822139067874488, -7.2610514215829198, 37.681663295244718]}, "Dual Carriageway": {"mae": 8.973825145844847, "mse": 123.78514263942643, "best_function": 1, "parameters": [3.0353348151167605, 0.9525214983642688, 0.97320775005713422, -0.4836764076467488, 1.5465263071567987, -0.1792552894590469, 1.0, 34.081303528400241]}, "Traffic Island Link": {"mae": 8.99830112354433, "mse": 147.90757482174152, "best_function": 1, "parameters": [2.2482016128337738, 0.99777386814306612, 0.98154700174830967, -0.055164799671152842, 1.3796622965851761, -0.59477867441797772, 1.0, 37.192750159432414]}}, "street_tally": [1.0, 2.0, 1.0]}