{"nature_results": {"Traffic Island Link At Junction": {"mae": 4.2306456407530675, "mse": 28.980131358135953, "best_function": 2, "parameters": [3.3050946855162855, 6.3604789395631007, -0.43430865866742652, 1.0, 0.053846549436358582, -0.80047992004275548, 3.4517206521998451, -3.8147044558199079, 18.711945334668449]}, "Single Carriageway": {"mae": 5.1752404522528082, "mse": 45.863945236969762, "best_function": 0, "parameters": [-3.3158389399335162, 1.2505840497961813, -0.21303152545839321, 1.0, 0.78410809223560618, 0.72382021447621114, 17.965617035416059]}, "Roundabout": {"mae": 7.1915098881042177, "mse": 125.17776610797367, "best_function": 1, "parameters": [2.0035455737307686, 1.0023156788117091, 0.99240849712119972, 0.059392943581288216, 1.3385744689855372, -0.88448080674758134, 1.0, 17.529910748423642]}}, "street_tally": [1.0, 1.0, 1.0]}