{"nature_results": {"Traffic Island Link At Junction": {"mae": 3.7438255910519698, "mse": 21.414533024751002, "best_function": 2, "parameters": [80.254742700156854, 8.3265717525070624, 2.1283905525585283, 1.0, -0.30311102327678552, 3.5921994216266242, -12.094974743697817, 9.3130678022546345, 15.598086225961863]}, "Single Carriageway": {"mae": 19.465919128851127, "mse": 415.25894834908962, "best_function": 0, "parameters": [1.0, 1.0, 1.0, 1.0, 1.0, 1.0, 1.0]}, "Roundabout": {"mae": 12.527579060821292, "mse": 199.80160602322434, "best_function": 2, "parameters": [558.75085518496667, 238.49420877977582, -7.0638067425538456, 1.0, -1.367491718930324, 15.693884822740358, -52.977918099473058, 51.966218338126438, 21.152070838050342]}}, "street_tally": [1.0, 0.0, 2.0]}