{"nature_results": {"Single Carriageway": {"mae": 4.8341911477058721, "mse": 43.996980563781584, "best_function": 2, "parameters": [3.2189001085856299, 5.0418304133950977, -0.91577498076550667, 1.0, -0.04830994144234757, 0.55970103319804398, -2.4025741155931568, 4.1815248457156207, 33.231544638477246]}, "Dual Carriageway": {"mae": 4.9647094897163049, "mse": 42.75667752130822, "best_function": 2, "parameters": [2.0223342084424738, 0.85896499895633482, -0.78687680672210192, 1.0, 0.013134263012613223, -0.093825772188161682, -0.66856326329363802, 4.3673989356688754, 26.629387531384072]}}, "street_tally": [0.0, 0.0, 2.0]}