{"nature_results": {"Traffic Island Link At Junction": {"mae": 6.0543754156702834, "mse": 57.879533231929081, "best_function": 2, "parameters": [-2.8450523105079135, 4.2693213123809413, 2.1658114232451657, 1.0, -0.097424859688231225, 1.1470413504784776, -4.355477998199996, 6.9426089663778594, 8.4099480332352723]}, "Single Carriageway": {"mae": 9.7808560735691827, "mse": 144.15689632451662, "best_function": 0, "parameters": [1.0, 1.0, 1.0, 1.0, 1.0, 1.0, 1.0]}}, "street_tally": [1.0, 0.0, 1.0]}