{"nature_results": {"Traffic Island Link At Junction": {"mae": 44.305205605832739, "mse": 5693.9657270267453, "best_function": 1, "parameters": [0.68522885389297739, 1.0109976559676821, 0.99672344985462202, 0.6870249306107199, 1.1112011477447126, 2.0174081356470146, 1.0, 13.670524155280688]}, "Roundabout": {"mae": 4.7572137018961662, "mse": 41.129454942269135, "best_function": 2, "parameters": [1.8188125910316382, 0.22521877867412787, 1.1538292264012866, 1.0, -0.0079216559581289925, 0.069964531510868788, -0.31902536427578831, 1.8982963204887295, 17.472752241904065]}}, "street_tally": [0.0, 1.0, 1.0]}