{"nature_results": {"Traffic Island Link At Junction": {"mae": 9.6786307863093217, "mse": 221.11778189378791, "best_function": 0, "parameters": [1.0, 1.0, 1.0, 1.0, 1.0, 1.0, 1.0]}, "Single Carriageway": {"mae": 11.933751222151416, "mse": 197.39318003319559, "best_function": 0, "parameters": [1.0, 1.0, 1.0, 1.0, 1.0, 1.0, 1.0]}}, "street_tally": [2.0, 0.0, 0.0]}