{"nature_results": {"Single Carriageway": {"mae": 5.3106089928854692, "mse": 56.165423720241549, "best_function": 2, "parameters": [3.2222242631208138, 3.9814983754299473, -0.31261345851694866, 1.0, -0.061510173027695236, 0.56852307751708864, -1.025906646075645, -1.0096183634249933, 18.799797609542107]}}, "street_tally": [0.0, 0.0, 1.0]}