{"nature_results": {"Single Carriageway": {"mae": 4.6477771266211478, "mse": 59.097710097640579, "best_function": 2, "parameters": [19.447859827323306, 16.568265092166762, -0.44980949759540811, 1.0, 0.15641167760856645, -2.0119052591551498, 8.1764570642392549, -10.808533580795547, 25.363591389313523]}, "Traffic Island Link": {"mae": 12.693354166023703, "mse": 225.13638199691124, "best_function": 1, "parameters": [1.5585982273797621, 0.88739760320711447, 0.91205692565655738, 0.28004996794299497, 1.2588147361540236, -3.6979028547384596, 1.0, 27.09973492739535]}}, "street_tally": [0.0, 1.0, 1.0]}