{"nature_results": {"Traffic Island Link At Junction": {"mae": 101.84568526686175, "mse": 162331.27204693132, "best_function": 1, "parameters": [-0.37201263089857028, 1.0997524508948364, 1.0969919617451165, 1.1851057194690531, 0.93136035731799982, 0.173495577232186, 1.0, 25.20537157301295]}, "Single Carriageway": {"mae": 62.181983965370073, "mse": 33502.659607684203, "best_function": 1, "parameters": [0.60322338171071943, 1.0684107976658872, 1.0572943209006973, 0.75124209432980127, 1.0831018016558962, -0.85867173345631786, 1.0, 28.411232011810245]}}, "street_tally": [0.0, 2.0, 0.0]}