{"nature_results": {"Dual Carriageway": {"mae": 9.1087097546229892, "mse": 183.61406374303064, "best_function": 1, "parameters": [2.0159317089989859, 0.99442183268712969, 0.99940004450203734, 0.037143407761962233, 1.3507695314582431, -1.1272777604247568, 1.0, 20.320070061117001]}}, "street_tally": [0.0, 1.0, 0.0]}