{"nature_results": {"Single Carriageway": {"mae": 3.6894343438228847, "mse": 34.027075744050343, "best_function": 2, "parameters": [0.23011110284381242, 4.3883422409329036, 0.080995526639565441, 1.0, 0.050689118311286641, -0.6512950000710207, 2.3394489843624866, -1.6320419715552665, 22.899326813307603]}}, "street_tally": [0.0, 0.0, 1.0]}