{"nature_results": {"Traffic Island Link At Junction": {"mae": 14.377424216967317, "mse": 279.15511510499744, "best_function": 0, "parameters": [1.0, 1.0, 1.0, 1.0, 1.0, 1.0, 1.0]}, "Single Carriageway": {"mae": 19.49900379929942, "mse": 427.79121729601661, "best_function": 0, "parameters": [1.0, 1.0, 1.0, 1.0, 1.0, 1.0, 1.0]}, "Slip Road": {"mae": 5.0167689792178916, "mse": 33.628458060752649, "best_function": 1, "parameters": [2.1220648706801892, 0.035947979525756346, 0.076575566598486966, -0.064846291590572092, 1.3975177949372286, -3.8300191410555486, 1.0, 8.3814928397297024]}, "Dual Carriageway": {"mae": 5.7080921248873846, "mse": 81.407397428950318, "best_function": 2, "parameters": [0.30401112478207237, 6.0231404375110431, 0.061876211595872754, 1.0, -0.0048548802694075022, 0.15330611438206576, -0.72536677806568228, 0.30723311055790403, 15.958418182177665]}, "Traffic Island Link": {"mae": 12.767266446661392, "mse": 284.84687921805505, "best_function": 1, "parameters": [1.5404695490884375, 0.99042325852204394, 1.0034764685806661, 0.32503655340165361, 1.234924512063579, 0.40951244427913835, 1.0, 19.914444067538916]}}, "street_tally": [2.0, 2.0, 1.0]}