{"nature_results": {"Traffic Island Link At Junction": {"mae": 2.983717440898777, "mse": 14.182772445485206, "best_function": 2, "parameters": [15.447489847780819, 11.604571557638566, 1.8438333506809359, 1.0, -0.1189133593993037, 1.3867219578860646, -4.6151169002590757, 3.4030875542285242, 16.201255507908929]}, "Single Carriageway": {"mae": 5.783755346775135, "mse": 57.585467964791384, "best_function": 2, "parameters": [14.488187767955898, 11.453355858320291, 1.4623220944538455, 1.0, -0.16190755584900796, 1.9098994444781821, -6.5053272983407409, 4.8886430559900766, 31.414913440295162]}, "Traffic Island Link": {"mae": 5.2477097805367459, "mse": 43.176507805452815, "best_function": 1, "parameters": [5.4828379245709771, 0.48864173593832239, 0.66621000330636193, -1.717870967433814, 2.0063327632688059, 0.7533479343372621, 1.0, 32.127640734349207]}}, "street_tally": [0.0, 1.0, 2.0]}