{"nature_results": {"Traffic Island Link At Junction": {"mae": 7.7793021456199138, "mse": 94.664151190119512, "best_function": 2, "parameters": [1.9843414874070926, 1.3587259362239856, 3.8616252034113456, 1.0, -0.024779031315459443, 0.28736022152798768, -1.6239228608587335, 3.7020416838190799, 15.659343188002644]}, "Single Carriageway": {"mae": 24.61088557335183, "mse": 649.12999141264606, "best_function": 0, "parameters": [1.0, 1.0, 1.0, 1.0, 1.0, 1.0, 1.0]}}, "street_tally": [1.0, 0.0, 1.0]}