{"nature_results": {"Traffic Island Link At Junction": {"mae": 4.8903887647110302, "mse": 46.007241789690397, "best_function": 2, "parameters": [6.9331430408075523, 24.784247216272242, 0.24935424693655106, 1.0, -0.08576898690000867, 1.4083694678510019, -7.8501403702470345, 15.071863396458831, 15.35807322718472]}, "Single Carriageway": {"mae": 24.560124137350648, "mse": 689.5651572225155, "best_function": 0, "parameters": [1.0, 1.0, 1.0, 1.0, 1.0, 1.0, 1.0]}, "Dual Carriageway": {"mae": 3.7032537718642033, "mse": 24.472524597259262, "best_function": 2, "parameters": [2.5325541254155324, 5.1963776045490722, -0.89039902713115082, 1.0, 0.017350281286079405, -0.21888438747053285, 0.83602178935580285, -0.64407648569095532, 51.478263492557979]}, "Slip Road": {"mae": 6.1101378137336306, "mse": 86.825079392738587, "best_function": 1, "parameters": [3.5314080962262961, 0.82642868377370848, 0.89071842188230499, -0.75247574514984183, 1.6507662631600732, 1.5531107076247328, 1.0, 18.508241339993695]}}, "street_tally": [1.0, 1.0, 2.0]}