{"nature_results": {"Single Carriageway": {"mae": 11.013804109520908, "mse": 162.93454133231589, "best_function": 0, "parameters": [12.420593208314271, 21.258374016375207, -1.4249880990716357, 1.0, -0.73821141076412511, 1.4453551994726852, 30.735503711545132]}, "Dual Carriageway": {"mae": 40.149626229490089, "mse": 1644.9144087897118, "best_function": 0, "parameters": [1.0, 1.0, 1.0, 1.0, 1.0, 1.0, 1.0]}, "Slip Road": {"mae": 5.7149907075301138, "mse": 57.917252202250289, "best_function": 2, "parameters": [30.366906271223733, 21.927038957255796, -1.0460678998496733, 1.0, -0.52995366879408201, 6.794525460004964, -26.922326234053138, 31.186560080666851, 39.259210588063048]}}, "street_tally": [2.0, 0.0, 1.0]}