{"nature_results": {"Single Carriageway": {"mae": 4.1129953148632827, "mse": 29.506330881110987, "best_function": 2, "parameters": [-9.2409120292171689, 0.8432412321627023, 0.20326539861091009, 1.0, 0.12045598545926206, -1.450353792771383, 4.8776200426000305, -3.1896629041719224, 24.266447188407462]}}, "street_tally": [0.0, 0.0, 1.0]}