{"nature_results": {"Traffic Island Link At Junction": {"mae": 54.666379147787097, "mse": 10954.864016160969, "best_function": 1, "parameters": [0.78077961047350941, 0.99576581224116634, 1.0278418119316335, 0.61177193010848541, 1.1443997354122197, 0.58289205452736537, 1.0, 19.320546200388574]}, "Single Carriageway": {"mae": 6.268717894642311, "mse": 69.427100333730792, "best_function": 2, "parameters": [-1.8973171409950296, 3.1345936696592682, 2.1749911567747837, 1.0, -0.18368782956091567, 2.2997338741161855, -8.8639650087112685, 9.6742794224684179, 30.517360427075818]}, "Dual Carriageway": {"mae": 11.183929471099937, "mse": 178.51730091035435, "best_function": 2, "parameters": [0.031215803717448698, 4.5781700549350486, -2.3057790152371735, 1.0, 0.16990248370576955, -2.1725283916914271, 8.486785301211162, -10.3208174835015, 30.637000487178295]}, "Traffic Island Link": {"mae": 6.8824482566912053, "mse": 77.938896396903729, "best_function": 2, "parameters": [-7.9718562562466904, 0.25738431277283158, 3.6028306642672532, 1.0, -0.35343437204022332, 4.4565280638274594, -17.29282136049688, 19.015825292967389, 35.243654069762506]}}, "street_tally": [0.0, 1.0, 3.0]}