{"nature_results": {"Traffic Island Link At Junction": {"mae": 5.3874961939564425, "mse": 47.596142733481713, "best_function": 2, "parameters": [7.6795788467971047, 11.686699935029107, 4.0256784067021307, 1.0, -0.092918573731791687, 0.98926390559441379, -3.0446627958352828, 1.7828673822972196, 20.094901351382411]}, "Single Carriageway": {"mae": 3.8988387484342728, "mse": 26.489395417814706, "best_function": 2, "parameters": [4.684999307258737, 8.0654961751057854, 1.2694326032222512, 1.0, -0.041797828897335298, 0.56749695475449236, -2.429652357257341, 3.0364566777535953, 20.355864172119738]}}, "street_tally": [0.0, 0.0, 2.0]}