{"nature_results": {"Single Carriageway": {"mae": 16.902769765517188, "mse": 332.9145850916679, "best_function": 0, "parameters": [1.0, 1.0, 1.0, 1.0, 1.0, 1.0, 1.0]}}, "street_tally": [1.0, 0.0, 0.0]}