{"nature_results": {"Single Carriageway": {"mae": 4.6178977320219605, "mse": 39.744151311399683, "best_function": 2, "parameters": [-0.67140474165998598, 3.8904807522290672, -0.095532694481362146, 1.0, -0.16037750495468628, 2.197379212080218, -10.049710240377522, 16.110136987309559, 27.171010963361738]}, "Traffic Island Link": {"mae": 5.838647900954129, "mse": 64.664918648608904, "best_function": 2, "parameters": [-1.3951809054334956, 4.3545683149392422, 2.334125800259411, 1.0, -0.2382635248852516, 3.300135214685453, -15.524525613651736, 26.999271326568618, 14.355298165012039]}}, "street_tally": [0.0, 0.0, 2.0]}