{"nature_results": {"Single Carriageway": {"mae": 6.1958395000668656, "mse": 65.074902084638381, "best_function": 2, "parameters": [-2.777682101151683, 2.3580182770301308, 0.72734492201585621, 1.0, 0.06618115969291305, -0.6727923065450665, 1.2361909603246402, 2.1815916681537129, 32.944797159287063]}, "Dual Carriageway": {"mae": 8.04407506765987, "mse": 93.583029145860962, "best_function": 2, "parameters": [-1.0390249717401092, 10.770413993769528, -1.3686865897878011, 1.0, -0.19624004110354099, 2.7427038321795707, -12.562576459624292, 19.088214568101769, 21.116864260401876]}}, "street_tally": [0.0, 0.0, 2.0]}