{"nature_results": {"Traffic Island Link At Junction": {"mae": 16.340107610734076, "mse": 331.20444487976022, "best_function": 0, "parameters": [1.0, 1.0, 1.0, 1.0, 1.0, 1.0, 1.0]}, "Single Carriageway": {"mae": 6.0648070564514436, "mse": 66.279576035135122, "best_function": 0, "parameters": [-10.235087629767566, 13.440674038055466, 3.3536875568295437, 1.0, -0.82472738869431805, 0.96771207932215531, 22.474066458711228]}}, "street_tally": [2.0, 0.0, 0.0]}