{"nature_results": {"Traffic Island Link At Junction": {"mae": 22.339122142708241, "mse": 540.73031527066826, "best_function": 0, "parameters": [1.0, 1.0, 1.0, 1.0, 1.0, 1.0, 1.0]}, "Single Carriageway": {"mae": 3.9424754347114259, "mse": 27.470381770722994, "best_function": 2, "parameters": [3.1251182373406188, 2.3877752225394375, -0.73880814470834455, 1.0, -0.058450002023956893, 0.66545692075500973, -2.4537588585583965, 3.2806595980810589, 30.573149775817104]}, "Dual Carriageway": {"mae": 7.566704815414055, "mse": 107.67549814970377, "best_function": 2, "parameters": [0.13796944907540787, 6.9427829545607231, 1.810072647995322, 1.0, -0.053700706077652427, 0.83182413513459608, -4.2233481520632417, 7.3492069490836238, 19.225912181434449]}, "Slip Road": {"mae": 10.354680084098129, "mse": 376.70358691783622, "best_function": 0, "parameters": [1.0, 1.0, 1.0, 1.0, 1.0, 1.0, 1.0]}}, "street_tally": [2.0, 0.0, 2.0]}