{"nature_results": {"Single Carriageway": {"mae": 4.6724959670239388, "mse": 31.269747507890365, "best_function": 0, "parameters": [78.204716403128785, 33.469993955036195, 2.0301155119510903, 1.0, 0.64156962855957822, 0.67107384484235433, 7.8458821165854058]}}, "street_tally": [1.0, 0.0, 0.0]}