{"nature_results": {"Single Carriageway": {"mae": 21.099227382907785, "mse": 500.87332616345242, "best_function": 0, "parameters": [1.0, 1.0, 1.0, 1.0, 1.0, 1.0, 1.0]}}, "street_tally": [1.0, 0.0, 0.0]}