{"nature_results": {"Single Carriageway": {"mae": 13.40127948574013, "mse": 251.16923275491652, "best_function": 1, "parameters": [4.5375277904191069, 1.0549637748059142, 1.0832805519576389, -1.1898727916800373, 1.8022404264877683, 7.40181685132612, 1.0, 31.975023691960832]}}, "street_tally": [0.0, 1.0, 0.0]}