{"nature_results": {"Traffic Island Link At Junction": {"mae": 19.903215591894504, "mse": 468.35380109047236, "best_function": 0, "parameters": [1.0, 1.0, 1.0, 1.0, 1.0, 1.0, 1.0]}, "Single Carriageway": {"mae": 4.7198462851647767, "mse": 41.859767912644585, "best_function": 2, "parameters": [4.0273078313837889, 5.5192382820927044, -2.3292301723866435, 1.0, -0.059177071654616942, 0.6308888535071373, -1.9260607008348933, 1.8890987278908227, 26.755365751335695]}, "Traffic Island Link": {"mae": 5.2786727061722196, "mse": 46.625098419591566, "best_function": 0, "parameters": [3.7510393729653919, 6.0342135887767236, -2.627010810640988, 1.0, 0.51005605405464671, 0.84855876925496521, 29.931721935860619]}}, "street_tally": [2.0, 0.0, 1.0]}