{"nature_results": {"Traffic Island Link At Junction": {"mae": 10.965836212432212, "mse": 184.25796208956831, "best_function": 1, "parameters": [1.8048656157124148, 0.99799648250651096, 0.99934238365588846, 0.2441054952791718, 1.2552513023740186, 6.2199328726142937, 1.0, 7.4805142633565325]}, "Single Carriageway": {"mae": 6.8185460132007574, "mse": 83.737877417392312, "best_function": 2, "parameters": [4.0069212685207596, 3.1800478289612193, -1.0395661156418119, 1.0, -0.0053721583945209872, -0.10228539612388232, 1.0508927289001886, -1.6160458667147606, 33.998945696043521]}, "Traffic Island Link": {"mae": 8.7456418484786997, "mse": 116.74379906894788, "best_function": 2, "parameters": [5.1756717780404795, 1.6168333924265434, -1.2058288627123388, 1.0, -0.12395741004752892, 0.77436100203189007, 0.18636799248821834, -3.6620619252605318, 29.219331026528302]}}, "street_tally": [0.0, 1.0, 2.0]}