{"nature_results": {"Single Carriageway": {"mae": 8.7530428592191196, "mse": 125.5953718376019, "best_function": 2, "parameters": [-0.49936298917666821, 0.88041840950224737, 1.7379813431114481, 1.0, -0.014799264713554861, 0.14065244742849237, -0.62223878915405839, 1.9619867634107346, 18.101051304212557]}, "Dual Carriageway": {"mae": 8.0739975555682602, "mse": 116.1185400551874, "best_function": 2, "parameters": [2.675369802497884, 4.08778947488487, 1.2360389587213052, 1.0, 0.050501145921569401, -0.68070973819229819, 2.5456409336724635, -1.490581801611476, 17.444658077546439]}, "Traffic Island Link": {"mae": 9.0777082405278211, "mse": 135.25329262182052, "best_function": 2, "parameters": [5.3691858164801936, 7.0902078498340595, 1.7974425466941262, 1.0, 0.012623785990721892, -0.21963545466140455, 0.78558833955038199, 0.8458024516043583, 18.235693198741544]}}, "street_tally": [0.0, 0.0, 3.0]}