{"nature_results": {"Traffic Island Link At Junction": {"mae": 355.23970455235167, "mse": 93282862.484366819, "best_function": 0, "parameters": [4.1395056509205208, 5.2846251462691161, 0.57897482463922212, 1.0, 0.97937250589162406, 0.45540707598893992, 20.841785778890308]}, "Single Carriageway": {"mae": 20.138014321854534, "mse": 60138.800436402256, "best_function": 2, "parameters": [5.3908172223871942, 3.2214116970892226, 1.087429278209409, 1.0, 0.014657145315801423, -0.21824300961337095, 0.79259983125261901, -0.14304643263084738, 21.093917707963762]}, "Dual Carriageway": {"mae": 6.7300700016736936, "mse": 70.486087172655331, "best_function": 1, "parameters": [3.3662546718853434, 0.99437286124801305, 1.0229034583974825, -0.65059489268999671, 1.6084490907147906, 0.46393751733157984, 1.0, 17.679896017667307]}, "Traffic Island Link": {"mae": 18.715295216457303, "mse": 459.78748968581436, "best_function": 0, "parameters": [1.0, 1.0, 1.0, 1.0, 1.0, 1.0, 1.0]}}, "street_tally": [2.0, 1.0, 1.0]}