{"nature_results": {"Single Carriageway": {"mae": 18.186157792266091, "mse": 365.16635906757529, "best_function": 0, "parameters": [1.0, 1.0, 1.0, 1.0, 1.0, 1.0, 1.0]}}, "street_tally": [1.0, 0.0, 0.0]}