{"nature_results": {"Single Carriageway": {"mae": 6.5181952814748421, "mse": 70.904480732712429, "best_function": 2, "parameters": [-4.6481029627729216, 0.88546582536769936, -3.4720709506821459, 1.0, 0.014514088292895688, -0.068489920718604047, -0.28807187904318687, 1.0480892655653478, 29.023909219065029]}}, "street_tally": [0.0, 0.0, 1.0]}