{"nature_results": {"Dual Carriageway": {"mae": 5.5060759046761705, "mse": 50.607508915747637, "best_function": 2, "parameters": [0.42136133133929543, 0.65679324333899713, -1.2877027431771606, 1.0, -0.074150094729584115, 0.79516312095956865, -3.0952089133751466, 5.1387918040163338, 29.808635301633924]}}, "street_tally": [0.0, 0.0, 1.0]}