{"nature_results": {"Single Carriageway": {"mae": 5.3504239412983026, "mse": 48.753322994195408, "best_function": 2, "parameters": [-4.1630132065025052, 2.6896459428068837, 1.472370774159987, 1.0, 0.050749005117365575, -0.61260609818073331, 2.159733004661275, -1.5153282578705656, 21.057145393496967]}}, "street_tally": [0.0, 0.0, 1.0]}