{"nature_results": {"Traffic Island Link At Junction": {"mae": 5.8520268061545755, "mse": 65.013773128513989, "best_function": 2, "parameters": [5.2395386435059903, 7.7864384772751496, 0.84265367811955993, 1.0, 0.030655883381843108, -0.32456739588597028, 0.58139985782482351, 1.2125887059666203, 24.834908239645891]}, "Single Carriageway": {"mae": 5.2362356337712557, "mse": 48.335579198986551, "best_function": 2, "parameters": [3.7437934884277984, 5.5675878197698196, 0.30638301352856134, 1.0, 0.016313164552540171, -0.21240821807846677, 0.26314851948316109, 1.657536536898252, 31.324985304829713]}, "Dual Carriageway": {"mae": 6.5764425280911754, "mse": 71.247160670595136, "best_function": 2, "parameters": [5.8668594118845308, 0.23547195158538514, 0.079579448112937823, 1.0, 0.070557796042657772, -0.83744135754931515, 2.4825987409550887, -0.83157088949250335, 22.60533109703848]}}, "street_tally": [0.0, 0.0, 3.0]}