{"nature_results": {"Dual Carriageway": {"mae": 4.9586081159547915, "mse": 49.748424877458582, "best_function": 2, "parameters": [0.48579101227354016, 4.7150153066151503, 0.7144439277297614, 1.0, 0.022657356788930216, -0.35170821257439955, 1.3809763952756424, -0.83307688713587291, 32.006056174617513]}}, "street_tally": [0.0, 0.0, 1.0]}