{"nature_results": {"Traffic Island Link At Junction": {"mae": 19.280068390764733, "mse": 433.40859469656237, "best_function": 0, "parameters": [1.0, 1.0, 1.0, 1.0, 1.0, 1.0, 1.0]}, "Single Carriageway": {"mae": 11.976533915384117, "mse": 289.8241240988076, "best_function": 1, "parameters": [1.5570848039681082, 1.0533502786492011, 1.0417990493346467, 0.29654177823201711, 1.247524682468673, 1.5146899452586102, 1.0, 27.072962861802765]}, "Dual Carriageway": {"mae": 6.9100123913657576, "mse": 101.8649779873078, "best_function": 1, "parameters": [1.9307913718836027, 1.0089108046917807, 1.0128366019044863, 0.079216570814391485, 1.3339051666238602, 1.2879258067672228, 1.0, 23.882053837975405]}}, "street_tally": [1.0, 2.0, 0.0]}