{"nature_results": {"Single Carriageway": {"mae": 19.351486006045747, "mse": 423.14206729355783, "best_function": 0, "parameters": [1.0, 1.0, 1.0, 1.0, 1.0, 1.0, 1.0]}, "Dual Carriageway": {"mae": 10.018047411428087, "mse": 144.94960452754455, "best_function": 0, "parameters": [1.0, 1.0, 1.0, 1.0, 1.0, 1.0, 1.0]}}, "street_tally": [2.0, 0.0, 0.0]}