{"nature_results": {"Slip Road": {"mae": 8.8063014998838032, "mse": 110.85187259291142, "best_function": 2, "parameters": [-8.0838070974837848, 1.1253915289554741, -1.0798271075020471, 1.0, -0.031363596699581997, 0.2968987651397037, -1.0112726129171108, 1.3766693673389865, 27.843444275294559]}, "Dual Carriageway": {"mae": 6.9301540313325605, "mse": 86.36693500094978, "best_function": 2, "parameters": [-3.6931149739674316, 0.40631182111925013, -0.27364418474490249, 1.0, -0.065915112903567552, 0.74062730065284987, -2.6950559229812003, 3.5931698642856569, 39.263419367883706]}}, "street_tally": [0.0, 0.0, 2.0]}