{"nature_results": {"Single Carriageway": {"mae": 23.557781699670976, "mse": 601.87844721630665, "best_function": 0, "parameters": [1.0, 1.0, 1.0, 1.0, 1.0, 1.0, 1.0]}, "Dual Carriageway": {"mae": 14.366773029320917, "mse": 312.18730647674863, "best_function": 2, "parameters": [13.45579452623601, 18.959794424711827, 1.0657293583619931, 1.0, -0.10391184733473491, 1.2147399757800004, -4.3127785462682997, 4.1661275359090446, 26.566171891264442]}, "Traffic Island Link": {"mae": 25.752227789883786, "mse": 717.33048196613629, "best_function": 0, "parameters": [1.0, 1.0, 1.0, 1.0, 1.0, 1.0, 1.0]}}, "street_tally": [2.0, 0.0, 1.0]}