{"nature_results": {"Traffic Island Link At Junction": {"mae": 7.2815561039681365, "mse": 86.72183172007756, "best_function": 2, "parameters": [2.4219987090964161, 7.7829322620354162, 0.95013631898518824, 1.0, 0.014550111527519838, -0.087937068282655684, -0.73401369293377572, 3.4951623246061194, 24.397626144491042]}, "Single Carriageway": {"mae": 5.5273841609507697, "mse": 53.209183579343986, "best_function": 2, "parameters": [0.91282004782543247, 8.604992087856207, -0.31239807268955633, 1.0, -0.046682842489143672, 0.53691950158393764, -2.6120208144996142, 5.4395673937941069, 29.476002908293008]}, "Dual Carriageway": {"mae": 5.6387197167701588, "mse": 247.16370847003105, "best_function": 2, "parameters": [5.936891480671096, 14.629945340845207, -1.4191423247917774, 1.0, -0.056417678643698288, 0.53292316091891512, -1.9594309318592789, 3.7866079501115335, 34.388781265416029]}}, "street_tally": [0.0, 0.0, 3.0]}