{"nature_results": {"Single Carriageway": {"mae": 4.1741940988865309, "mse": 28.532512738840758, "best_function": 2, "parameters": [5.3760591436032552, 1.1886009585927269, -0.15410258770782148, 1.0, -0.27946954181361394, 3.5041031902433653, -14.154178074009932, 19.631212870319999, 15.770769729676376]}}, "street_tally": [0.0, 0.0, 1.0]}