{"nature_results": {"Traffic Island Link At Junction": {"mae": 20.697241352297709, "mse": 36833.504805040517, "best_function": 0, "parameters": [20.538494499041327, 15.325151634007657, 1.7144531603277269, 1.0, 1.5500003367701427, 0.20460224047640263, 13.49011209513654]}, "Single Carriageway": {"mae": 8.3460380971587629, "mse": 110.00314625136431, "best_function": 2, "parameters": [-9.2014477322375328, 1.7952671118480708, 1.3082888828350878, 1.0, -0.1842385633187944, 2.0706657466838507, -6.9585704970441764, 6.6253943682122287, 25.841676186475244]}, "Dual Carriageway": {"mae": 7.7164682875112183, "mse": 103.86055703343075, "best_function": 2, "parameters": [0.0185538138808794, 0.98588437464484857, -0.92018785945422499, 1.0, -0.019924637421376623, 0.18223991503102677, -0.91214729799755823, 2.7637227970580467, 22.094679036648881]}, "Slip Road": {"mae": 18.136225646599023, "mse": 504.34868693799507, "best_function": 0, "parameters": [1.0, 1.0, 1.0, 1.0, 1.0, 1.0, 1.0]}}, "street_tally": [2.0, 0.0, 2.0]}