{"nature_results": {"Traffic Island Link At Junction": {"mae": 3.5577750870032268, "mse": 24.117783365573093, "best_function": 2, "parameters": [7.0301711923314842, 6.0543710834547468, 1.5517490370986908, 1.0, -0.054021546254982455, 0.74300323540650004, -3.0310912423778751, 2.9805720468464489, 22.936859525997892]}, "Single Carriageway": {"mae": 5.5257327189500618, "mse": 56.97252773448858, "best_function": 2, "parameters": [1.678936348281026, 1.5693488835734299, 0.062620135875072203, 1.0, 0.022460729636932131, -0.24119861429067058, 0.40173044460048912, 1.3351726706881177, 30.327282279521555]}, "Traffic Island Link": {"mae": 9.1616207326453765, "mse": 118.4721631227291, "best_function": 2, "parameters": [2.3152633638493199, 0.18721562105366796, -0.65621708135234402, 1.0, -0.1417545454211826, 2.0524563966931955, -10.315043721696764, 18.810291722731893, 17.25471346271901]}}, "street_tally": [0.0, 0.0, 3.0]}