{"nature_results": {"Traffic Island Link At Junction": {"mae": 10.005757205107267, "mse": 152.82683203788102, "best_function": 1, "parameters": [2.9463821448582577, 0.98924009844715455, 1.0030817073064218, -0.40070269669666048, 1.5088718515678492, 1.4889953081309717, 1.0, 19.740681372868032]}, "Single Carriageway": {"mae": 7.8800273984779174, "mse": 95.997953274374623, "best_function": 1, "parameters": [2.6528416975266458, 0.99669647263977501, 0.99515620232155555, -0.25454366223009051, 1.4542228512797428, -0.73223838747209458, 1.0, 24.606839119537842]}, "Dual Carriageway": {"mae": 14.452112741256855, "mse": 286.96160469074886, "best_function": 0, "parameters": [1.0, 1.0, 1.0, 1.0, 1.0, 1.0, 1.0]}, "Traffic Island Link": {"mae": 8.8725212398958195, "mse": 135.28035247142756, "best_function": 2, "parameters": [-1.1815630181167718, 1.3070676196443132, -0.12552220801878522, 1.0, 0.051432832951625929, -0.80911506602854066, 3.218266725672807, -1.6085491469426749, 27.671693990854404]}}, "street_tally": [1.0, 2.0, 1.0]}