{"nature_results": {"Single Carriageway": {"mae": 7.5277154634657411, "mse": 103.92324207383564, "best_function": 2, "parameters": [-2.0474737213989127, 11.440942271215057, 2.1515279372818163, 1.0, -0.063828882503931705, 0.36109122656401371, 0.49025722934999205, -2.2431513026041818, 28.037522797136969]}, "Traffic Island Link": {"mae": 7.9744865660611559, "mse": 104.57108311361154, "best_function": 2, "parameters": [19.057029498598663, 8.6191931142746085, 1.7073382383917886, 1.0, -0.060875760737980178, 0.2760378080328092, 0.98283158434109019, -2.6575802351255953, 27.700036231859123]}}, "street_tally": [0.0, 0.0, 2.0]}