{"nature_results": {"Single Carriageway": {"mae": 11.467141953960997, "mse": 161.98944616056346, "best_function": 0, "parameters": [1.0, 1.0, 1.0, 1.0, 1.0, 1.0, 1.0]}}, "street_tally": [1.0, 0.0, 0.0]}