{"nature_results": {"Slip Road": {"mae": 2.217727451717991, "mse": 7.6357910296527427, "best_function": 2, "parameters": [3.9881695253561147, 2.1775441823431323, -0.3803732538369311, 1.0, -0.016955668016397807, 0.23854573819389768, -1.3089855367063219, 2.8434938551575684, 25.020577447979043]}, "Dual Carriageway": {"mae": 2.9095087150739305, "mse": 14.978293628435086, "best_function": 2, "parameters": [-0.78384773289545762, 3.320819485718427, -1.0494305561562736, 1.0, 0.032286627443028237, -0.44651948785302387, 1.8361297050399288, -1.9564906251714076, 22.074701740341055]}, "Roundabout": {"mae": 21.394820768414462, "mse": 585.84015871360202, "best_function": 0, "parameters": [1.0, 1.0, 1.0, 1.0, 1.0, 1.0, 1.0]}}, "street_tally": [1.0, 0.0, 2.0]}