{"nature_results": {"Traffic Island Link At Junction": {"mae": 5.8918591841418992, "mse": 55.383298214027498, "best_function": 0, "parameters": [1.0, 1.0, 1.0, 1.0, 1.0, 1.0, 1.0]}, "Single Carriageway": {"mae": 11.110614534758104, "mse": 155.85450579149116, "best_function": 0, "parameters": [1.0, 1.0, 1.0, 1.0, 1.0, 1.0, 1.0]}}, "street_tally": [2.0, 0.0, 0.0]}