{"nature_results": {"Single Carriageway": {"mae": 10.878024595557982, "mse": 192.57204210811975, "best_function": 0, "parameters": [1.0, 1.0, 1.0, 1.0, 1.0, 1.0, 1.0]}}, "street_tally": [1.0, 0.0, 0.0]}