{"nature_results": {"Traffic Island Link At Junction": {"mae": 19.773374118729844, "mse": 498.08761786985207, "best_function": 0, "parameters": [1.0, 1.0, 1.0, 1.0, 1.0, 1.0, 1.0]}, "Single Carriageway": {"mae": 16.989167166357991, "mse": 348.89966718713788, "best_function": 0, "parameters": [1.0, 1.0, 1.0, 1.0, 1.0, 1.0, 1.0]}}, "street_tally": [2.0, 0.0, 0.0]}