{"nature_results": {"Single Carriageway": {"mae": 14.919746963878991, "mse": 244.16950061714567, "best_function": 0, "parameters": [1.0, 1.0, 1.0, 1.0, 1.0, 1.0, 1.0]}}, "street_tally": [1.0, 0.0, 0.0]}