{"nature_results": {"Dual Carriageway": {"mae": 245.34386567514269, "mse": 3147755.1989914444, "best_function": 1, "parameters": [-0.41435268250898005, 1.0787957070898944, 1.0580335939529835, 1.2249721927213313, 0.91318157610129425, -4.37511936975186, 1.0, 46.15582505590627]}}, "street_tally": [0.0, 1.0, 0.0]}