{"nature_results": {"Single Carriageway": {"mae": 8.6118212271126016, "mse": 106.73088183356711, "best_function": 1, "parameters": [4.2782646184285547, 1.3678809564074079, 1.1885455309486181, -1.0518450493080915, 1.7488834554149033, 0.82469141961147441, 1.0, 14.717151445030874]}}, "street_tally": [0.0, 1.0, 0.0]}