{"nature_results": {"Single Carriageway": {"mae": 7.5667641124483911, "mse": 107.73115604971058, "best_function": 1, "parameters": [2.5100717767713254, 0.93862984272122507, 0.94874689812750423, -0.18110639560628128, 1.4247503126469292, 3.4724155340835003, 1.0, 19.176967771423982]}, "Slip Road": {"mae": 12.99996511838515, "mse": 244.94113614911441, "best_function": 0, "parameters": [1.0, 1.0, 1.0, 1.0, 1.0, 1.0, 1.0]}, "Traffic Island Link": {"mae": 16.560697607331935, "mse": 324.8191292076192, "best_function": 0, "parameters": [1.0, 1.0, 1.0, 1.0, 1.0, 1.0, 1.0]}}, "street_tally": [2.0, 1.0, 0.0]}