{"nature_results": {"Traffic Island Link At Junction": {"mae": 22.105867098790185, "mse": 522.8473475372806, "best_function": 0, "parameters": [1.0, 1.0, 1.0, 1.0, 1.0, 1.0, 1.0]}, "Single Carriageway": {"mae": 7.7580146818960234, "mse": 84.464658068483757, "best_function": 2, "parameters": [3.226863887349352, 11.81600223599032, 1.748224513197761, 1.0, -0.010215264361418397, -0.055924764579815545, 0.90649665817022063, -1.6596339691372632, 17.355599415752589]}}, "street_tally": [1.0, 0.0, 1.0]}