{"nature_results": {"Single Carriageway": {"mae": 6.9803644225621051, "mse": 76.072557691458584, "best_function": 2, "parameters": [-2.1049721687224165, 0.24314479948084167, 1.3199884180885528, 1.0, -0.043695741287334888, 0.42253283383200013, -1.4928310714445594, 2.9865203952378558, 17.82296241176449]}, "Dual Carriageway": {"mae": 7.6572038597220908, "mse": 95.26534856867022, "best_function": 2, "parameters": [-0.86353924215542355, 1.1529217410013777, 0.54795738901369373, 1.0, -0.022851906824287394, 0.28392202043574633, -1.6606362941092532, 4.9177719622742941, 16.57771783088776]}, "Traffic Island Link": {"mae": 10.965047052535919, "mse": 392.50098531211603, "best_function": 1, "parameters": [1.7061015144615674, 1.0210166969900807, 1.0164028779055871, 0.22091532870992225, 1.2758837597503545, 1.3241329213009434, 1.0, 16.156384717031671]}}, "street_tally": [0.0, 1.0, 2.0]}