{"nature_results": {"Traffic Island Link At Junction": {"mae": 4.7608429920433046, "mse": 38.28425704288896, "best_function": 2, "parameters": [1.6549898941833159, 3.3804144222080978, -2.5938569430271623, 1.0, 0.022394462016075312, -0.35348548071986485, 1.5277961437149918, -1.3279334268640763, 19.41531741276064]}, "Single Carriageway": {"mae": 5.1905229237069088, "mse": 50.808413744099781, "best_function": 2, "parameters": [-2.5505967864490673, 2.3585553251500917, -0.39711892147482253, 1.0, -0.036900135373989063, 0.49973907258513672, -2.1527794574571963, 3.3136054957799104, 24.966357439796706]}, "Dual Carriageway": {"mae": 315.50233893257234, "mse": 438639.49987321586, "best_function": 1, "parameters": [1.0, 1.0, 1.0, 1.0, 1.0, 1.0, 1.0, 1.0]}}, "street_tally": [0.0, 1.0, 2.0]}