{"nature_results": {"Single Carriageway": {"mae": 5.7858045832472955, "mse": 56.033722080003059, "best_function": 2, "parameters": [-0.75105415886428184, 1.1048319827502868, -0.49861525493956149, 1.0, 0.025519794947335472, -0.39125742946038344, 1.3532573204796339, 0.77195480803329553, 28.814689839647958]}, "Dual Carriageway": {"mae": 7.8867013172205329, "mse": 94.015037388740083, "best_function": 2, "parameters": [0.88609835029859296, 2.1686304756229235, -4.1926873809762029, 1.0, -0.1542556602310583, 1.9089140901000015, -8.4667427647974769, 16.557542782993202, 21.396059005193401]}}, "street_tally": [0.0, 0.0, 2.0]}