{"nature_results": {"Traffic Island Link At Junction": {"mae": 15.459819238301597, "mse": 360.47247574921209, "best_function": 0, "parameters": [1.0, 1.0, 1.0, 1.0, 1.0, 1.0, 1.0]}, "Single Carriageway": {"mae": 25.156459270923779, "mse": 743.69598269873268, "best_function": 0, "parameters": [1.0, 1.0, 1.0, 1.0, 1.0, 1.0, 1.0]}, "Dual Carriageway": {"mae": 8.2425008935031769, "mse": 113.1770055587327, "best_function": 2, "parameters": [90.464162580278028, 64.543828754441861, -5.9201699507466223, 1.0, 0.10626392956878739, -1.3805078152184129, 6.0385017376301162, -9.40460429759435, 37.573699602893974]}, "Slip Road": {"mae": 6.6615541834324468, "mse": 61.800697514546791, "best_function": 2, "parameters": [148.30729366399859, 71.456406442568863, -2.614613441345722, 1.0, -0.26491847009142999, 3.1716406806758881, -11.225421187158371, 10.467597084607903, 15.491429913574132]}}, "street_tally": [2.0, 0.0, 2.0]}