{"nature_results": {"Single Carriageway": {"mae": 19.574981177898419, "mse": 454.36996914316921, "best_function": 0, "parameters": [1.0, 1.0, 1.0, 1.0, 1.0, 1.0, 1.0]}}, "street_tally": [1.0, 0.0, 0.0]}