{"nature_results": {"Single Carriageway": {"mae": 15.763826447058554, "mse": 293.34180708832713, "best_function": 0, "parameters": [1.0, 1.0, 1.0, 1.0, 1.0, 1.0, 1.0]}, "Traffic Island Link": {"mae": 3.9297499967305054, "mse": 22.805138685203698, "best_function": 0, "parameters": [-12.472636797596026, 2.1833188953893163, -2.0957036334342072, 1.0, 0.39933999634149731, 0.82990122711705183, 23.175013891067252]}}, "street_tally": [2.0, 0.0, 0.0]}