{"nature_results": {"Traffic Island Link At Junction": {"mae": 3.2831959490729692, "mse": 20.046791985262566, "best_function": 1, "parameters": [4.2249110685691011, 0.95279562472741641, 0.98256323208565266, -1.0903913752804493, 1.774275893107546, 2.4106524063647328, 1.0, 13.929122490287364]}, "Single Carriageway": {"mae": 6.1198798572187512, "mse": 53.497640582845605, "best_function": 1, "parameters": [3.7728348798233498, 0.95046608834697177, 0.9900854828599589, -0.84947338065579703, 1.6830001832667003, -1.8420468544135682, 1.0, 27.637445742722839]}}, "street_tally": [0.0, 2.0, 0.0]}