{"nature_results": {"Traffic Island Link At Junction": {"mae": 20.818862218996379, "mse": 525.45854547523527, "best_function": 0, "parameters": [1.0, 1.0, 1.0, 1.0, 1.0, 1.0, 1.0]}, "Single Carriageway": {"mae": 21.582826078855426, "mse": 527.41196712045121, "best_function": 0, "parameters": [1.0, 1.0, 1.0, 1.0, 1.0, 1.0, 1.0]}, "Slip Road": {"mae": 7.6806109774777189, "mse": 86.960635637808778, "best_function": 1, "parameters": [3.0075658740559521, -2.1689622558897748, -0.25452014713579496, -0.50352092363393575, 1.5587259936170668, 3.4039968031707692, 1.0, 6.6080943577237861]}, "Traffic Island Link": {"mae": 6.2618253621523818, "mse": 75.551565405253413, "best_function": 2, "parameters": [0.63410132118904672, 1.206041106921115, -1.0302373285144784, 1.0, -0.0072673948496244645, -0.074950890033305573, 0.74733085287320489, -0.52405686368940296, 31.529032247535788]}}, "street_tally": [2.0, 1.0, 1.0]}