{"nature_results": {"Traffic Island Link At Junction": {"mae": 23.371859935468706, "mse": 689.572968052021, "best_function": 0, "parameters": [1.0, 1.0, 1.0, 1.0, 1.0, 1.0, 1.0]}, "Single Carriageway": {"mae": 7.8639226748385997, "mse": 103.29979641988051, "best_function": 1, "parameters": [1.6621647298302784, 0.98403543689329742, 0.99927322869538149, 0.21460724907673068, 1.2836529461032813, 1.4801305921217038, 1.0, 26.741562731846937]}}, "street_tally": [1.0, 1.0, 0.0]}