{"nature_results": {"Traffic Island Link At Junction": {"mae": 8.8211575319326787, "mse": 121.76714476504657, "best_function": 0, "parameters": [-0.8652027298409144, 2.6450498325305016, -2.4748878187785612, 1.0, 1.604436160069135, 0.302068925202859, 26.590380016111382]}, "Single Carriageway": {"mae": 7.4972059338440404, "mse": 88.33876294648617, "best_function": 2, "parameters": [-1.6126459192852662, 0.74569545637774681, -3.03187287162923, 1.0, -0.12296361995730209, 1.3571915456036245, -3.8768691356900771, 1.0761813611983964, 35.202727872670877]}, "Dual Carriageway": {"mae": 26.43132369053982, "mse": 747.84168493609627, "best_function": 0, "parameters": [1.0, 1.0, 1.0, 1.0, 1.0, 1.0, 1.0]}, "Roundabout": {"mae": 5.8894460330786629, "mse": 68.526922112292425, "best_function": 2, "parameters": [3.6441244516040818, 3.5334458093867407, -0.89613779581415476, 1.0, 0.014229961013437542, -0.25444005456425822, 1.4836241229114457, -3.2109420935697717, 25.609503294402625]}}, "street_tally": [2.0, 0.0, 2.0]}