{"nature_results": {"Single Carriageway": {"mae": 13.23092118890381, "mse": 219.3751055899389, "best_function": 1, "parameters": [2.9233106964593718, 0.074385315119811168, 0.80052584319409847, -0.25258386520832277, 1.4308674418265033, -13.329515372002909, 1.0, 30.595647143318619]}}, "street_tally": [0.0, 1.0, 0.0]}