{"nature_results": {"Traffic Island Link At Junction": {"mae": 8.2698248557054033, "mse": 119.6303468473137, "best_function": 2, "parameters": [-4.2630291654570573, 9.0749847216558734, -0.82915721203599446, 1.0, -0.054961457457381346, 0.56409011044318025, -2.4561730914291418, 6.5299041900163148, 23.143940677785626]}, "Single Carriageway": {"mae": 4.7357381866556079, "mse": 45.144255595226703, "best_function": 2, "parameters": [-2.2557140900912374, 2.0059827228939082, 0.44771721712370371, 1.0, -0.060766289427516051, 0.64978945265310994, -2.4642700124569958, 4.4065095062079092, 26.86342409818462]}, "Slip Road": {"mae": 9.2462937107369019, "mse": 114.6448744405199, "best_function": 2, "parameters": [-5.7305494373838028, 0.16123955462986672, 0.3005274826481652, 1.0, -0.091948563378451142, 1.0182275332674131, -3.2109911089974839, 2.0933674443617978, 22.997355787353772]}, "Dual Carriageway": {"mae": 14.000935076177282, "mse": 428.36136018165519, "best_function": 1, "parameters": [1.3434477526592177, 0.99143391706284179, 0.99927464392951271, 0.38321458543229681, 1.218617393612867, -0.028460018426907041, 1.0, 29.693831075068552]}, "Traffic Island Link": {"mae": 7.1711378374170254, "mse": 102.31545893070671, "best_function": 2, "parameters": [1.8868770127281369, 3.58782413858785, 1.2348974970119955, 1.0, -0.13825599706027281, 1.6097717473167255, -6.1231234793199985, 8.6643672867335582, 27.839482397951393]}}, "street_tally": [0.0, 1.0, 4.0]}