{"nature_results": {"Traffic Island Link At Junction": {"mae": 8.9962904319466972, "mse": 131.36866746002897, "best_function": 2, "parameters": [-7.2953500628158618, 4.1277846032927155, -0.48821005193371558, 1.0, 0.0013626776348770742, -0.1236008977943639, 0.50168796223071221, 0.39560259813880572, 27.289253354366465]}, "Single Carriageway": {"mae": 5.2818291344372623, "mse": 49.709033526731446, "best_function": 2, "parameters": [-0.63004364155437442, 1.8188677228070631, -1.1875099488285534, 1.0, -0.045194892957933996, 0.36830240397775094, -1.2195364445409158, 2.79695627106031, 37.832468165349113]}, "Dual Carriageway": {"mae": 15.662749574174557, "mse": 498.14025270839539, "best_function": 1, "parameters": [1.4006659243645232, 0.98035626066477599, 0.99138222231206052, 0.35636607596221892, 1.2282068728794722, -0.6114282397904871, 1.0, 31.350707312659253]}}, "street_tally": [0.0, 1.0, 2.0]}