{"nature_results": {"Traffic Island Link At Junction": {"mae": 6.5390415783878009, "mse": 76.216048518845724, "best_function": 2, "parameters": [11.498928862844705, 12.253651158842182, -0.2539686760585107, 1.0, -0.11059760681789776, 1.328170115312139, -5.4638442517886858, 9.6745970826011263, 29.034103497641251]}, "Single Carriageway": {"mae": 8.451092930808759, "mse": 126.77067557140907, "best_function": 2, "parameters": [1.4126778162290787, 4.2063159235141212, 3.6390736162446049, 1.0, -0.20078699974947045, 2.5105435956848403, -10.246293146711219, 14.873668248305217, 25.574991577434233]}, "Traffic Island Link": {"mae": 10.129638914845849, "mse": 157.09182767350302, "best_function": 2, "parameters": [-1.5843171403732472, 4.1500014191059593, 5.2781330763763012, 1.0, -0.33597979498886565, 3.9883755758260127, -15.149075400853139, 19.592555805062219, 27.028749937027985]}}, "street_tally": [0.0, 0.0, 3.0]}