{"nature_results": {"Dual Carriageway": {"mae": 7.3382339783600292, "mse": 78.771827150741757, "best_function": 0, "parameters": [1.0, 1.0, 1.0, 1.0, 1.0, 1.0, 1.0]}}, "street_tally": [1.0, 0.0, 0.0]}