{"nature_results": {"Single Carriageway": {"mae": 6.1230722169505301, "mse": 68.108828315744475, "best_function": 0, "parameters": [9.9580087387991103, 14.975250085903815, -1.6338723579759158, 1.0, 1.7863755205917708, 0.21815205599468346, 35.922904230377938]}}, "street_tally": [1.0, 0.0, 0.0]}