{"nature_results": {"Single Carriageway": {"mae": 6.2049497630241488, "mse": 61.055185463763991, "best_function": 2, "parameters": [-3.0681687854353541, 4.1005013433044848, 0.83831484620617158, 1.0, -0.17062882475817953, 1.9526931733235164, -6.3970932669197431, 4.9123007086788135, 30.593048596230314]}}, "street_tally": [0.0, 0.0, 1.0]}