{"nature_results": {"Traffic Island Link At Junction": {"mae": 20.025308918902333, "mse": 483.55395673118562, "best_function": 0, "parameters": [1.0, 1.0, 1.0, 1.0, 1.0, 1.0, 1.0]}, "Single Carriageway": {"mae": 20.670018388188097, "mse": 492.04487579321415, "best_function": 0, "parameters": [1.0, 1.0, 1.0, 1.0, 1.0, 1.0, 1.0]}, "Traffic Island Link": {"mae": 9.7774491258756324, "mse": 539.15236937519671, "best_function": 2, "parameters": [10.20489018810828, 2.7350914555049259, 3.4663878059990174, 1.0, -0.047844507194038766, 0.36250467781393014, -0.042874090763189265, -2.1486066778966451, 25.598916830428237]}}, "street_tally": [2.0, 0.0, 1.0]}