{"nature_results": {"Single Carriageway": {"mae": 3.8552916367466161, "mse": 25.935808863745631, "best_function": 0, "parameters": [-5.3510769061450656, 0.53424683392936045, 0.36980911787882986, 1.0, 0.68225863751794202, 0.77489173005838774, 29.171859295191595]}, "Slip Road": {"mae": 6.6346026876158914, "mse": 56.149591242217056, "best_function": 1, "parameters": [0.5708510670508653, -16072.675106875859, -6674.2122090589046, 0.87622501566620314, 1.0159813714728672, 2.9958109429451296, 1.0, 7.7348053150881659]}, "Dual Carriageway": {"mae": 18.804657315468532, "mse": 428.6729143546454, "best_function": 0, "parameters": [1.0, 1.0, 1.0, 1.0, 1.0, 1.0, 1.0]}, "Traffic Island Link": {"mae": 51.353407165049248, "mse": 121367.72870065128, "best_function": 1, "parameters": [-0.1516019801186137, 1.0008859414251559, 1.0264220467282077, 1.0715744985137647, 0.97420720286820872, 0.70359893685057706, 1.0, 32.993395961503118]}}, "street_tally": [2.0, 2.0, 0.0]}