{"nature_results": {"Single Carriageway": {"mae": 5.3592229232171302, "mse": 45.572219005618159, "best_function": 2, "parameters": [3.3473975212088445, 0.96778755408312001, -2.3524247700624383, 1.0, -0.11373656084873374, 1.2078909249493095, -3.4670021080534701, 1.2608782405889136, 34.96128647293262]}, "Slip Road": {"mae": 6.084868853915558, "mse": 51.328859295653125, "best_function": 1, "parameters": [0.0035707898291762463, 0.99766306869421884, 0.9937913231310499, 1.0290852139569964, 0.98373072020783403, -0.070171322669820846, 1.0, 23.794059657150047]}}, "street_tally": [0.0, 1.0, 1.0]}