{"nature_results": {"Traffic Island Link At Junction": {"mae": 28.037095011629425, "mse": 862.25229887311173, "best_function": 0, "parameters": [1.0, 1.0, 1.0, 1.0, 1.0, 1.0, 1.0]}, "Single Carriageway": {"mae": 24.570433344157472, "mse": 673.45853143532474, "best_function": 0, "parameters": [1.0, 1.0, 1.0, 1.0, 1.0, 1.0, 1.0]}, "Slip Road": {"avg_speed": {"mae": 24.902492408148426, "mse": 651.6606802438979, "best_function": 0, "parameters": [1.0, 1.0, 1.0, 1.0, 1.0, 1.0, 1.0]}}, "Dual Carriageway": {"mae": 24.902492408148426, "mse": 651.6606802438979, "best_function": 0, "parameters": [1.0, 1.0, 1.0, 1.0, 1.0, 1.0, 1.0]}, "Traffic Island Link": {"mae": 10.214440101935606, "mse": 149.56550342825392, "best_function": 2, "parameters": [7.2265592289422562, 7.78317220903525, 2.3808426950776118, 1.0, -0.034598810847613182, 0.30382562850306682, -1.0151184285121304, 2.219011536657916, 26.353390380971323]}}, "street_tally": [3.0, 0.0, 1.0]}