{"nature_results": {"Dual Carriageway": {"mae": 6.3034410652294577, "mse": 68.159377288600481, "best_function": 0, "parameters": [0.72388129363001807, 5.8744138455253143, -1.8446481756161397, 1.0, 1.7783126904996711, 0.33576857944621863, 47.874445544999396]}}, "street_tally": [1.0, 0.0, 0.0]}