{"nature_results": {"Traffic Island Link At Junction": {"mae": 9.4818205661474622, "mse": 137.81985619266794, "best_function": 0, "parameters": [1.0, 1.0, 1.0, 1.0, 1.0, 1.0, 1.0]}, "Single Carriageway": {"mae": 5.195091610452649, "mse": 47.004599468822242, "best_function": 2, "parameters": [1.0903395984975288, 0.73763806042867097, 0.48010797211124678, 1.0, -0.072010888253479344, 1.0147367683160591, -4.8441055167989182, 8.2212974040465028, 20.845434476523675]}, "Traffic Island Link": {"mae": 5.8162761350237631, "mse": 63.475946918059336, "best_function": 2, "parameters": [4.2015370090176436, 1.0993264459256762, 0.23737142231961073, 1.0, -0.093853570284446741, 1.375676169025877, -6.836742853578758, 11.987732959458439, 23.315572052622603]}}, "street_tally": [1.0, 0.0, 2.0]}