{"nature_results": {"Traffic Island Link At Junction": {"mae": 8.3526128357981815, "mse": 111.4415623400677, "best_function": 1, "parameters": [1.7205286876714023, 0.9914480161970709, 1.0073181179123765, 0.2074221510629205, 1.2828200858673673, 0.96426279878353982, 1.0, 21.703491257894704]}, "Single Carriageway": {"mae": 27.053306150097217, "mse": 806.53351553953041, "best_function": 0, "parameters": [1.0, 1.0, 1.0, 1.0, 1.0, 1.0, 1.0]}, "Dual Carriageway": {"mae": 9.8825482432151848, "mse": 154.21677116111539, "best_function": 1, "parameters": [3.1995332538242449, 0.98046945178341305, 0.99153785317618304, -0.53329204988949797, 1.5584160594117189, 2.0290780332803973, 1.0, 18.163332133803699]}, "Roundabout": {"mae": 11.500224787291346, "mse": 182.4583354387056, "best_function": 1, "parameters": [5.0025115604028016, 0.9892040060964693, 1.0151311642456331, -1.4847822329432003, 1.9216396386313339, 2.8567551894852539, 1.0, 29.159453500706636]}}, "street_tally": [1.0, 3.0, 0.0]}