{"nature_results": {"Dual Carriageway": {"mae": 16.710958185432748, "mse": 375.58493398544289, "best_function": 0, "parameters": [1.0, 1.0, 1.0, 1.0, 1.0, 1.0, 1.0]}}, "street_tally": [1.0, 0.0, 0.0]}