{"nature_results": {"Single Carriageway": {"mae": 6.270619951321895, "mse": 70.357769306236605, "best_function": 2, "parameters": [-1.3762648321019646, 0.47582523332114457, 2.1576685647644087, 1.0, 0.0030151269438567496, -0.1062282339038696, 0.51474438682734713, -0.052719543690200599, 22.070322470306227]}, "Dual Carriageway": {"mae": 6.1357385745565214, "mse": 58.413004290100808, "best_function": 0, "parameters": [-1.0149883367296959, 0.11736082796233627, -1.7874158241135891, 1.0, 1.5072924928521625, 0.34133322648708231, 20.124726761853076]}}, "street_tally": [1.0, 0.0, 1.0]}