{"nature_results": {"Single Carriageway": {"mae": 20.078520120367823, "mse": 491.85947594313399, "best_function": 0, "parameters": [1.0, 1.0, 1.0, 1.0, 1.0, 1.0, 1.0]}, "Dual Carriageway": {"mae": 23.579217552898921, "mse": 609.21106268133599, "best_function": 0, "parameters": [1.0, 1.0, 1.0, 1.0, 1.0, 1.0, 1.0]}, "Slip Road": {"mae": 5.6952214471262224, "mse": 71.20083120611126, "best_function": 0, "parameters": [3.3213483937603283, 5.2115916425048079, 3.1322854057034153, 1.0, 0.8436306369785691, 0.8081649084747714, 18.070295872750535]}}, "street_tally": [3.0, 0.0, 0.0]}