{"nature_results": {"Single Carriageway": {"mae": 6.879343517306193, "mse": 72.072829022364175, "best_function": 0, "parameters": [4.9660064494352083, 8.4272741934824253, 0.68862507332072598, 1.0, 0.60242818122060182, 0.40858159656548854, 20.436584661606602]}}, "street_tally": [1.0, 0.0, 0.0]}