{"nature_results": {"Traffic Island Link At Junction": {"mae": 10.323663586458794, "mse": 145.96134481636676, "best_function": 2, "parameters": [5.5477072248494625, 5.0091012643206785, 1.220360949834683, 1.0, -0.0046553843571044418, 0.097119297676258487, -0.72101333964216274, 1.4726316591700954, 24.870066235100321]}, "Single Carriageway": {"mae": 4.8022867357367236, "mse": 40.552147861519664, "best_function": 2, "parameters": [19.267439483178947, 20.339716445063871, 1.6834034284722488, 1.0, 0.061179903221216803, -0.75932956968368948, 2.6701415766192071, -2.3681208424424915, 32.587672567071834]}}, "street_tally": [0.0, 0.0, 2.0]}