{"nature_results": {"Traffic Island Link At Junction": {"mae": 10.568584868888975, "mse": 228.70581434747803, "best_function": 1, "parameters": [4.4927551054849335, 0.59754384801081528, 0.7792350257445444, -1.153255324965246, 1.7873223187481688, 5.1256193281013882, 1.0, 11.2145122960638]}, "Single Carriageway": {"mae": 18.159118382192855, "mse": 21860.002740976994, "best_function": 2, "parameters": [28.168486934198572, 18.797535054553187, 0.14529952120060796, 1.0, -0.066980563019938266, 0.7718651636767988, -2.6439520201459841, 2.3582776882221035, 25.463757022091603]}, "Dual Carriageway": {"mae": 19.048248850839311, "mse": 403.64554566759097, "best_function": 0, "parameters": [1.0, 1.0, 1.0, 1.0, 1.0, 1.0, 1.0]}, "Traffic Island Link": {"mae": 27.474846309891156, "mse": 799.36628707021362, "best_function": 0, "parameters": [1.0, 1.0, 1.0, 1.0, 1.0, 1.0, 1.0]}}, "street_tally": [2.0, 1.0, 1.0]}