{"nature_results": {"Single Carriageway": {"mae": 5.5804168871928699, "mse": 55.405588605658693, "best_function": 2, "parameters": [0.73772719613488535, 2.4444862355764676, -0.2240986684030537, 1.0, -0.060414515444965788, 0.65083156633498374, -2.4365584902440496, 4.0412105714980715, 30.095781018279919]}, "Roundabout": {"mae": 7.3103797507891572, "mse": 88.702789641324827, "best_function": 2, "parameters": [-0.41600326225366291, 5.0722439643168746, -0.31823068040932623, 1.0, 0.0056748884404148603, -0.0030597745765428286, -0.90815700455716764, 4.1323072808569474, 28.756109146190436]}, "Traffic Island Link": {"mae": 25.351385581203228, "mse": 725.36082529215707, "best_function": 0, "parameters": [1.0, 1.0, 1.0, 1.0, 1.0, 1.0, 1.0]}, "Traffic Island Link At Junction": {"mae": 8.7054326089566612, "mse": 126.61317360114842, "best_function": 2, "parameters": [3.5094779181206728, 3.6747785097048813, -0.46134533116021958, 1.0, -0.044726579420120594, 0.47351024970598321, -1.7226085772559978, 1.8674130902009101, 32.154336256299494]}, "Slip Road": {"mae": 6.727811118127546, "mse": 75.079878314611193, "best_function": 0, "parameters": [-13.318334666345214, 2.3553463273049191, -1.0150398017089097, 1.0, -0.17425177564576755, 1.0725306226701155, 21.038084599313073]}, "Dual Carriageway": {"mae": 8.0631715294767261, "mse": 114.77601162650326, "best_function": 2, "parameters": [0.40287876892828356, 5.3731931706861076, -0.87925550406884012, 1.0, 0.039058769507408386, -0.47793010938776925, 1.4527672234895632, -0.053173230633579038, 38.548842253090385]}}, "street_tally": [2.0, 0.0, 4.0]}