{"nature_results": {"Single Carriageway": {"mae": 8.3077019203943436, "mse": 94.352721916353872, "best_function": 1, "parameters": [2.5773356428380207, 0.95677117012255763, 0.97805262723260933, -0.22457113887188629, 1.4446465667519308, 3.5508521900274501, 1.0, 13.834411771411776]}}, "street_tally": [0.0, 1.0, 0.0]}