{"nature_results": {"Traffic Island Link At Junction": {"mae": 18.051867848041528, "mse": 415.78708591547797, "best_function": 0, "parameters": [1.0, 1.0, 1.0, 1.0, 1.0, 1.0, 1.0]}, "Single Carriageway": {"mae": 20.593955095843281, "mse": 487.88380967730643, "best_function": 0, "parameters": [1.0, 1.0, 1.0, 1.0, 1.0, 1.0, 1.0]}, "Dual Carriageway": {"mae": 7.1407558298579668, "mse": 82.004686037931947, "best_function": 0, "parameters": [-1.3927189510743552, 0.051423895983398027, 3.012174060891291, 1.0, 1.2295861117146423, 0.34803668893566275, 18.922695176085945]}}, "street_tally": [3.0, 0.0, 0.0]}