{"nature_results": {"Traffic Island Link At Junction": {"mae": 21.861608493564912, "mse": 600.79347521615739, "best_function": 0, "parameters": [1.0, 1.0, 1.0, 1.0, 1.0, 1.0, 1.0]}, "Single Carriageway": {"mae": 21.777923770290641, "mse": 530.07556636342019, "best_function": 0, "parameters": [1.0, 1.0, 1.0, 1.0, 1.0, 1.0, 1.0]}, "Dual Carriageway": {"mae": 7.8544281084885608, "mse": 108.97565424479247, "best_function": 2, "parameters": [-1.004533778084447, 4.0131567686924345, -0.48510544972390024, 1.0, -0.044850716032911464, 0.46864247136879122, -1.5395827052732796, 1.9879607749655661, 22.442012092896029]}}, "street_tally": [2.0, 0.0, 1.0]}