{"nature_results": {"Single Carriageway": {"mae": 4.7249626053677858, "mse": 38.496602206287804, "best_function": 2, "parameters": [0.0063564075204560755, 3.5610051757714101, -0.78159262842189126, 1.0, -0.082932554681409254, 0.82356739903810539, -2.4426028956361416, 2.3123298826639549, 30.744244524765204]}, "Slip Road": {"mae": 5.8257052626084684, "mse": 70.200870867810039, "best_function": 0, "parameters": [1.0, 1.0, 1.0, 1.0, 1.0, 1.0, 1.0]}}, "street_tally": [1.0, 0.0, 1.0]}