{"nature_results": {"Traffic Island Link At Junction": {"mae": 11.787792050853298, "mse": 172.32292242682749, "best_function": 0, "parameters": [1.0, 1.0, 1.0, 1.0, 1.0, 1.0, 1.0]}, "Single Carriageway": {"mae": 5.2321454793800362, "mse": 42.561872232505372, "best_function": 2, "parameters": [10.94540093074804, 3.6208682819677787, 1.5991545051422982, 1.0, 0.012740474283636671, -0.45523175034350039, 3.0129735526121411, -5.216127914851203, 24.086102855622009]}, "Traffic Island Link": {"mae": 8.3123568490705253, "mse": 100.61118377350542, "best_function": 2, "parameters": [0.80307759175432647, 17.149729459215088, -0.085875057257921439, 1.0, -0.2680827144799125, 3.040646240219754, -10.394052059742796, 12.18993907585004, 17.061000513977689]}}, "street_tally": [1.0, 0.0, 2.0]}