{"nature_results": {"Single Carriageway": {"mae": 20.203369983582732, "mse": 464.85453592049015, "best_function": 0, "parameters": [1.0, 1.0, 1.0, 1.0, 1.0, 1.0, 1.0]}, "Roundabout": {"mae": 25.882735835368418, "mse": 753.02979267067712, "best_function": 1, "parameters": [6.6256156725728372, 0.96030458798237495, 1.0850532226241691, -2.2671718600332338, 2.2093742753512604, 2.1146140857818767, 1.0, 42.184976062010023]}, "Dual Carriageway": {"mae": 17.888785854658703, "mse": 389.10958013375352, "best_function": 0, "parameters": [1.0, 1.0, 1.0, 1.0, 1.0, 1.0, 1.0]}, "Slip Road": {"avg_speed": {"mae": 20.203369983582732, "mse": 464.85453592049015, "best_function": 0, "parameters": [1.0, 1.0, 1.0, 1.0, 1.0, 1.0, 1.0]}}}, "street_tally": [2.0, 1.0, 0.0]}