{"nature_results": {"Traffic Island Link At Junction": {"mae": 8.5508979953832007, "mse": 98.435372817895129, "best_function": 2, "parameters": [-2.4482944747310751, 11.006058953344485, -0.68528493630154874, 1.0, -0.0089688949453259337, 0.079046724774282651, -0.28965398874370329, 0.4164727694028425, 16.525327832542875]}, "Single Carriageway": {"mae": 8.8499222251652938, "mse": 134.79553893912069, "best_function": 1, "parameters": [2.8575918251603021, 0.98660030635413409, 0.97902367636577592, -0.38537699623021715, 1.5085944622136331, -1.9902460066085306, 1.0, 29.599733933909896]}, "Dual Carriageway": {"mae": 22.141606047019977, "mse": 612.70377479164506, "best_function": 0, "parameters": [1.0, 1.0, 1.0, 1.0, 1.0, 1.0, 1.0]}, "Traffic Island Link": {"mae": 11.12811651575619, "mse": 191.5009665978674, "best_function": 1, "parameters": [4.2919735725896606, 0.99139490580962886, 0.96407777643478787, -1.0790427997137737, 1.7624861060389319, -3.3846338111512981, 1.0, 32.362859489923913]}}, "street_tally": [1.0, 2.0, 1.0]}