{"nature_results": {"Traffic Island Link At Junction": {"mae": 4.7295561878668808, "mse": 41.643075373262455, "best_function": 0, "parameters": [0.94935983273226399, 4.0237509030129193, 3.5043278322053357, 1.0, 2.0420696641995084, 0.075725750386426594, 20.766435986439387]}, "Single Carriageway": {"mae": 5.528730928188005, "mse": 53.0657300043354, "best_function": 2, "parameters": [-1.9578768590949216, 1.6011467174356251, 2.5785938711103524, 1.0, -0.15464184623880217, 1.8702139962597741, -7.2718216182303212, 9.7883714283186922, 24.728008604983476]}, "Traffic Island Link": {"mae": 8.3969239137723353, "mse": 106.05464638111071, "best_function": 2, "parameters": [0.39944153383527781, 0.9512875723431129, 1.4631076548977462, 1.0, -0.21027655122261191, 2.6362405482302775, -10.707356950973672, 15.195869243370526, 21.463185327489004]}}, "street_tally": [1.0, 0.0, 2.0]}