{"nature_results": {"Traffic Island Link At Junction": {"mae": 6.3609989871736694, "mse": 73.35962373449324, "best_function": 2, "parameters": [2.079624511623992, 2.0164545471765982, 1.0250199528573667, 1.0, -0.067871528528804292, 0.61611206948812958, -1.522636699706549, 1.0356294476174206, 19.368658282212568]}, "Single Carriageway": {"mae": 3.8088358986296087, "mse": 24.262394199242774, "best_function": 2, "parameters": [-1.1533905346004265, 1.9502742350738163, -0.28337147662599227, 1.0, -0.12143162923511031, 1.3279772521111826, -4.4483461293337498, 4.5366742167742586, 23.366953824293446]}}, "street_tally": [0.0, 0.0, 2.0]}