{"nature_results": {"Traffic Island Link At Junction": {"mae": 6.0568735634845501, "mse": 57.393097816051139, "best_function": 2, "parameters": [14.013516958670831, 15.457460263203783, -2.8466627323091758, 1.0, -0.11185360030061742, 1.5099905059689331, -6.0335331637774177, 6.2027029379299758, 14.061241158094967]}, "Single Carriageway": {"mae": 21.109908843161609, "mse": 482.41444123619777, "best_function": 0, "parameters": [1.0, 1.0, 1.0, 1.0, 1.0, 1.0, 1.0]}, "Dual Carriageway": {"mae": 3.4436997226197752, "mse": 23.532739468563044, "best_function": 0, "parameters": [-0.35109440034045636, 0.23978388636687142, 0.26493557310984683, 1.0, 0.63581883121189819, 1.0394490936679452, 24.164016566773778]}}, "street_tally": [2.0, 0.0, 1.0]}