{"nature_results": {"Traffic Island Link At Junction": {"mae": 4.3141360601737917, "mse": 33.178665269106311, "best_function": 2, "parameters": [10.475528755855754, 12.626004861858281, 0.91750899719061207, 1.0, 0.072656716189145598, -1.0353836227288502, 4.36277874199543, -4.497905860082871, 20.374984310056849]}, "Single Carriageway": {"mae": 5.9439211314015301, "mse": 54.252963810838558, "best_function": 2, "parameters": [-2.6299577453606986, 3.323515451341621, 3.1751853127648917, 1.0, -0.040902783028508916, 0.19281967291683144, 0.26937764145628706, -0.018462227245256591, 30.199215534847198]}}, "street_tally": [0.0, 0.0, 2.0]}