{"nature_results": {"Single Carriageway": {"mae": 6.351461592577726, "mse": 76.043249242241728, "best_function": 2, "parameters": [-5.4348692476808749, 3.9714462285187162, -2.5208298871564545, 1.0, 0.00211061758922515, -0.2534949059641356, 1.3335815692493125, 0.30049587137529987, 32.589548507613486]}}, "street_tally": [0.0, 0.0, 1.0]}