{"nature_results": {"Traffic Island Link At Junction": {"mae": 24.573400293673675, "mse": 726.91105185537504, "best_function": 0, "parameters": [1.0, 1.0, 1.0, 1.0, 1.0, 1.0, 1.0]}, "Single Carriageway": {"mae": 20.637841395909025, "mse": 490.26274299322972, "best_function": 0, "parameters": [1.0, 1.0, 1.0, 1.0, 1.0, 1.0, 1.0]}, "Dual Carriageway": {"mae": 7.1978951279733154, "mse": 91.73031331596286, "best_function": 2, "parameters": [-0.22132100078705075, 1.3187228643691666, 0.08914438238375455, 1.0, -0.023157661190543077, 0.20084065807730644, -0.91003813544912804, 3.7598932683797552, 20.919247922958384]}, "Traffic Island Link": {"mae": 25.425250449283514, "mse": 728.70368591306055, "best_function": 0, "parameters": [1.0, 1.0, 1.0, 1.0, 1.0, 1.0, 1.0]}}, "street_tally": [3.0, 0.0, 1.0]}