{"nature_results": {"Single Carriageway": {"mae": 4.7216180581065235, "mse": 43.292013945949812, "best_function": 1, "parameters": [2.3924468803058492, 0.9987615114488767, 0.98384723333406898, -0.17307924311274081, 1.4320403132479254, -0.12835027540440325, 1.0, 29.609544518617415]}, "Dual Carriageway": {"mae": 8.0805929550947013, "mse": 91.368942105897546, "best_function": 2, "parameters": [17.070150976739594, 7.2841310738261642, -3.7165747031852536, 1.0, 0.30135663726624151, -3.8316995837674188, 14.84721914875699, -16.89669929771507, 29.458917695544173]}, "Traffic Island Link": {"mae": 7.3858691633710745, "mse": 88.224978697903765, "best_function": 2, "parameters": [24.002802190809017, 12.789833012190847, -2.8904933947502052, 1.0, 0.19940439553242784, -2.587297746288951, 10.672779919493882, -14.604838011000256, 36.409089082928602]}}, "street_tally": [0.0, 1.0, 2.0]}