{"nature_results": {"Traffic Island Link At Junction": {"mae": 8.6536750621588681, "mse": 120.99962938013979, "best_function": 2, "parameters": [-12.836169870543435, 4.0001688064740639, -0.1354594769870443, 1.0, -0.071872416442308573, 0.88851235691282016, -3.6379147999775947, 5.4814188596705717, 27.727723114715484]}, "Single Carriageway": {"mae": 19.771535580593181, "mse": 557.44524457320904, "best_function": 1, "parameters": [-0.071558407348366826, 0.9980053215278013, 0.98919408129727604, 1.0627559520822045, 0.97133250430884555, 0.45755870984672542, 1.0, 32.430944546083794]}, "Roundabout": {"mae": 15.015299507934635, "mse": 323.43355270161209, "best_function": 1, "parameters": [1.5704932298577854, 0.99279462807902241, 0.95893575633889161, 0.26739605533021937, 1.2633985390802751, -3.9048103838473747, 1.0, 29.986579819218484]}, "Traffic Island Link": {"mae": 7.4163433972326347, "mse": 91.460144413971662, "best_function": 2, "parameters": [50.552100500982768, 37.42472945388716, 1.6380472209635559, 1.0, -0.2813307037838586, 3.46565452909064, -13.188417177854715, 15.347332149302421, 38.143015565719566]}}, "street_tally": [0.0, 2.0, 2.0]}