{"nature_results": {"Traffic Island Link At Junction": {"mae": 10.22191876116436, "mse": 149.73965068854397, "best_function": 2, "parameters": [89.494353483268114, 51.813326418946623, -1.2138096937364837, 1.0, -0.60379342670208258, 7.0696805422786833, -23.466411932317911, 16.466920766022131, 26.480560634112699]}, "Single Carriageway": {"mae": 20.315129606815479, "mse": 470.313047373073, "best_function": 0, "parameters": [1.0, 1.0, 1.0, 1.0, 1.0, 1.0, 1.0]}, "Dual Carriageway": {"mae": 3.7974374556493076, "mse": 21.954937987357894, "best_function": 2, "parameters": [46.941141382151955, 23.255859407938324, -0.24552967318598551, 1.0, -0.34933230653349501, 4.2294458819805616, -15.469824351937294, 16.267272254154445, 22.473896861131138]}, "Traffic Island Link": {"mae": 18.699125257319768, "mse": 361.7974201371203, "best_function": 0, "parameters": [1.0, 1.0, 1.0, 1.0, 1.0, 1.0, 1.0]}}, "street_tally": [2.0, 0.0, 2.0]}