{"nature_results": {"Dual Carriageway": {"mae": 8.1492611466828411, "mse": 112.10345653723815, "best_function": 2, "parameters": [1.989083618542701, 3.1248061218247636, 0.24206812928402877, 1.0, -0.064217194327798488, 0.69159034332378377, -1.6212522782002319, -2.7048939586911041, 58.295530451043781]}}, "street_tally": [0.0, 0.0, 1.0]}