{"nature_results": {"Single Carriageway": {"mae": 16.954342481145101, "mse": 327.55336146342148, "best_function": 0, "parameters": [1.0, 1.0, 1.0, 1.0, 1.0, 1.0, 1.0]}}, "street_tally": [1.0, 0.0, 0.0]}