{"nature_results": {"Slip Road": {"mae": 9.1719832975538935, "mse": 108.56222595213251, "best_function": 0, "parameters": [1.0, 1.0, 1.0, 1.0, 1.0, 1.0, 1.0]}}, "street_tally": [1.0, 0.0, 0.0]}