{"nature_results": {"Single Carriageway": {"mae": 6.5639461373112837, "mse": 116.83567597294308, "best_function": 0, "parameters": [-10.905859257924739, 4.3860761504357066, 0.53490113752244728, 1.0, 1.7552534405239744, 0.2531564404860539, 17.829330477102545]}}, "street_tally": [1.0, 0.0, 0.0]}