{"nature_results": {"Single Carriageway": {"mae": 8.1442533291236217, "mse": 108.20891743142941, "best_function": 2, "parameters": [1.0, 1.0, -0.92212215673358555, 1.0, -0.36313546205634339, 4.2586424414218644, -14.165098375767034, 9.6287663585603482, 31.495885054438645]}, "Dual Carriageway": {"mae": 12.215925208586876, "mse": 201.65435611370023, "best_function": 2, "parameters": [1.0, 1.0, 2.6012144938424004, 1.0, -0.24020072400470016, 2.8072641765139372, -9.86397669014465, 12.184413462616506, 5.4229629809374558]}, "Traffic Island Link": {"mae": 8.728730621693213, "mse": 127.41139337139802, "best_function": 2, "parameters": [1.0, 1.0, 0.67184154462324464, 1.0, -0.5133227645184848, 6.2427259485745008, -21.839976556079378, 16.423729113831051, 35.666676323647621]}}, "street_tally": [0.0, 0.0, 3.0]}