{"nature_results": {"Single Carriageway": {"mae": 6.0973500896082973, "mse": 65.776642013096364, "best_function": 2, "parameters": [-1.9034084883584179, 1.6374901444385328, -0.12227078043974582, 1.0, -0.016201649272336471, 0.056354703810927775, 0.31545452820278352, -0.059911794412391917, 25.207830026673243]}}, "street_tally": [0.0, 0.0, 1.0]}