{"nature_results": {"Traffic Island Link At Junction": {"mae": 11.674239876361671, "mse": 188.03176221262353, "best_function": 1, "parameters": [1.6678854267758738, 0.81769489800105588, 0.97442767130072494, 0.22051623283078414, 1.2792917760304539, -1.6008487074741744, 1.0, 20.202484496377028]}, "Single Carriageway": {"mae": 5.0574582185235313, "mse": 44.812228691240549, "best_function": 2, "parameters": [37.914533136559072, 39.001079845497486, -2.2591682390679169, 1.0, -0.0033553757644784188, 0.10366992307881717, -0.9716984565623612, 3.3024251990139217, 31.070997363278316]}}, "street_tally": [0.0, 1.0, 1.0]}