{"nature_results": {"Traffic Island Link At Junction": {"mae": 3.6125566216755267, "mse": 25.088521578098941, "best_function": 2, "parameters": [14.192409268893691, 11.884802804236999, -1.4146311373247511, 1.0, 0.10217590729359083, -1.1952448092349504, 4.4591744554771902, -5.7618961407287816, 18.008873259445743]}, "Single Carriageway": {"mae": 5.7134240608175135, "mse": 60.248692348386676, "best_function": 2, "parameters": [-1.9335073955268278, 2.5941463710490629, -1.2339956070043119, 1.0, 0.010105310398251355, -0.37330085467916785, 2.07059939200622, -1.6005890117548884, 29.766477105808164]}, "Traffic Island Link": {"mae": 4.9299220852657912, "mse": 41.70803168384942, "best_function": 2, "parameters": [-3.2531216037238062, 0.17686576878507576, -1.0329385828320188, 1.0, 0.0044429362815324724, -0.37994841934226598, 2.5223514433201442, -2.9402274440104992, 34.249506334878745]}}, "street_tally": [0.0, 0.0, 3.0]}