{"nature_results": {"Traffic Island Link At Junction": {"mae": 6.3585863469499371, "mse": 55.496244872420448, "best_function": 2, "parameters": [76.505994584379664, 38.223310451059611, 3.0666710907126959, 1.0, 0.14219145626254392, -1.5548418016302166, 4.513377966894943, -1.125787487523183, 31.897667990096224]}, "Single Carriageway": {"mae": 7.6407411721321816, "mse": 97.246469771916793, "best_function": 2, "parameters": [32.485811698044692, 19.972567136354389, 0.10200410343223154, 1.0, 0.14615782917815823, -1.8056826448440866, 6.6761801329740234, -6.7048096843040721, 24.101656353032894]}}, "street_tally": [0.0, 0.0, 2.0]}