{"nature_results": {"Single Carriageway": {"mae": 6.6344188737822121, "mse": 82.761679076167212, "best_function": 2, "parameters": [6.8521140733047012, 9.3301140288385795, 1.3541370662212797, 1.0, -0.07568010174693196, 1.0639810179279019, -5.1837563150470949, 9.6989381137570554, 25.756743023424246]}}, "street_tally": [0.0, 0.0, 1.0]}