{"nature_results": {"Slip Road": {"mae": 8.7476530842272862, "mse": 110.9961999739227, "best_function": 2, "parameters": [-0.19168109347063211, 1.7023270077889912, 0.70974489265275476, 1.0, -0.010176461771021161, 0.10564431873386637, -0.3352603143908881, 0.30267057118953866, 18.513760873145767]}}, "street_tally": [0.0, 0.0, 1.0]}