{"nature_results": {"Traffic Island Link At Junction": {"mae": 4.0598621224166456, "mse": 27.562975720867854, "best_function": 2, "parameters": [10.646513001106355, 5.4246199010971567, 4.2468876501613408, 1.0, 0.13094312845747136, -1.7791261146306745, 7.694701603766827, -11.922596337044643, 25.868349833772019]}, "Single Carriageway": {"mae": 5.6372620938288929, "mse": 45.895484289898327, "best_function": 2, "parameters": [18.215848927548798, 13.132475161361377, 3.6098018024605665, 1.0, 0.039745019572552831, -0.6432801105348942, 3.3814081937736291, -6.9269186177376199, 27.969824575295686]}, "Roundabout": {"mae": 7.3244847723732329, "mse": 94.148970257382686, "best_function": 2, "parameters": [38.940213508699429, 23.308212813998292, 4.4171232305067534, 1.0, -0.1065114531949003, 1.1628333512066522, -3.4022598999879756, 0.47473259517553634, 22.59001894398914]}}, "street_tally": [0.0, 0.0, 3.0]}