{"nature_results": {"Traffic Island Link At Junction": {"mae": 8.2225036249074357, "mse": 102.0493293411905, "best_function": 2, "parameters": [7.7530456176165696, 0.15315846410761136, 1.4406965090639763, 1.0, 0.066286316449774008, -0.87479527910333665, 3.5759229037060085, -3.6420195251770222, 17.422304401008969]}, "Single Carriageway": {"mae": 5.4460466875508962, "mse": 51.175051583286418, "best_function": 1, "parameters": [1.8064120337832694, 0.98277742679247759, 0.98012024172697088, 0.17949689067694574, 1.2918173852667234, 0.13235370046361661, 1.0, 12.981576113213622]}}, "street_tally": [0.0, 1.0, 1.0]}