{"nature_results": {"Traffic Island Link At Junction": {"mae": 7.1749349924648778, "mse": 81.593494068941141, "best_function": 1, "parameters": [2.4254216145698431, 0.98833074807787835, 0.95988751532351047, -0.2253306118194236, 1.4583935710462927, -0.88615153339218478, 1.0, 20.891710904790784]}, "Single Carriageway": {"mae": 14.729675172091186, "mse": 277.69319090282926, "best_function": 0, "parameters": [1.0, 1.0, 1.0, 1.0, 1.0, 1.0, 1.0]}, "Dual Carriageway": {"mae": 5.1213292342492789, "mse": 45.1311142845557, "best_function": 2, "parameters": [0.023744960022897943, 1.6031303216105197, 0.89290676138104141, 1.0, -0.084524032329638787, 1.0272620233276972, -4.0500377859195611, 5.7916605166419242, 17.434769116426281]}, "Slip Road": {"mae": 7.7578685939121694, "mse": 122.31646437738783, "best_function": 2, "parameters": [24.000363575341996, 10.095424563656096, -2.2866253143465616, 1.0, 0.071011230348355769, -0.81009108645045025, 3.5085701380028378, -6.560456868085331, 13.883248212731035]}}, "street_tally": [1.0, 1.0, 2.0]}