{"nature_results": {"Traffic Island Link At Junction": {"mae": 9.1542423332840137, "mse": 131.46062676352696, "best_function": 2, "parameters": [8.2940048276137315, 14.052252356472756, -2.7533463538183449, 1.0, -0.024670989732931581, 0.18118081365239369, 0.31879667705296266, -3.3899814904929331, 23.877897252953446]}, "Single Carriageway": {"mae": 13.142937752106061, "mse": 250.9967816437005, "best_function": 1, "parameters": [0.048180675100431558, 0.99504716298483131, 0.97818696376541225, 0.95868103086127465, 1.0187579702031306, -2.7032200657158607, 1.0, 24.673188772372328]}, "Traffic Island Link": {"mae": 11.390192918655499, "mse": 259.52438677397532, "best_function": 0, "parameters": [1.0, 1.0, 1.0, 1.0, 1.0, 1.0, 1.0]}}, "street_tally": [1.0, 1.0, 1.0]}