{"nature_results": {"Traffic Island Link At Junction": {"mae": 8.6226148391890955, "mse": 113.79557748797518, "best_function": 0, "parameters": [1.0, 1.0, 1.0, 1.0, 1.0, 1.0, 1.0]}, "Single Carriageway": {"mae": 6.3869696753114775, "mse": 69.87697940082478, "best_function": 2, "parameters": [-3.4686661868826398, 2.5574564957199599, -0.48024054941238203, 1.0, -0.0069086100268906936, 0.13418040456428015, -1.1940140052318107, 3.6075046713654082, 27.852536653409995]}}, "street_tally": [1.0, 0.0, 1.0]}