{"nature_results": {"Dual Carriageway": {"mae": 6.6663145501258736, "mse": 72.442801191164548, "best_function": 2, "parameters": [-3.0970993214866152, 4.3065048115910258, -0.41898459640800545, 1.0, 0.068641298923300176, -1.0467011650463593, 4.6053766240558449, -4.5208089258394093, 28.588299656287909]}, "Roundabout": {"mae": 6.4237653430642938, "mse": 74.759396228525389, "best_function": 2, "parameters": [-6.3293991588288829, 0.18491572159057379, -0.78831883053738872, 1.0, 0.03367928519006147, -0.58362831882653721, 3.055037436152916, -4.0955439107343485, 21.667995298393425]}}, "street_tally": [0.0, 0.0, 2.0]}