{"nature_results": {"Traffic Island Link At Junction": {"mae": 10.7132024213278, "mse": 185.48859146918346, "best_function": 2, "parameters": [-13.246868570705763, 0.29743699030227122, -0.49933700011145188, 1.0, 0.11698828456129162, -1.4734630966388642, 6.2754661747321636, -10.665611372991807, 36.345752142363224]}, "Single Carriageway": {"mae": 7.1176479818021559, "mse": 90.215812673685079, "best_function": 2, "parameters": [-0.18987611425798345, 4.3998023897883378, -0.85621598005652944, 1.0, 0.038108825348443731, -0.54851987379037803, 2.7329576018849466, -5.7614082458055922, 35.519743677583044]}, "Slip Road": {"mae": 7.0308274809203919, "mse": 72.220141226672752, "best_function": 2, "parameters": [97.680422240027568, 74.211951526338765, 5.9389837000535755, 1.0, -0.11813488503874847, 1.4304233558079775, -6.0795963464227807, 10.419549993357377, 6.8090588895321753]}, "Dual Carriageway": {"mae": 258.99973968819023, "mse": 117351.52969071729, "best_function": 1, "parameters": [1.0, 1.0, 1.0, 1.0, 1.0, 1.0, 1.0, 1.0]}, "Traffic Island Link": {"mae": 31.751038592563262, "mse": 1052.7813712808752, "best_function": 0, "parameters": [1.0, 1.0, 1.0, 1.0, 1.0, 1.0, 1.0]}}, "street_tally": [1.0, 1.0, 3.0]}