{"nature_results": {"Single Carriageway": {"mae": 13.032893132014916, "mse": 189.2906546273241, "best_function": 0, "parameters": [1.0, 1.0, 1.0, 1.0, 1.0, 1.0, 1.0]}}, "street_tally": [1.0, 0.0, 0.0]}