{"nature_results": {"Traffic Island Link At Junction": {"mae": 6.062052577852306, "mse": 59.79985894112879, "best_function": 0, "parameters": [6.1223926381546212, 5.5585751395153782, 2.8644544633976863, 1.0, 0.14315054412899075, 0.59265725425353866, 23.216046627630703]}, "Single Carriageway": {"mae": 3.8245083245392339, "mse": 24.363740091658322, "best_function": 2, "parameters": [1.0724676895483758, 8.8108370061298373, 0.15218211732633102, 1.0, 0.13575645759863431, -1.6348920455898566, 5.7309673990564916, -4.8916062929018151, 27.97171154805492]}, "Roundabout": {"mae": 16.541742561467871, "mse": 381.71176539416729, "best_function": 0, "parameters": [1.0, 1.0, 1.0, 1.0, 1.0, 1.0, 1.0]}}, "street_tally": [2.0, 0.0, 1.0]}