{"nature_results": {"Single Carriageway": {"mae": 4.2935437380364023, "mse": 33.402066694826672, "best_function": 2, "parameters": [10.784265826605584, 9.4574431237798127, -0.82993778809361562, 1.0, -0.0086087820613227617, -0.038610431570952342, 0.55809472583907005, -0.5738767803791418, 32.985448568251471]}, "Dual Carriageway": {"mae": 6.3835313440283166, "mse": 78.505880741987582, "best_function": 2, "parameters": [9.4382269092976898, 9.9097005462629166, -0.17671225507005972, 1.0, 0.017073653843748038, -0.30379398628250631, 1.3229626326701776, -1.291207848448563, 30.898900673191477]}}, "street_tally": [0.0, 0.0, 2.0]}