{"nature_results": {"Single Carriageway": {"mae": 6.0599636470880371, "mse": 67.46187850454254, "best_function": 2, "parameters": [2.0033777050170949, 5.8562746523888105, -0.38066385096638111, 1.0, -0.18665373580739919, 2.3843455427179645, -9.9664756779315447, 14.403136603212852, 26.94481695632474]}}, "street_tally": [0.0, 0.0, 1.0]}