{"nature_results": {"Traffic Island Link At Junction": {"mae": 18.963057630638943, "mse": 378.34032386500132, "best_function": 0, "parameters": [1.0, 1.0, 1.0, 1.0, 1.0, 1.0, 1.0]}, "Single Carriageway": {"mae": 24.887967155527875, "mse": 644.68294806162248, "best_function": 0, "parameters": [1.0, 1.0, 1.0, 1.0, 1.0, 1.0, 1.0]}}, "street_tally": [2.0, 0.0, 0.0]}