{"nature_results": {"Traffic Island Link At Junction": {"mae": 6.5459434870013666, "mse": 129.32011476188521, "best_function": 0, "parameters": [5.8015828734244046, 14.114068753931775, 0.42528178790169391, 1.0, 0.47536500981560814, 0.70535829867411692, 27.643142968015479]}, "Single Carriageway": {"mae": 6.7204491942210183, "mse": 213.07961491886275, "best_function": 0, "parameters": [5.5818699857869669, 15.91139903871049, 0.89116208534672525, 1.0, 1.3264716431461676, 0.33705025678098255, 26.244356705389048]}, "Dual Carriageway": {"mae": 6.3002383990796833, "mse": 86.276680805655332, "best_function": 2, "parameters": [-5.9711277431673979, 6.7749919080100733, 0.71207266896931853, 1.0, -0.003146278180083506, -0.033421944794074454, 0.36863241633066279, -0.088491948475061033, 26.290945755919466]}, "Traffic Island Link": {"mae": 7.798471755744365, "mse": 111.50883616870426, "best_function": 0, "parameters": [-3.2999370373363748, 15.935926860040706, 1.4804128270521388, 1.0, -0.065730776481594644, 1.0310848494038347, 29.490248737455435]}}, "street_tally": [3.0, 0.0, 1.0]}