{"nature_results": {"Single Carriageway": {"mae": 4.1628025731960179, "mse": 33.08836896696819, "best_function": 2, "parameters": [-1.9625074157584468, 5.6716788006735559, -0.25203732703100767, 1.0, -0.071785371500269202, 0.76582009695202435, -2.2826452567450515, 1.5000129614641275, 32.367287359638219]}, "Dual Carriageway": {"mae": 23.710051311638889, "mse": 611.26792548774563, "best_function": 0, "parameters": [1.0, 1.0, 1.0, 1.0, 1.0, 1.0, 1.0]}}, "street_tally": [1.0, 0.0, 1.0]}