{"nature_results": {"Single Carriageway": {"mae": 6.4812549663612007, "mse": 79.313858899306766, "best_function": 2, "parameters": [-5.9219285396575883, 1.8805321365378078, -1.8072706498248956, 1.0, -0.28626614617071366, 3.6128872017907416, -14.405511384878418, 18.051648796805512, 32.478297767963298]}, "Traffic Island Link": {"mae": 9.5014451832748215, "mse": 381.61971862042907, "best_function": 2, "parameters": [9.8171710078087298, 11.644834521772623, -0.26540916786646962, 1.0, -0.18458113284744693, 2.3537118854482761, -9.3736984612418937, 10.92627102668537, 33.590881425799985]}}, "street_tally": [0.0, 0.0, 2.0]}