{"nature_results": {"Single Carriageway": {"mae": 4.7743363459838806, "mse": 35.571908894263366, "best_function": 2, "parameters": [1.1804752956972564, 1.6376775665154106, 1.7101254740204102, 1.0, 0.025444637451004115, -0.39350126340120739, 1.7295130901028384, -1.689919807684618, 19.578752345672736]}}, "street_tally": [0.0, 0.0, 1.0]}