{"nature_results": {"Traffic Island Link At Junction": {"mae": 13.687800168715087, "mse": 246.89449482224447, "best_function": 0, "parameters": [1.0, 1.0, 1.0, 1.0, 1.0, 1.0, 1.0]}, "Single Carriageway": {"mae": 27.680502568584775, "mse": 822.60008987965625, "best_function": 0, "parameters": [1.0, 1.0, 1.0, 1.0, 1.0, 1.0, 1.0]}}, "street_tally": [2.0, 0.0, 0.0]}