{"nature_results": {"Traffic Island Link At Junction": {"mae": 20.953038436011344, "mse": 596.10382733013103, "best_function": 0, "parameters": [1.0, 1.0, 1.0, 1.0, 1.0, 1.0, 1.0]}, "Single Carriageway": {"mae": 7.266170506428506, "mse": 149.11444473799955, "best_function": 2, "parameters": [-8.8807041588970943, 5.7683260176400948, -0.68888678269800474, 1.0, 0.012371228906362886, -0.116849647076124, 0.40792001612502815, -0.73674354969604727, 26.458790195660708]}, "Traffic Island Link": {"mae": 9.6971784565035684, "mse": 159.88512384969985, "best_function": 2, "parameters": [40.083492169369777, 13.488922109857919, -0.29279483209300827, 1.0, 0.047572703660964777, -0.57719563635212978, 2.8401678560524326, -7.1006786648631834, 16.8823765098346]}}, "street_tally": [1.0, 0.0, 2.0]}