{"nature_results": {"Traffic Island Link At Junction": {"mae": 7.726064912442749, "mse": 98.033581879470759, "best_function": 2, "parameters": [-1.5882866901481303, 2.4123734492475903, 2.1242312975320781, 1.0, -0.043334543997765929, 0.080149805048342682, 1.1147141898844737, -0.90679595715475036, 19.69586655348553]}, "Single Carriageway": {"mae": 31.807781342190349, "mse": 1079.5498960286495, "best_function": 0, "parameters": [1.0, 1.0, 1.0, 1.0, 1.0, 1.0, 1.0]}, "Dual Carriageway": {"mae": 29.226493829876095, "mse": 990.35702911858311, "best_function": 0, "parameters": [1.0, 1.0, 1.0, 1.0, 1.0, 1.0, 1.0]}, "Slip Road": {"mae": 9.6967892624828362, "mse": 165.47768280251012, "best_function": 2, "parameters": [14.068803746066655, 11.6071575273743, -8.8784664338380281, 1.0, -0.40722516364699146, 5.3404672472103467, -22.167644283509457, 27.822869083236149, 29.40757421519843]}}, "street_tally": [2.0, 0.0, 2.0]}