{"nature_results": {"Traffic Island Link At Junction": {"mae": 14.243097434757793, "mse": 282.76092870003475, "best_function": 0, "parameters": [1.0, 1.0, 1.0, 1.0, 1.0, 1.0, 1.0]}, "Single Carriageway": {"mae": 7.2294622910566062, "mse": 108.11354670253898, "best_function": 2, "parameters": [0.56886943489265618, 3.9729850529460484, 0.24424200356608994, 1.0, -0.027531215364677619, 0.38899515958359365, -2.0135726421631963, 4.4037547421010697, 22.949374867325336]}, "Traffic Island Link": {"mae": 8.8072285025549952, "mse": 130.39293360074333, "best_function": 2, "parameters": [-0.57162589921771456, 4.3195492450790489, 0.42901120412837768, 1.0, 0.010382370026013388, -0.11372427313374378, 0.16290476292894884, 0.99115266580196082, 20.486199393916934]}}, "street_tally": [1.0, 0.0, 2.0]}