{"nature_results": {"Traffic Island Link At Junction": {"mae": 6.881635480772168, "mse": 297.59797379420326, "best_function": 2, "parameters": [32.126826565982562, 17.983372775451809, 4.1088708369556644, 1.0, -0.099975949966471411, 1.386732802969225, -6.39575672397054, 9.7653578328359174, 22.663711254456722]}, "Single Carriageway": {"mae": 4.2219101326174542, "mse": 32.392957447584408, "best_function": 2, "parameters": [-1.7369788399126027, 1.6756997406359566, -1.7835899792438448, 1.0, 0.014480281363977832, -0.2264116470307187, 0.91923836399144943, -0.080435539742360396, 27.802667265418595]}}, "street_tally": [0.0, 0.0, 2.0]}