{"nature_results": {"Single Carriageway": {"mae": 34.555970742765325, "mse": 3973.897500152767, "best_function": 1, "parameters": [0.74716324026711489, 1.0735297360852849, 1.0698971618618178, 0.6376300479055661, 1.1332210472162862, 0.50173364975133727, 1.0, 22.305925001208646]}, "Slip Road": {"mae": 20.179880095004609, "mse": 1078.2646002574388, "best_function": 1, "parameters": [0.13587970240554337, 1.0837926050764815, 1.0784797636633918, 0.92877510684203191, 1.0269019824646362, -2.4250052421123351, 1.0, 18.951655676717962]}}, "street_tally": [0.0, 2.0, 0.0]}