{"nature_results": {"Traffic Island Link At Junction": {"mae": 5.8052804903650834, "mse": 56.05170198234989, "best_function": 2, "parameters": [4.1710078974305143, 1.4632589437688672, 2.7915946380807606, 1.0, -0.11411061849629744, 1.424144697282171, -5.6107094714755954, 5.8404523435642046, 27.836210279024826]}, "Single Carriageway": {"mae": 28.985086880161315, "mse": 923.62658314865644, "best_function": 0, "parameters": [1.0, 1.0, 1.0, 1.0, 1.0, 1.0, 1.0]}, "Dual Carriageway": {"mae": 9.8528630715153032, "mse": 140.37461743932923, "best_function": 2, "parameters": [0.27700261854600783, 2.7444111407883076, -0.86426648193319355, 1.0, -0.17231833991599332, 2.0622478429128566, -7.7370630534128235, 8.6355403563640998, 29.384419981933959]}}, "street_tally": [1.0, 0.0, 2.0]}