{"nature_results": {"Single Carriageway": {"mae": 3.4153095570308798, "mse": 21.619476470034812, "best_function": 2, "parameters": [-0.59270420271219204, 1.1289792734999882, -0.54508102122935065, 1.0, -0.067940361431931384, 0.77104532881971666, -2.6925126201850071, 2.8648963519545729, 22.385492434852758]}, "Traffic Island Link": {"mae": 3.3039730618232572, "mse": 20.498701874511276, "best_function": 2, "parameters": [3.1308206560581393, 5.9258841048313924, -0.43064036022841901, 1.0, -0.086142342821108553, 1.0236954023984535, -3.7566086480256953, 4.3357610515625238, 21.199851151199852]}}, "street_tally": [0.0, 0.0, 2.0]}