{"nature_results": {"Traffic Island Link At Junction": {"mae": 13.650568273806217, "mse": 377.04998719370212, "best_function": 1, "parameters": [1.3362323550862873, 0.99601347972603982, 1.0019294481612648, 0.35687290716647424, 1.2345571208562567, -0.45459264759452345, 1.0, 26.846429727582112]}, "Single Carriageway": {"mae": 3.5473171826373986, "mse": 23.673598370430863, "best_function": 2, "parameters": [-5.8710161804894661, 0.02611990584781565, -0.48474906175036936, 1.0, 0.0084439627666021977, -0.13709866401140092, 0.36677095935595683, 0.71338729355275365, 25.765552885030019]}}, "street_tally": [0.0, 1.0, 1.0]}