{"nature_results": {"Single Carriageway": {"mae": 6.8317646088527386, "mse": 82.672544017777199, "best_function": 2, "parameters": [1.8936289880173993, 8.9210972888811337, 1.2152265226912691, 1.0, -0.042372011998916825, 0.42915663063932252, -1.0205060530827055, -0.030680879222829249, 18.584382860854259]}}, "street_tally": [0.0, 0.0, 1.0]}