{"nature_results": {"Single Carriageway": {"mae": 4.8085595169250759, "mse": 43.768265740998487, "best_function": 2, "parameters": [13.621856267362652, 11.74856143700646, 0.098907611208411739, 1.0, 0.075436886855257623, -0.88586117292610211, 3.2451379304477013, -3.8641328602929104, 32.002570050537678]}, "Dual Carriageway": {"mae": 11.67265799664445, "mse": 255.68086984576348, "best_function": 2, "parameters": [18.755537454595789, 14.263253963270797, 0.22142661017756815, 1.0, -0.077048383239653573, 1.4585783318030214, -8.8041000564308849, 17.702731742991318, 17.973101631825141]}}, "street_tally": [0.0, 0.0, 2.0]}