{"nature_results": {"Single Carriageway": {"mae": 5.0390944656536218, "mse": 41.527908116140466, "best_function": 1, "parameters": [3.1781795055635857, 0.43865925017596796, 0.57879731632153075, -0.65525300403227882, 1.6287012261871134, 1.7111904646514013, 1.0, 16.621987621822129]}}, "street_tally": [0.0, 1.0, 0.0]}