{"nature_results": {"Single Carriageway": {"mae": 5.8279169226376002, "mse": 62.004488292071748, "best_function": 2, "parameters": [5.8193708751358368, 7.2278333652561226, -0.10623715511232112, 1.0, -0.030958559566547361, 0.23283612681180599, -0.43541858536436662, 0.8905855804613898, 23.194705897689765]}, "Traffic Island Link": {"mae": 14.782892330546884, "mse": 308.22853496827832, "best_function": 0, "parameters": [1.0, 1.0, 1.0, 1.0, 1.0, 1.0, 1.0]}}, "street_tally": [1.0, 0.0, 1.0]}