{"nature_results": {"Single Carriageway": {"mae": 10.782714240550872, "mse": 230.06838414599497, "best_function": 0, "parameters": [109.06316738705443, 99.352709905967558, 0.99756051783581601, 1.0, -1.0205560249761505, 1.7576211325589659, 22.661724610555606]}}, "street_tally": [1.0, 0.0, 0.0]}