{"nature_results": {"Traffic Island Link At Junction": {"mae": 6.9040237036755041, "mse": 84.061053304663417, "best_function": 2, "parameters": [0.84005423644656219, 2.5311495568259463, 0.68975212857499635, 1.0, -0.046610367060266888, 0.52809430420046999, -2.1336115063170911, 3.4329608358623567, 21.651959761586664]}, "Single Carriageway": {"mae": 6.8375887370605444, "mse": 85.086750679188725, "best_function": 1, "parameters": [2.0256617737389497, 1.0041209652036653, 0.99889201900801849, 0.030906224001766791, 1.3517748123840421, 1.015488384392041, 1.0, 23.417176484793082]}, "Dual Carriageway": {"mae": 19.691345305987046, "mse": 460.59331203795745, "best_function": 0, "parameters": [1.0, 1.0, 1.0, 1.0, 1.0, 1.0, 1.0]}}, "street_tally": [1.0, 1.0, 1.0]}