{"nature_results": {"Traffic Island Link At Junction": {"mae": 9.2228161507270254, "mse": 118.40154489298301, "best_function": 1, "parameters": [3.2269805234467475, 1.0002579762798325, 0.99493196793769478, -0.52678629209025751, 1.5527742279990582, -0.25857948782365314, 1.0, 24.422591531355287]}, "Single Carriageway": {"mae": 14.333762330924428, "mse": 398.91731914257161, "best_function": 1, "parameters": [1.456606306456302, 0.99779986329287651, 1.0018660307229978, 0.33294611057232371, 1.2370346424711924, 1.2452525707612225, 1.0, 20.729538811756548]}}, "street_tally": [0.0, 2.0, 0.0]}