{"nature_results": {"Traffic Island Link At Junction": {"mae": 21.106796668888268, "mse": 562.57000695330942, "best_function": 0, "parameters": [1.0, 1.0, 1.0, 1.0, 1.0, 1.0, 1.0]}, "Single Carriageway": {"mae": 9.016571553163617, "mse": 129.82232889956666, "best_function": 1, "parameters": [2.9817466236547276, 0.99044814863213715, 0.99245292812194441, -0.41391151818208227, 1.5128057303686835, 0.25792517453844133, 1.0, 20.469755448855327]}, "Dual Carriageway": {"mae": 15.528087684789416, "mse": 331.81507509059583, "best_function": 0, "parameters": [1.0, 1.0, 1.0, 1.0, 1.0, 1.0, 1.0]}, "Traffic Island Link": {"mae": 12.240535930505047, "mse": 212.53825593835415, "best_function": 1, "parameters": [3.8367204243977153, 0.97785834139673311, 0.97671937104971329, -0.8280259086106132, 1.6650538233682393, -1.0244266186975155, 1.0, 19.608419995281722]}}, "street_tally": [2.0, 2.0, 0.0]}