{"nature_results": {"Single Carriageway": {"mae": 4.4124578448031855, "mse": 35.170572824355318, "best_function": 2, "parameters": [2.5527344536723846, 1.1372563655970453, 1.6107579814969033, 1.0, 0.058616997443241448, -0.7711457671771178, 2.6824009717556243, -0.30779119643492181, 21.681352985377043]}, "Dual Carriageway": {"mae": 6.4792198313050395, "mse": 81.703120834367255, "best_function": 2, "parameters": [2.0205819445702158, 3.7413023204990741, 0.9414324750659947, 1.0, -0.029539357340172767, 0.33849565522034519, -1.1385973335956407, 1.3764143594475284, 16.551918851859845]}}, "street_tally": [0.0, 0.0, 2.0]}