{"nature_results": {"Traffic Island Link At Junction": {"mae": 18.586166303725065, "mse": 491.80084866250189, "best_function": 0, "parameters": [1.0, 1.0, 1.0, 1.0, 1.0, 1.0, 1.0]}, "Single Carriageway": {"mae": 6.9474934156272807, "mse": 87.591436515711379, "best_function": 1, "parameters": [-0.00061339859980313882, 0.96575105039185494, 0.9524343407968936, 1.0852822884500544, 0.95224333118594096, -0.030069254116400712, 1.0, 28.11423657080233]}}, "street_tally": [1.0, 1.0, 0.0]}