{"nature_results": {"Traffic Island Link At Junction": {"mae": 6.3969451179552417, "mse": 80.127715893327235, "best_function": 1, "parameters": [1.8895651764472223, 0.98835458258384767, 1.0076845857872538, 0.12780136297224731, 1.3106522727295733, 0.082810064332254241, 1.0, 23.838490357885377]}, "Single Carriageway": {"mae": 5.3667892909086303, "mse": 54.16849782953571, "best_function": 2, "parameters": [-1.6891811191051325, 1.888972561575998, 0.55706422943108924, 1.0, -0.045675959314995351, 0.46097013601027859, -1.9905572388663448, 4.9026977130504354, 23.988065873061863]}, "Dual Carriageway": {"mae": 14.215042875206811, "mse": 259.66568744877475, "best_function": 0, "parameters": [1.0, 1.0, 1.0, 1.0, 1.0, 1.0, 1.0]}, "Traffic Island Link": {"mae": 6.790234987647346, "mse": 85.567587740431989, "best_function": 1, "parameters": [2.4175759424507808, 1.0119841312688584, 0.9942028246177308, -0.1408482280848502, 1.411190359537901, 0.44545164439542018, 1.0, 28.852069445923082]}}, "street_tally": [1.0, 2.0, 1.0]}