{"nature_results": {"Single Carriageway": {"mae": 8.0830939879986392, "mse": 107.48364761524282, "best_function": 2, "parameters": [186.81798335814739, 118.21030558464014, -3.5892489547600732, 1.0, -0.32361873560166732, 3.6746227153905529, -11.689002497025934, 8.2639440215657842, 22.56790069779597]}}, "street_tally": [0.0, 0.0, 1.0]}