{"nature_results": {"Traffic Island Link At Junction": {"mae": 3.9209445327115766, "mse": 23.973902849074236, "best_function": 2, "parameters": [56.4493434879125, 39.667631408313667, 2.1319469079858102, 1.0, 0.089049940685144269, -1.1000757354395168, 4.2536139704135207, -4.8752401059778441, 19.232872760645403]}, "Single Carriageway": {"mae": 5.1178642465363806, "mse": 48.797697490031325, "best_function": 2, "parameters": [20.565339817757117, 20.698520573858342, 1.4125204270355378, 1.0, 0.0039896113321722382, -0.1216328247829459, 0.55654810378496711, 0.15845662795872462, 17.875346595514785]}}, "street_tally": [0.0, 0.0, 2.0]}