{"nature_results": {"Single Carriageway": {"mae": 5.6980512828369223, "mse": 60.539412197751275, "best_function": 2, "parameters": [-0.099322627754847792, 2.232409869885303, 0.56873492976233542, 1.0, -0.032510541643931745, 0.35759796626401175, -1.3742953780250944, 2.6372385442907982, 24.797503253092845]}, "Traffic Island Link": {"mae": 5.1141497108045986, "mse": 59.832057970577104, "best_function": 2, "parameters": [3.746880067735531, 3.8151972430225487, 0.80980727215213444, 1.0, -0.034812900304692196, 0.41031894435241134, -1.7367111184669466, 3.4540221119852137, 30.329874643861704]}}, "street_tally": [0.0, 0.0, 2.0]}