{"nature_results": {"Traffic Island Link At Junction": {"mae": 8.2605474007074804, "mse": 88.356234389423832, "best_function": 1, "parameters": [2.1831743275431119, 0.99564693456727515, 0.98683279028855364, 0.009934443816595695, 1.3508528457379858, 2.7747019392012238, 1.0, 9.777351226755675]}, "Single Carriageway": {"mae": 17.576328428612225, "mse": 359.64265086952599, "best_function": 0, "parameters": [1.0, 1.0, 1.0, 1.0, 1.0, 1.0, 1.0]}, "Slip Road": {"mae": 5.7752358409938109, "mse": 56.506195096790982, "best_function": 0, "parameters": [1.0, 1.0, 1.0, 1.0, 1.0, 1.0, 1.0]}}, "street_tally": [2.0, 1.0, 0.0]}