{"nature_results": {"Single Carriageway": {"mae": 5.2820574467354726, "mse": 54.879065861823307, "best_function": 2, "parameters": [6.1176064723706407, 5.8943982830764767, 1.1317829347404111, 1.0, 0.024407039722528778, -0.26513723286978186, 0.51634200816623199, 1.3530142459681631, 22.564323686456206]}}, "street_tally": [0.0, 0.0, 1.0]}