{"nature_results": {"Single Carriageway": {"mae": 16.143210871507542, "mse": 337.50800528191701, "best_function": 1, "parameters": [8.2507748232286708, 3.9872437226644801, 1.7023848192221527, -3.2731409459342951, 2.6143591249841522, 28.442540560892759, 1.0, 6.838826360496391]}}, "street_tally": [0.0, 1.0, 0.0]}