{"nature_results": {"Single Carriageway": {"mae": 5.0357417411988017, "mse": 51.233255211301888, "best_function": 2, "parameters": [1.0063299308523821, 5.8606125729683525, 1.0715440624909738, 1.0, 0.089985600189955162, -1.151444147476123, 4.2958506438419519, -4.2385982437122518, 23.906367819989512]}, "Dual Carriageway": {"mae": 7.5083604568527793, "mse": 86.492176341879315, "best_function": 1, "parameters": [2.4694258746557702, 1.0033533788660449, 1.0005372546246025, -0.17640178652141802, 1.4276361635461756, -0.66902242002575507, 1.0, 10.449528043066779]}}, "street_tally": [0.0, 1.0, 1.0]}