{"nature_results": {"Single Carriageway": {"mae": 11.19665005752649, "mse": 162.85240074113423, "best_function": 1, "parameters": [2.9353071564258135, 0.99651822770351506, 0.98386192708818532, -0.30305534840481307, 1.4562332176034674, -1.0320804788688283, 1.0, 10.091009121600468]}}, "street_tally": [0.0, 1.0, 0.0]}