{"nature_results": {"Traffic Island Link At Junction": {"mae": 7.7355166556731181, "mse": 101.08925116414557, "best_function": 0, "parameters": [-3.1424145687909348, 5.2244155324705845, 0.86805944148079872, 1.0, 1.4548488379893574, 0.15763010858156967, 20.466854674421132]}, "Single Carriageway": {"mae": 4.4851797487129534, "mse": 35.5385073468901, "best_function": 0, "parameters": [-2.5790383703999709, 3.3161797180791694, 0.32311444531878919, 1.0, 1.3796876832761278, 0.31984282811550091, 26.867552590531883]}, "Traffic Island Link": {"mae": 4.1364714713201067, "mse": 27.807601177418352, "best_function": 2, "parameters": [-2.3470691060567486, 4.7457278599311037, 0.98621149860869184, 1.0, -0.10477640171708535, 1.2206927605732685, -4.4606747343689701, 5.3148555856144286, 25.534392853777423]}}, "street_tally": [2.0, 0.0, 1.0]}