{"nature_results": {"Traffic Island Link At Junction": {"mae": 8.8348345032089401, "mse": 133.3952109468789, "best_function": 1, "parameters": [2.5296284286466957, 0.9867939490324753, 0.9631680665620006, -0.17228498986592955, 1.4197006827718293, -1.8392010791106816, 1.0, 21.011625382671046]}, "Single Carriageway": {"mae": 14.996378615127686, "mse": 289.5798515393775, "best_function": 0, "parameters": [1.0, 1.0, 1.0, 1.0, 1.0, 1.0, 1.0]}, "Dual Carriageway": {"mae": 7.0245104228906321, "mse": 78.052911351015439, "best_function": 2, "parameters": [-1.0381006799786032, 2.8676375032812853, 0.16950869197083085, 1.0, 0.032113013174916882, -0.5164345344988488, 2.3598207759408645, -2.509370983996948, 16.681395944643807]}, "Traffic Island Link": {"mae": 12.908255870216726, "mse": 1463.0511189750609, "best_function": 0, "parameters": [-3.6560495036593856, 4.7323434759636722, -0.83085452882045918, 1.0, -0.61379146460289036, 1.5136465271106039, 17.174609496377105]}}, "street_tally": [2.0, 1.0, 1.0]}