{"nature_results": {"Traffic Island Link At Junction": {"mae": 6.2340513875835661, "mse": 69.731628371349302, "best_function": 2, "parameters": [1.9507236383434794, 1.8946556532189058, 1.2530191006367226, 1.0, -0.016579704022831043, 0.049028482665724571, 0.27070845726086934, 0.23064042254985118, 17.594191760165121]}, "Single Carriageway": {"mae": 4.9646746717056409, "mse": 46.359331016951039, "best_function": 2, "parameters": [5.7858228019614328, 5.2856783027943335, 0.04702261838423083, 1.0, -0.083683474654758339, 0.78893372978391585, -1.9437369607894999, 1.0982604513417651, 24.429366497736833]}, "Traffic Island Link": {"mae": 5.8778287483478691, "mse": 56.436743626424366, "best_function": 2, "parameters": [7.0682750407886363, 9.2206236103615087, -1.1494648512166625, 1.0, -0.1483275176259109, 1.5369785700185821, -4.5812340326156225, 4.0160000959968585, 27.253343941180571]}}, "street_tally": [0.0, 0.0, 3.0]}