{"nature_results": {"Traffic Island Link At Junction": {"mae": 13.747932137463883, "mse": 261.69122997704818, "best_function": 0, "parameters": [1.0, 1.0, 1.0, 1.0, 1.0, 1.0, 1.0]}, "Single Carriageway": {"mae": 5.3013205535531123, "mse": 58.175756516119165, "best_function": 0, "parameters": [7.5029552514776379, 3.2310882463261765, 0.39203719690487926, 1.0, 1.1017143163656022, 0.713285351274076, 20.69381481536357]}}, "street_tally": [2.0, 0.0, 0.0]}