{"nature_results": {"Dual Carriageway": {"mae": 7.7979853470236549, "mse": 101.93352601172052, "best_function": 2, "parameters": [-4.8858759544801567, 4.3917051194597967, 1.2040158347113956, 1.0, -0.22551168230464502, 2.4413304008275625, -6.7963217673365275, 2.4895704220729287, 26.879053229524171]}, "Roundabout": {"mae": 6.0436932329808215, "mse": 74.997406530660754, "best_function": 2, "parameters": [-2.3727291298322477, 13.503985659806061, -2.4801413345718935, 1.0, -0.15191688958330096, 1.6397434719036159, -4.6331279625217778, 1.8261265267320832, 26.765120722042308]}}, "street_tally": [0.0, 0.0, 2.0]}