{"nature_results": {"Single Carriageway": {"mae": 10.526162316053124, "mse": 166.69565856421517, "best_function": 1, "parameters": [6.3364545319782435, 0.98564449583350089, 1.007051223437309, -2.0439615457416158, 2.1121819146299714, 4.765534484028942, 1.0, 14.473016925612631]}}, "street_tally": [0.0, 1.0, 0.0]}