{"nature_results": {"Traffic Island Link At Junction": {"mae": 3.9724644012753778, "mse": 30.403625123403806, "best_function": 2, "parameters": [78.233955587573348, 41.897046659280022, 0.81186609345560368, 1.0, -0.25633204493845763, 3.0516818184688508, -11.547400024664812, 15.011318785293476, 13.8301675787961]}, "Single Carriageway": {"mae": 1.9253299208649115, "mse": 5.7585894989674662, "best_function": 2, "parameters": [4.2822588771641197, 9.7680133586486289, -1.7663418512403029, 1.0, 0.029041194542868021, -0.3698993891869613, 1.3501064143212316, -1.4264302508651969, 17.330423190747677]}}, "street_tally": [0.0, 0.0, 2.0]}