{"nature_results": {"Traffic Island Link At Junction": {"mae": 8.7075876541562227, "mse": 107.79050986921979, "best_function": 1, "parameters": [4.5050215691340725, 0.88026125942886735, 0.95084127888029302, -1.1810129815207264, 1.7990310845508577, 0.11038768735354154, 1.0, 21.365506151572898]}, "Single Carriageway": {"mae": 5.3543101712112406, "mse": 58.782271044265933, "best_function": 2, "parameters": [1.5470469312736486, 4.2231516118431447, -1.3953686743106921, 1.0, 0.16720138775301663, -2.2919202943081181, 9.4397458750605931, -10.694610126361543, 33.274335456281854]}, "Traffic Island Link": {"mae": 24.916749427046195, "mse": 650.33158076531788, "best_function": 0, "parameters": [1.0, 1.0, 1.0, 1.0, 1.0, 1.0, 1.0]}}, "street_tally": [1.0, 1.0, 1.0]}