{"nature_results": {"Single Carriageway": {"mae": 4.5100641509767589, "mse": 80.360957989384886, "best_function": 2, "parameters": [34.398477966825418, 25.026220296994047, -1.9805967002371641, 1.0, 0.014693916262091489, -0.08416854616343783, -0.44721928795228627, 2.1357472452191009, 28.78037332634473]}}, "street_tally": [0.0, 0.0, 1.0]}