{"nature_results": {"Traffic Island Link At Junction": {"mae": 14.684499753316143, "mse": 264.25435120009109, "best_function": 0, "parameters": [1.0, 1.0, 1.0, 1.0, 1.0, 1.0, 1.0]}, "Single Carriageway": {"mae": 22.726990353297939, "mse": 571.53637369582498, "best_function": 0, "parameters": [1.0, 1.0, 1.0, 1.0, 1.0, 1.0, 1.0]}, "Roundabout": {"mae": 22.186684660931562, "mse": 593.22069264253889, "best_function": 0, "parameters": [1.0, 1.0, 1.0, 1.0, 1.0, 1.0, 1.0]}, "Dual Carriageway": {"mae": 25.867383741222056, "mse": 708.50866828875974, "best_function": 0, "parameters": [1.0, 1.0, 1.0, 1.0, 1.0, 1.0, 1.0]}, "Traffic Island Link": {"mae": 29.439011086174101, "mse": 910.44500887217316, "best_function": 0, "parameters": [1.0, 1.0, 1.0, 1.0, 1.0, 1.0, 1.0]}}, "street_tally": [5.0, 0.0, 0.0]}