{"nature_results": {"Single Carriageway": {"mae": 12.248334451286087, "mse": 252.56225315463425, "best_function": 0, "parameters": [1.0, 1.0, 1.0, 1.0, 1.0, 1.0, 1.0]}}, "street_tally": [1.0, 0.0, 0.0]}