{"nature_results": {"Traffic Island Link At Junction": {"mae": 8.7284817437918463, "mse": 101.50501142511943, "best_function": 2, "parameters": [2.0762383662905464, 4.0647677864661382, -0.68203081063174564, 1.0, -0.12098491924945809, 1.6607757069216089, -7.5117577823822348, 11.224610400014605, 11.66883739095703]}, "Single Carriageway": {"mae": 11.853166293192539, "mse": 292.38969333386069, "best_function": 1, "parameters": [1.3755649295222381, 0.99620459871841816, 0.98808121993865472, 0.35558886621408148, 1.2319652378955837, 1.0108841262215147, 1.0, 25.616406615053872]}}, "street_tally": [0.0, 1.0, 1.0]}