{"nature_results": {"Single Carriageway": {"mae": 6.6288691321402879, "mse": 71.270215455048856, "best_function": 2, "parameters": [15.584816644924022, 21.08352978654537, -1.348909319234648, 1.0, 0.02980794867010772, -0.48743657692208875, 2.4863612115958529, -4.1186373665665306, 27.620428818386991]}, "Dual Carriageway": {"mae": 5.3737449670658286, "mse": 43.977568804080398, "best_function": 2, "parameters": [31.386722218311888, 25.098573250544817, 0.78520903988231028, 1.0, -0.066996217003765901, 0.91556249285680691, -3.4861627756421134, 2.2370402105497149, 31.290519428276543]}, "Slip Road": {"mae": 4.8941911727400029, "mse": 44.468890301330482, "best_function": 2, "parameters": [38.145464397221758, 41.676741012599336, -0.14660151290115087, 1.0, 0.01957684576595764, -0.081446055606015033, -0.25279120982450265, -0.10889441989372139, 31.217734071667024]}}, "street_tally": [0.0, 0.0, 3.0]}