{"nature_results": {"Traffic Island Link At Junction": {"mae": 7.1306089929334506, "mse": 83.16620232811529, "best_function": 2, "parameters": [-7.9526997220006912, 6.9906581258690483, -3.0570859638653589, 1.0, -0.034697002578686575, 0.23719745676947657, -0.29647579551705761, 0.90616839077771083, 25.212205218692873]}, "Single Carriageway": {"mae": 6.6980895673578935, "mse": 78.054792089414946, "best_function": 2, "parameters": [0.75652506055261681, 10.277200927451435, -1.8253861299428094, 1.0, 0.0029029827252489149, -0.11734703296374094, 0.33327960110480059, 1.5439676976537302, 27.266789423927804]}, "Traffic Island Link": {"mae": 6.3562375577869554, "mse": 61.58656046798918, "best_function": 2, "parameters": [-3.0546047180323255, 18.756008377342564, -1.2377615528903254, 1.0, 0.066827508095164356, -0.75542663329285764, 2.1684217688674101, -0.032658868092129367, 37.071648022973996]}}, "street_tally": [0.0, 0.0, 3.0]}