{"nature_results": {"Traffic Island Link At Junction": {"mae": 4.8597493497453774, "mse": 42.805728606652281, "best_function": 0, "parameters": [-1.5244119056521686, 3.7047349448126754, 2.097148002402589, 1.0, 0.25373868109374731, 0.70800000188535539, 8.8447769768080544]}, "Single Carriageway": {"mae": 6.4388227809022673, "mse": 82.254046135428183, "best_function": 1, "parameters": [0.047414424729160132, 0.98677009424694495, 0.99199757942931444, 0.97766411964599931, 1.0081314543370725, 3.070221807225046, 1.0, 22.385589011724377]}}, "street_tally": [1.0, 1.0, 0.0]}