{"nature_results": {"Single Carriageway": {"mae": 3.1074200127536322, "mse": 14.488457940675238, "best_function": 2, "parameters": [1.0, 1.0, 5.1099289204261398, 1.0, 59.232555787321054, -418.71999316774662, -784.47797796827297, 6986.0463440379672, 10.633777208989539]}}, "street_tally": [0.0, 0.0, 1.0]}