{"nature_results": {"Traffic Island Link At Junction": {"mae": 5.4284139505900164, "mse": 54.249952376981156, "best_function": 2, "parameters": [36.184466350741758, 19.011878317039887, 0.33330601867322895, 1.0, -0.2431652843838481, 2.8813247724133264, -10.389413424593227, 12.176633101559469, 18.515210774017582]}, "Single Carriageway": {"mae": 35.066900326246575, "mse": 3257.6024599256775, "best_function": 1, "parameters": [0.83554877244701953, 1.0689716186023492, 1.0912577900154663, 0.62979898352477814, 1.1300660580374073, -1.1984232696473516, 1.0, 30.887940597192102]}, "Dual Carriageway": {"mae": 8.2244101240353515, "mse": 90.058134441695287, "best_function": 1, "parameters": [2.2434773201966012, 0.057912886424906995, 0.58075489722404239, -0.10924432290381048, 1.411611016275369, -4.2161039460563261, 1.0, 16.685394294188335]}}, "street_tally": [0.0, 2.0, 1.0]}