{"nature_results": {"Dual Carriageway": {"mae": 7.3606949241802022, "mse": 114.88225604354523, "best_function": 2, "parameters": [5.5148607139136123, 18.776415821796427, -4.4363012531221875, 1.0, 0.12879505460687357, -1.5666343347643661, 5.7695735191483788, -6.3379658728392139, 53.97035665823919]}}, "street_tally": [0.0, 0.0, 1.0]}