{"nature_results": {"Single Carriageway": {"mae": 14.472751401037344, "mse": 367.41844002079176, "best_function": 1, "parameters": [1.4196554866396556, 0.95921042737227769, 0.97558140662529458, 0.33963761151938199, 1.2368502265181125, 0.29787953666881384, 1.0, 27.108250390514762]}}, "street_tally": [0.0, 1.0, 0.0]}