{"nature_results": {"Traffic Island Link At Junction": {"mae": 8.4855432086989406, "mse": 108.45608481853299, "best_function": 1, "parameters": [2.253793925029786, 1.0007081074491313, 0.99180566443550011, -0.044586711688320069, 1.3737740850601672, -1.2363851409280295, 1.0, 15.452647959317424]}, "Single Carriageway": {"mae": 8.5997775996064014, "mse": 108.26905862072969, "best_function": 1, "parameters": [3.2928650717955841, 0.99995776170087458, 0.99472637761363314, -0.53486580670304718, 1.5504723077076865, -3.0378634725229281, 1.0, 22.712443802157939]}, "Dual Carriageway": {"mae": 7.6487759543099791, "mse": 101.12341508638427, "best_function": 2, "parameters": [-0.65715087562426788, 4.7448701832833216, -1.4682560967199896, 1.0, 0.093058691301638907, -1.4296483896796244, 5.9922071914819899, -4.886027748679818, 24.899637884201475]}}, "street_tally": [0.0, 2.0, 1.0]}