{"nature_results": {"Traffic Island Link At Junction": {"mae": 5.9179722666155463, "mse": 56.60031603208288, "best_function": 1, "parameters": [3.3199027798719412, 0.86150089941865315, 0.94636241419177158, -0.56799323961510706, 1.5677728841458265, 0.10439555209966245, 1.0, 30.95761067015307]}, "Single Carriageway": {"mae": 10.42122817821943, "mse": 151.59884901595902, "best_function": 1, "parameters": [3.9718165506885477, 0.82288750557826296, 0.91588503003285482, -0.83473324635882129, 1.6560127718421067, 1.3345471873997141, 1.0, 24.269912685024352]}, "Dual Carriageway": {"mae": 35.884200646499814, "mse": 37366.524683339579, "best_function": 1, "parameters": [1.4166079859147913, 0.92441110533597592, 0.97433627035218073, 0.4231583618493342, 1.1916405197777713, 1.9106942486273895, 1.0, 14.302154487722603]}, "Slip Road": {"avg_speed": {"mae": 35.884200646499814, "mse": 37366.524683339579, "best_function": 1, "parameters": [1.4166079859147913, 0.92441110533597592, 0.97433627035218073, 0.4231583618493342, 1.1916405197777713, 1.9106942486273895, 1.0, 14.302154487722603]}}}, "street_tally": [0.0, 3.0, 0.0]}