{"nature_results": {"Single Carriageway": {"mae": 6.8523748961507174, "mse": 75.431679412363621, "best_function": 2, "parameters": [9.2366694162503524, 6.9192847257791756, 2.6404893569117363, 1.0, -0.086678355258035689, 1.1316668203046927, -4.8537736501647473, 7.4590987329343319, 14.799237137855265]}}, "street_tally": [0.0, 0.0, 1.0]}