{"nature_results": {"Single Carriageway": {"mae": 6.1448795940193142, "mse": 80.022434379481453, "best_function": 0, "parameters": [0.27710783877178202, 3.6975559822662869, 0.50896308104331378, 1.0, 0.20871474233091503, 0.98440977662004447, 18.243202021846393]}}, "street_tally": [1.0, 0.0, 0.0]}