{"nature_results": {"Traffic Island Link At Junction": {"mae": 6.1862315868951532, "mse": 74.115119293240255, "best_function": 2, "parameters": [0.11682766238802234, 5.5754489504362033, 0.82316701304855466, 1.0, -0.10095902805574664, 1.4773964170491822, -7.3348085667731731, 12.723639519954947, 13.928935037790152]}, "Single Carriageway": {"mae": 6.0752377842399445, "mse": 76.116311661332219, "best_function": 2, "parameters": [-0.25772683171889521, 4.9811958035103814, -0.00037019383342862255, 1.0, -0.0017068153182455692, 0.0048170865013418274, -0.58250309742817752, 3.4871127536124091, 26.868917747967096]}, "Traffic Island Link": {"mae": 7.0776502121388249, "mse": 122.3888707724462, "best_function": 2, "parameters": [3.04489606018356, 9.555295946579534, -1.58186591414474, 1.0, -0.10271047118495291, 1.3587801546060425, -6.2143254995379715, 10.308148132184074, 31.910921916526767]}}, "street_tally": [0.0, 0.0, 3.0]}