{"nature_results": {"Single Carriageway": {"mae": 4.5133749722537786, "mse": 32.119194792541975, "best_function": 2, "parameters": [10.393086701045378, 10.32078023409006, 0.49009847263931661, 1.0, -0.054042859409318744, 0.74289846272395521, -3.2089802777696308, 4.4491792649853963, 26.015172424570746]}}, "street_tally": [0.0, 0.0, 1.0]}