{"nature_results": {"Single Carriageway": {"mae": 19.570170989648666, "mse": 468.30393468670201, "best_function": 0, "parameters": [1.0, 1.0, 1.0, 1.0, 1.0, 1.0, 1.0]}, "Dual Carriageway": {"mae": 4.6801807555191113, "mse": 42.454381132728557, "best_function": 2, "parameters": [6.9279966561668314, 9.1456890551102106, -1.1588300948317296, 1.0, 0.084126318220001273, -1.0839638386541863, 3.8003432553408873, -2.2476949185706814, 41.66262354005751]}}, "street_tally": [1.0, 0.0, 1.0]}