{"nature_results": {"Single Carriageway": {"mae": 10.815393264283035, "mse": 170.20076749586201, "best_function": 1, "parameters": [2.4535637886322412, 0.76267708611093665, 0.91577937347969296, -0.077181627923000873, 1.3748111893254675, 0.53933360919059914, 1.0, 23.995741547884869]}, "Traffic Island Link": {"mae": 7.1350937681858912, "mse": 91.411431996860685, "best_function": 2, "parameters": [22.789442820951336, 15.217687830986717, 3.2914809669316973, 1.0, 0.19717985361300561, -2.8255782485573069, 12.390066959702299, -14.680521207546613, 37.106394612627589]}}, "street_tally": [0.0, 1.0, 1.0]}