{"nature_results": {"Traffic Island Link At Junction": {"mae": 5.2539106973804177, "mse": 48.309956307409543, "best_function": 2, "parameters": [3.2448059371816593, 6.6591257721716, -1.7076742029641259, 1.0, 0.019109759479403965, -0.3005668376914219, 1.3523793106916431, -1.2232261318276247, 17.254146142373816]}, "Single Carriageway": {"mae": 5.2495388120020463, "mse": 104.56901667506298, "best_function": 2, "parameters": [8.6971029983055104, 10.107755475088871, -0.66691044317808101, 1.0, 0.0068090145950944203, -0.18204100623235697, 0.86275535045194807, -0.0081184294699994108, 26.870240681417826]}, "Slip Road": {"mae": 5.9806019550802656, "mse": 61.307123537420431, "best_function": 0, "parameters": [1.0, 1.0, 1.0, 1.0, 1.0, 1.0, 1.0]}, "Dual Carriageway": {"mae": 19.556019887258017, "mse": 464.54106747821453, "best_function": 0, "parameters": [1.0, 1.0, 1.0, 1.0, 1.0, 1.0, 1.0]}, "Traffic Island Link": {"mae": 3.2664407863703948, "mse": 18.362269678627179, "best_function": 2, "parameters": [5.6579368626182998, 7.2203579427061992, 1.7718283796957901, 1.0, 0.090512716610848698, -1.2195369294730591, 5.2174071511045765, -6.9174194392134662, 18.967152142850729]}}, "street_tally": [2.0, 0.0, 3.0]}