{"nature_results": {"Single Carriageway": {"mae": 23.530587721125009, "mse": 620.22411318943455, "best_function": 0, "parameters": [1.0, 1.0, 1.0, 1.0, 1.0, 1.0, 1.0]}}, "street_tally": [1.0, 0.0, 0.0]}