{"nature_results": {"Traffic Island Link At Junction": {"mae": 28.315614526469314, "mse": 915.7346820422913, "best_function": 0, "parameters": [1.0, 1.0, 1.0, 1.0, 1.0, 1.0, 1.0]}, "Single Carriageway": {"mae": 21.267033751157754, "mse": 503.70788573836722, "best_function": 0, "parameters": [1.0, 1.0, 1.0, 1.0, 1.0, 1.0, 1.0]}, "Traffic Island Link": {"mae": 6.1946420720830737, "mse": 64.680030856733566, "best_function": 2, "parameters": [-3.7455231912226079, 8.8338851292884222, 2.819864514544431, 1.0, 0.032964279799208018, -0.49425545218933631, 2.1290641874434266, -2.4654663601604305, 33.085458284791578]}}, "street_tally": [2.0, 0.0, 1.0]}