{"nature_results": {"Dual Carriageway": {"mae": 4.4339581831218071, "mse": 32.998681302575442, "best_function": 2, "parameters": [15.415435184812685, 8.3270662054380331, -3.2636413543616278, 1.0, -0.13324736652157099, 1.4849505903057905, -4.2484780863294347, 1.1924996901944509, 31.880272007051808]}, "Roundabout": {"mae": 10.870261496019058, "mse": 195.47211722680564, "best_function": 2, "parameters": [77.319984071478444, 7.7712185937327494, -3.0553635130538304, 1.0, -0.059937473593876467, 0.91712760712923769, -4.4418739247055106, 7.8274317606144868, 27.750150856058998]}}, "street_tally": [0.0, 0.0, 2.0]}