{"nature_results": {"Single Carriageway": {"mae": 14.14504660723027, "mse": 245.91963825301684, "best_function": 0, "parameters": [1.0, 1.0, 1.0, 1.0, 1.0, 1.0, 1.0]}}, "street_tally": [1.0, 0.0, 0.0]}