{"nature_results": {"Traffic Island Link At Junction": {"mae": 6.8941591159944258, "mse": 81.608928534954174, "best_function": 1, "parameters": [1.8593484971584302, 0.98958469409482119, 0.98964283958517452, 0.17335047814079796, 1.289871290320499, 1.4939751239220893, 1.0, 18.954716160979551]}, "Single Carriageway": {"mae": 7.30318614433022, "mse": 76.025641316383059, "best_function": 1, "parameters": [2.4929343848695735, 0.98863502464026698, 0.99817570816050971, -0.14522759291926679, 1.4088841665555456, 4.1611676012694083, 1.0, 13.017011027760731]}, "Dual Carriageway": {"mae": 7.5434666830305526, "mse": 90.422562228009326, "best_function": 1, "parameters": [1.7358605249207864, 0.99321189764323514, 0.9780700142526727, 0.18181939365391531, 1.2958255810553467, 3.9053596980220862, 1.0, 13.017473625182571]}}, "street_tally": [0.0, 3.0, 0.0]}