{"nature_results": {"Single Carriageway": {"mae": 3.0648120262328575, "mse": 24.271371400103437, "best_function": 2, "parameters": [-0.42493927087152605, 5.8855445524844052, 0.15319230366247327, 1.0, -0.01384239876398996, 0.18321979178705761, -0.84926296565089388, 0.99375023302234111, 25.236631050357946]}}, "street_tally": [0.0, 0.0, 1.0]}