{"nature_results": {"Single Carriageway": {"mae": 12.893792393473037, "mse": 254.21195867430097, "best_function": 1, "parameters": [1.49530611778891, 0.88267146778753325, 0.88682414261864029, 0.25613451619994221, 1.2752835644181888, 0.72077541101272402, 1.0, 25.631178575991264]}}, "street_tally": [0.0, 1.0, 0.0]}