{"nature_results": {"Single Carriageway": {"mae": 6.1727596527913224, "mse": 63.349373649233229, "best_function": 2, "parameters": [0.30964963082254282, 2.0146242299503756, -1.8169013568978079, 1.0, -0.14134938417040677, 1.6245295646037321, -5.9516795969947145, 7.8196705295989526, 25.634075037334838]}, "Traffic Island Link": {"mae": 7.3598571689595573, "mse": 83.739380213802193, "best_function": 0, "parameters": [0.074070439142606248, 2.4119581741523524, -2.9364050825273154, 1.0, 1.9687404956222732, 0.13385849627137658, 28.141677342301886]}}, "street_tally": [1.0, 0.0, 1.0]}