{"nature_results": {"Traffic Island Link At Junction": {"mae": 6.0236420975222753, "mse": 56.902415316597448, "best_function": 1, "parameters": [3.078321609571637, 0.91932860551376605, 0.95770518101559365, -0.47516413803618263, 1.538295292997311, -0.71648302871796599, 1.0, 17.617165158339493]}, "Single Carriageway": {"mae": 8.7175174077913962, "mse": 96.336973745239746, "best_function": 1, "parameters": [2.6647344746923158, 0.95206538377367012, 1.0665372237179769, -0.27968514877390005, 1.4672850020154988, 0.25794939621825019, 1.0, 15.07596678213066]}}, "street_tally": [0.0, 2.0, 0.0]}