{"nature_results": {"Traffic Island Link At Junction": {"mae": 6.4645587970140879, "mse": 79.145342806880052, "best_function": 0, "parameters": [1.0, 1.0, 1.0, 1.0, 1.0, 1.0, 1.0]}, "Single Carriageway": {"mae": 7.25891202162558, "mse": 76.045610013166367, "best_function": 1, "parameters": [4.2303500305048658, -0.20733811625113319, 0.61938257244245221, -1.1609269292614943, 1.8149093194198547, -2.4273321224526678, 1.0, 12.265711402699903]}}, "street_tally": [1.0, 1.0, 0.0]}