{"nature_results": {"Single Carriageway": {"mae": 19.777821131263977, "mse": 440.793372389068, "best_function": 0, "parameters": [1.0, 1.0, 1.0, 1.0, 1.0, 1.0, 1.0]}}, "street_tally": [1.0, 0.0, 0.0]}