{"nature_results": {"Single Carriageway": {"mae": 4.0135049584730904, "mse": 28.602777563438416, "best_function": 2, "parameters": [2.3168860287995887, 1.3955597426211348, 0.59946980072084011, 1.0, 0.046967382563023907, -0.51860459322404306, 1.4558059333337785, -0.32572547103377536, 28.079181982275344]}}, "street_tally": [0.0, 0.0, 1.0]}