{"nature_results": {"Single Carriageway": {"mae": 8.2194445395249272, "mse": 102.02560467959636, "best_function": 1, "parameters": [2.1000242055060792, 1.020841920239435, 0.99556958731051592, -0.03705154927132881, 1.3819871016362621, 2.6039586984736509, 1.0, 26.218850148368681]}, "Slip Road": {"mae": 4.930303120442975, "mse": 46.413349505713974, "best_function": 2, "parameters": [33.841797540824963, 13.966448883252159, 5.2719797059149967, 1.0, -0.030781914486729622, 0.52045760062116497, -3.1024538855111725, 6.109624014145405, 24.490352853495356]}}, "street_tally": [0.0, 1.0, 1.0]}