{"nature_results": {"Traffic Island Link At Junction": {"mae": 13.500273499783997, "mse": 242.09228114064396, "best_function": 0, "parameters": [1.0, 1.0, 1.0, 1.0, 1.0, 1.0, 1.0]}, "Single Carriageway": {"mae": 6.9928950305728375, "mse": 99.448759304068503, "best_function": 2, "parameters": [1.2944455212538357, 0.70910552762051893, 3.4644544837967479, 1.0, 0.014920773713225643, -0.23389433355123757, 1.0410936272314248, 0.008723568912869073, 11.08465923362988]}, "Dual Carriageway": {"mae": 12.647163090387952, "mse": 228.80113726429377, "best_function": 0, "parameters": [1.0, 1.0, 1.0, 1.0, 1.0, 1.0, 1.0]}, "Traffic Island Link": {"mae": 7.1241120666434821, "mse": 83.9032459325106, "best_function": 2, "parameters": [8.1190120823993261, 1.5914060382779094, 4.7814412660355874, 1.0, -0.081422712280696752, 0.91129431348475431, -3.2260420848297997, 4.7923493790755831, 10.996770799094778]}}, "street_tally": [2.0, 0.0, 2.0]}