{"nature_results": {"Single Carriageway": {"mae": 4.3658894960582524, "mse": 32.566225908655468, "best_function": 2, "parameters": [27.350415091099936, 11.321171251841127, -1.5290571902028569, 1.0, 0.073449916815209626, -0.79423441578888765, 2.0931148196958533, 0.33845766634409302, 31.243514292260159]}, "Slip Road": {"mae": 5.9852497395661635, "mse": 53.541839295135198, "best_function": 1, "parameters": [2.4558454993659105, 2.1619215944504684, 1.3873122422205533, -0.14786478264427094, 1.4121404937578772, -4.5738188194281841, 1.0, 31.33288003022184]}}, "street_tally": [0.0, 1.0, 1.0]}