{"nature_results": {"Single Carriageway": {"mae": 4.3746535309044434, "mse": 36.337810650300284, "best_function": 2, "parameters": [4.0741894359402, 3.2254363807965256, -0.10280854813931484, 1.0, -0.050034820265726143, 0.68560104973597102, -3.028982765179129, 4.9072571426328899, 15.123124564883176]}}, "street_tally": [0.0, 0.0, 1.0]}