{"nature_results": {"Traffic Island Link At Junction": {"mae": 9.4456603224031852, "mse": 135.20664409579391, "best_function": 1, "parameters": [2.2649927832922225, 1.0370898413923617, 1.0361636680584974, -0.099715975237572918, 1.404393037978162, 1.0644956369335326, 1.0, 10.286507454339676]}, "Single Carriageway": {"mae": 7.5729455458407129, "mse": 80.382164108819069, "best_function": 2, "parameters": [6.1583286617276221, 1.0372310239297859, 0.49961303909513455, 1.0, 0.096494153168250718, -1.0950439484966052, 3.2941179692435738, -0.81453681371647857, 11.4125853210237]}}, "street_tally": [0.0, 1.0, 1.0]}