{"nature_results": {"Single Carriageway": {"mae": 4.6318164110967999, "mse": 40.712760864536534, "best_function": 2, "parameters": [5.1452615697772792, 10.267893718784281, 0.6769781387301943, 1.0, -0.081352508998137951, 0.919421985255922, -3.4215849292477332, 4.8632660585320764, 28.340727265397089]}, "Dual Carriageway": {"mae": 4.4025261206371953, "mse": 36.093205924370871, "best_function": 2, "parameters": [6.8821833275997122, 6.7887545335071717, 0.87227527021449425, 1.0, -0.16201768633878499, 1.9531770953830989, -7.261024770420283, 8.508668015770489, 27.684719582525709]}, "Slip Road": {"mae": 12.835982213148682, "mse": 356.47245784502803, "best_function": 0, "parameters": [1.0, 1.0, 1.0, 1.0, 1.0, 1.0, 1.0]}}, "street_tally": [1.0, 0.0, 2.0]}