{"nature_results": {"Single Carriageway": {"mae": 5.3666576017079581, "mse": 47.590788154689086, "best_function": 2, "parameters": [6.2965206859853629, 5.8619267364096013, -0.47375889720820252, 1.0, 0.23143584587165777, -2.9807743840058039, 11.677373550797068, -13.377163963918823, 26.850288606571048]}, "Traffic Island Link": {"mae": 6.917036484078765, "mse": 72.385881827259354, "best_function": 2, "parameters": [5.106675581043822, 7.9121744472335473, 5.2115823553140572, 1.0, 0.39683498997683953, -4.7594053813619581, 17.405710606658353, -19.110125517444892, 12.491604691916297]}}, "street_tally": [0.0, 0.0, 2.0]}