{"nature_results": {"Traffic Island Link At Junction": {"mae": 8.980604913158686, "mse": 120.11521028927784, "best_function": 1, "parameters": [1.9176600051103585, 0.9831874917008887, 0.98389954155175741, 0.13275963093382048, 1.3055291495035017, 4.2506293267720663, 1.0, 22.587557028907568]}, "Single Carriageway": {"mae": 6.4123897819354241, "mse": 68.696043444124655, "best_function": 2, "parameters": [-0.57565743865927033, 4.6182411798579324, 2.2125492470078854, 1.0, -0.13115171898824607, 1.436216255969847, -5.0969606855141869, 6.7581806982988226, 30.47450929463368]}, "Roundabout": {"mae": 10.011602715163994, "mse": 147.6200986418103, "best_function": 1, "parameters": [3.7170859130603415, 0.97665887559010056, 1.0141978084590539, -0.81017617414419951, 1.665417689439147, 3.0734952586373394, 1.0, 20.858370682624763]}, "Dual Carriageway": {"mae": 3.6898760575133656, "mse": 21.963194102873139, "best_function": 2, "parameters": [-3.4506695383779364, 3.9221274078969448, 1.4223550800584612, 1.0, -0.058682923638682993, 0.79628481942902263, -3.8899563381480196, 7.4622637980403912, 25.144613399761532]}, "Traffic Island Link": {"mae": 5.8430042234412305, "mse": 58.783648870348927, "best_function": 1, "parameters": [2.3352735772889162, 1.0139710453356168, 1.0479848355115704, -0.099987534371350328, 1.3965463611363247, 2.6737865602513251, 1.0, 34.343292689347727]}}, "street_tally": [0.0, 3.0, 2.0]}