{"nature_results": {"Traffic Island Link At Junction": {"mae": 6.3848511182019605, "mse": 67.957078256007478, "best_function": 2, "parameters": [0.76646086314981188, 9.4137643473455306, -1.0351689837860198, 1.0, 0.029287012386454481, -0.50642491034572878, 2.9473017633332308, -5.9714676939439277, 20.816813607813216]}, "Slip Road": {"mae": 2.6042235285535345, "mse": 9.0737370692136796, "best_function": 2, "parameters": [136.12595325647121, 58.184032928328897, -4.6412833971354885, 1.0, 0.04188403269202523, -0.75381946464620353, 4.2853943621346851, -8.0420144828152083, 20.424371594812669]}}, "street_tally": [0.0, 0.0, 2.0]}