{"nature_results": {"Traffic Island Link At Junction": {"mae": 7.2094850260956074, "mse": 83.718921638157823, "best_function": 2, "parameters": [0.33537514738858254, 4.7777171383670076, -7.3246640072991873, 1.0, 0.21552597526757356, -2.9435427516906167, 12.397456133951829, -15.262822967021862, 30.415587613415141]}, "Single Carriageway": {"mae": 21.045247383591821, "mse": 553.10969906543016, "best_function": 1, "parameters": [1.4537108893171953, 1.0021054384421588, 0.98187756619278921, 0.32292545601815636, 1.2431437710094666, -5.3150544640877797, 1.0, 35.67412700529875]}, "Traffic Island Link": {"mae": 17.095127600445529, "mse": 367.65992379047492, "best_function": 1, "parameters": [1.5290149561538731, 0.9431436064785863, 0.94761638265062664, 0.29876782359233611, 1.249970017549602, -5.3672504934946277, 1.0, 38.722531133034195]}}, "street_tally": [0.0, 2.0, 1.0]}