{"nature_results": {"Single Carriageway": {"mae": 6.2092649960307025, "mse": 61.035501887987444, "best_function": 2, "parameters": [2.2805549325930903, 2.4980134850992224, -0.75582927956181623, 1.0, -0.031165994220333282, 0.31326626582709594, -1.0917574334302871, 1.8398806691279894, 19.680563015286896]}, "Dual Carriageway": {"mae": 10.276652389627978, "mse": 167.98849682587496, "best_function": 0, "parameters": [1.0, 1.0, 1.0, 1.0, 1.0, 1.0, 1.0]}}, "street_tally": [1.0, 0.0, 1.0]}