{"nature_results": {"Traffic Island Link At Junction": {"mae": 22.905222069116391, "mse": 900.46493179947322, "best_function": 0, "parameters": [1.0, 1.0, 1.0, 1.0, 1.0, 1.0, 1.0]}, "Single Carriageway": {"mae": 5.6426747775380566, "mse": 58.652551062759201, "best_function": 2, "parameters": [-6.2041206476491872, 0.90331842133484375, 0.92642031910561773, 1.0, 0.14088837645758234, -1.9764447191005843, 8.209603654925937, -8.8412302149934057, 30.477462196262582]}, "Roundabout": {"mae": 11.46334977462608, "mse": 261.18851109517851, "best_function": 1, "parameters": [5.3390478260365395, 0.82052799964387257, 0.85611026989884131, -1.5656473137461306, 1.9368944541215187, -1.2309875444301945, 1.0, 19.744161219641388]}, "Dual Carriageway": {"mae": 9.167079962833995, "mse": 111.26194528623292, "best_function": 1, "parameters": [3.946692514058431, 0.90457955055725436, 0.95233599643932099, -0.90514570251797366, 1.6977417225186091, 6.0852897537835355, 1.0, 14.598502617609833]}, "Slip Road": {"mae": 8.4919624956906414, "mse": 93.50524458032865, "best_function": 0, "parameters": [1.0, 1.0, 1.0, 1.0, 1.0, 1.0, 1.0]}}, "street_tally": [2.0, 2.0, 1.0]}