{"nature_results": {"Traffic Island Link At Junction": {"mae": 6.4686595389998889, "mse": 74.091156812631468, "best_function": 2, "parameters": [-1.6626546153594339, 0.76841842773193958, 1.4953012223972242, 1.0, -0.260975513405028, 3.5126740916132055, -15.120978874755103, 20.610281336409109, 28.070745344976078]}, "Single Carriageway": {"mae": 5.0610140988922403, "mse": 47.497828156090655, "best_function": 2, "parameters": [5.8224109696769917, 1.9888593373472623, 0.11065541481985675, 1.0, -0.0081745662494709936, 0.023611978468221162, 0.099105447881513431, 0.19478130789674419, 30.428818619141687]}, "Traffic Island Link": {"mae": 9.0784880031380784, "mse": 120.78630104292169, "best_function": 2, "parameters": [13.031706183098304, 2.8603630647579235, -0.61365817875810058, 1.0, 0.031789236991257686, -0.43297443635711308, 1.5274363825589115, -0.9598229890618506, 23.895576344674943]}}, "street_tally": [0.0, 0.0, 3.0]}