{"nature_results": {"Traffic Island Link At Junction": {"mae": 8.747230774287198, "mse": 119.53051021120089, "best_function": 2, "parameters": [-2.8408207979769031, 2.1850482871554053, -0.61851620453772349, 1.0, -0.09620247263116255, 1.1225488834191131, -4.3375924693719377, 6.6423459495160913, 16.46522318741998]}, "Single Carriageway": {"mae": 20.517877325309136, "mse": 493.06724390004257, "best_function": 0, "parameters": [1.0, 1.0, 1.0, 1.0, 1.0, 1.0, 1.0]}}, "street_tally": [1.0, 0.0, 1.0]}