{"nature_results": {"Traffic Island Link At Junction": {"mae": 100.59489993542437, "mse": 1663798.5706319655, "best_function": 1, "parameters": [0.54355374962328229, 1.000819873426297, 1.0212614785195675, 0.74470826006711377, 1.0920594172224565, -0.63929132369090436, 1.0, 21.660910482592424]}, "Single Carriageway": {"mae": 5.3202012097417795, "mse": 58.003807613218576, "best_function": 2, "parameters": [-2.6100602943589686, 1.5462531851319481, -0.11096534321636131, 1.0, -0.021977283579776241, 0.14638006645518908, -0.17565526967649259, 0.62794259093272231, 28.728803542792118]}, "Traffic Island Link": {"mae": 7.5413070683344321, "mse": 90.6891651001648, "best_function": 1, "parameters": [2.9033973751106612, 1.0015000441984141, 0.99987399777619035, -0.36598155450076275, 1.493093568962848, 1.3294697225324872, 1.0, 18.084449637768685]}}, "street_tally": [0.0, 2.0, 1.0]}