{"nature_results": {"Traffic Island Link At Junction": {"mae": 16.734225634853363, "mse": 307.72955002551464, "best_function": 0, "parameters": [1.0, 1.0, 1.0, 1.0, 1.0, 1.0, 1.0]}, "Single Carriageway": {"mae": 23.150123330426602, "mse": 605.089654754707, "best_function": 0, "parameters": [1.0, 1.0, 1.0, 1.0, 1.0, 1.0, 1.0]}, "Dual Carriageway": {"mae": 17.760311870507696, "mse": 459.42813646946712, "best_function": 1, "parameters": [1.5398322199655836, 1.0050664335657067, 1.0325943111076912, 0.29127148331815322, 1.2522880482196519, 0.39680312515659533, 1.0, 28.703394383585017]}}, "street_tally": [2.0, 1.0, 0.0]}