{"nature_results": {"Traffic Island Link At Junction": {"mae": 20.305862599392007, "mse": 442.80826402371542, "best_function": 0, "parameters": [1.0, 1.0, 1.0, 1.0, 1.0, 1.0, 1.0]}, "Single Carriageway": {"mae": 34.943295653492662, "mse": 1260.1069944760231, "best_function": 0, "parameters": [1.0, 1.0, 1.0, 1.0, 1.0, 1.0, 1.0]}}, "street_tally": [2.0, 0.0, 0.0]}