{"nature_results": {"Single Carriageway": {"mae": 4.0599951000281242, "mse": 27.603890335969883, "best_function": 2, "parameters": [7.1496091385137515, 12.005062819271405, 1.7874001345336734, 1.0, -0.39176387210846286, 5.1133760321804562, -20.664024630747072, 24.37689242345138, 32.587237130240865]}, "Dual Carriageway": {"mae": 8.3806593534637361, "mse": 94.273143929114326, "best_function": 2, "parameters": [75.129159982972027, 56.981106292689738, -3.0230338947029889, 1.0, 0.14859733983070234, -2.2195413337535421, 9.560562335034458, -10.19493859732704, 21.778515234248452]}}, "street_tally": [0.0, 0.0, 2.0]}