{"nature_results": {"Single Carriageway": {"mae": 5.8688759883590569, "mse": 60.140941127258486, "best_function": 2, "parameters": [3.1551943674095342, 1.8170634445609961, -0.71006129864322154, 1.0, -0.030314307400918228, 0.33472149750408609, -1.1500500937115641, 0.89721448827648786, 36.409167121541515]}, "Roundabout": {"mae": 7.9545793773050066, "mse": 119.5943362692458, "best_function": 2, "parameters": [-4.7518265850918446, 0.41155311448918463, -0.24508588135099396, 1.0, 0.043455041969469144, -0.49942287187112333, 1.690048261657525, -1.7804640024249685, 30.069564736472223]}, "Traffic Island Link": {"mae": 8.9613771221729941, "mse": 113.75085566390463, "best_function": 2, "parameters": [21.125502998096877, 9.234546786670629, 3.366591029332263, 1.0, 0.12113939346937452, -1.3553724974269832, 4.4321988173717806, -5.136766969408689, 26.58617142218348]}, "Traffic Island Link At Junction": {"mae": 6.1742960900442396, "mse": 63.919969703972782, "best_function": 2, "parameters": [5.5208868260281854, 5.381925187147484, -0.14652154713855059, 1.0, -0.059599731290423508, 0.561488314597961, -1.5557029530063149, 1.5381910917005766, 24.578440458482156]}, "Slip Road": {"mae": 16.099928688586829, "mse": 307.15271018797449, "best_function": 0, "parameters": [1.0, 1.0, 1.0, 1.0, 1.0, 1.0, 1.0]}, "Dual Carriageway": {"mae": 8.2736302599039604, "mse": 109.77310857795428, "best_function": 2, "parameters": [6.0631870315546017, 1.0973619807595765, -0.29729044636852131, 1.0, 0.039821398657494678, -0.55087230281200061, 2.058932719180997, -1.8427591139107782, 36.45906207599014]}}, "street_tally": [1.0, 0.0, 5.0]}