{"nature_results": {"Traffic Island Link At Junction": {"mae": 15.66280463841052, "mse": 273.63586708008148, "best_function": 0, "parameters": [1.0, 1.0, 1.0, 1.0, 1.0, 1.0, 1.0]}, "Single Carriageway": {"mae": 4.3597168064351619, "mse": 30.777416682176856, "best_function": 1, "parameters": [2.2335577407549385, 1.149087693194869, 1.1094596079951546, -0.050905708637780878, 1.3790801102180454, 0.83412832653682245, 1.0, 30.211504234477047]}}, "street_tally": [1.0, 1.0, 0.0]}