{"nature_results": {"Traffic Island Link At Junction": {"mae": 3.6013250507574659, "mse": 19.247080497151234, "best_function": 2, "parameters": [-2.7129746918664681, 2.4279239929664453, -1.7895077609566159, 1.0, -0.028142044152796419, 0.10687889131035311, 0.74067454875322292, -1.9083790284386244, 16.062098475579106]}, "Single Carriageway": {"mae": 8.8562478012027324, "mse": 106.59988370451502, "best_function": 1, "parameters": [3.201205036731972, 1.5446811546781531, 1.2098473692496072, -0.57386768896592444, 1.5819054937198782, 0.049045044584664743, 1.0, 20.823342043492623]}, "Dual Carriageway": {"mae": 7.1553632980549828, "mse": 90.465974622865374, "best_function": 2, "parameters": [118.49895240241786, 54.489024707014721, 1.441457562973294, 1.0, -0.069684495920264267, 1.052481360591931, -5.4129336966537647, 9.8707052078637894, 16.94266965068276]}}, "street_tally": [0.0, 1.0, 2.0]}