{"nature_results": {"Single Carriageway": {"mae": 11.558739490535634, "mse": 240.77023927795494, "best_function": 2, "parameters": [107.60420353220748, 48.063568973131154, -5.9867680491229267, 1.0, 0.3296550924644297, -3.6580131379788394, 10.494625170976985, -0.87629637380224379, 14.480831801079354]}}, "street_tally": [0.0, 0.0, 1.0]}