{"nature_results": {"Traffic Island Link At Junction": {"mae": 14.020513714356278, "mse": 234.71856571346765, "best_function": 0, "parameters": [1.0, 1.0, 1.0, 1.0, 1.0, 1.0, 1.0]}, "Single Carriageway": {"mae": 7.9503500875620698, "mse": 2437.2918889502666, "best_function": 2, "parameters": [0.73732678702598631, 5.5953484172986787, 1.065394029312255, 1.0, -0.012425977580935221, 0.13762627679355321, -0.25682541165886041, -0.54199793425534448, 24.165542901722045]}}, "street_tally": [1.0, 0.0, 1.0]}