{"nature_results": {"Traffic Island Link At Junction": {"mae": 11.517956147300666, "mse": 192.05413015384613, "best_function": 2, "parameters": [-2.3863021126217343, 15.205041202203979, 8.6397041784286568, 1.0, 0.041790410748383744, -1.4145881041015445, 9.7469880093985832, -16.953698727631711, 17.0023984416082]}, "Single Carriageway": {"mae": 5.3829008938049769, "mse": 53.109664504147155, "best_function": 2, "parameters": [16.04367572362252, 31.698545341048639, -1.9050751041986533, 1.0, -0.028723446214884429, 0.20679290117790361, -0.57571806547676818, 2.3297779693508454, 31.080861614673942]}, "Dual Carriageway": {"mae": 9.9269241072303025, "mse": 140.79033382644184, "best_function": 0, "parameters": [1.0, 1.0, 1.0, 1.0, 1.0, 1.0, 1.0]}, "Slip Road": {"mae": 10.844226254645825, "mse": 146.2771478156501, "best_function": 0, "parameters": [1.0, 1.0, 1.0, 1.0, 1.0, 1.0, 1.0]}}, "street_tally": [2.0, 0.0, 2.0]}