{"nature_results": {"Single Carriageway": {"mae": 5.1726814282705718, "mse": 38.486851081343858, "best_function": 2, "parameters": [-3.7708540079736457, 6.2163007231368992, 1.0172839423751694, 1.0, -0.11451231637973591, 1.0068806145675107, -1.9215892138615942, 0.37992776827290997, 12.541089167636601]}}, "street_tally": [0.0, 0.0, 1.0]}