{"nature_results": {"Single Carriageway": {"mae": 5.6456189926345308, "mse": 60.945954907778606, "best_function": 2, "parameters": [2.3195060517281973, 1.6762349081844889, -0.25762393187154742, 1.0, -0.02490103278916278, 0.089152247561817166, 0.23211133011810026, 0.19509685829671519, 26.237409006813678]}}, "street_tally": [0.0, 0.0, 1.0]}