{"nature_results": {"Single Carriageway": {"mae": 7.3060037169903342, "mse": 74.585866173568448, "best_function": 1, "parameters": [3.4675920572247914, 0.9821260670942854, 0.96212998693215102, -0.58489640728688785, 1.5626843651485243, 1.1056441802187131, 1.0, 19.06362377344578]}}, "street_tally": [0.0, 1.0, 0.0]}