{"nature_results": {"Traffic Island Link At Junction": {"mae": 18.855576955652449, "mse": 414.10525387204154, "best_function": 0, "parameters": [1.0, 1.0, 1.0, 1.0, 1.0, 1.0, 1.0]}, "Single Carriageway": {"mae": 7.6552074271254025, "mse": 92.626515681119173, "best_function": 1, "parameters": [1.7314408396197267, 0.99292966261704119, 0.98789927074331096, 0.18504829554758517, 1.2937787209598952, -0.55849967068980466, 1.0, 30.860859077381914]}, "Dual Carriageway": {"mae": 7.6479385890269915, "mse": 98.485198621983827, "best_function": 2, "parameters": [0.68055506156575352, 1.5543430225232981, -0.92295494474878303, 1.0, 0.099182594069243346, -1.204362043743072, 4.1157672261033618, -2.9301683545848176, 29.501039002041821]}}, "street_tally": [1.0, 1.0, 1.0]}