{"nature_results": {"Single Carriageway": {"mae": 6.7610965161000722, "mse": 68.207858630481127, "best_function": 2, "parameters": [2.9748034839206783, 0.5479189570554045, 0.022159164585349944, 1.0, -0.0022069496509675712, -0.061554261182716452, 0.57433938158399922, -0.87118822140827401, 28.961968513402127]}, "Dual Carriageway": {"mae": 8.7912671599277648, "mse": 138.17708035575924, "best_function": 2, "parameters": [8.1665647805903507, 9.0488494447051995, 0.05748750683174253, 1.0, 0.14976192931640842, -1.9699476862892968, 7.5858978045586154, -7.1685405888218146, 37.535570852519221]}}, "street_tally": [0.0, 0.0, 2.0]}