{"nature_results": {"Traffic Island Link At Junction": {"mae": 12.136408422821336, "mse": 175.04125354150241, "best_function": 0, "parameters": [1.0, 1.0, 1.0, 1.0, 1.0, 1.0, 1.0]}, "Single Carriageway": {"mae": 7.3676462783653074, "mse": 100.23377289068078, "best_function": 2, "parameters": [0.4607435317573827, 11.449203673996344, 0.14655167073827036, 1.0, 0.18429558159810688, -2.3766150482546742, 9.0150065702008781, -9.1577197623053852, 31.611911223325464]}, "Traffic Island Link": {"mae": 5.4971252319262272, "mse": 56.964988516385603, "best_function": 2, "parameters": [2.0453137461877202, 16.715464311480865, 0.86270496164865929, 1.0, 0.11592204407114604, -1.8126399798177566, 8.6100332406031868, -12.377060491661583, 37.589535307421386]}}, "street_tally": [1.0, 0.0, 2.0]}