{"nature_results": {"Single Carriageway": {"mae": 4.6860239630225351, "mse": 42.230739163148463, "best_function": 2, "parameters": [-3.0217516094662837, 0.43932996611619601, -0.48968554600213898, 1.0, -0.015179506810833798, 0.25872048053687779, -1.7292879483463177, 4.8902575522286664, 25.978716284939608]}, "Traffic Island Link": {"mae": 26.406290903506839, "mse": 795.78193902770204, "best_function": 0, "parameters": [1.0, 1.0, 1.0, 1.0, 1.0, 1.0, 1.0]}}, "street_tally": [1.0, 0.0, 1.0]}