{"nature_results": {"Single Carriageway": {"mae": 5.3884604258728279, "mse": 50.415212433392071, "best_function": 2, "parameters": [-1.509479242666333, 4.9061284533643867, -0.014440723982829029, 1.0, -0.076525081722668364, 0.84184990378062852, -2.9927436265287422, 3.8919448634426814, 29.666154979461012]}, "Roundabout": {"mae": 6.0584976479849741, "mse": 73.936162510259862, "best_function": 0, "parameters": [-2.3883383983679209, 2.6577548845783143, 0.81371900712095591, 1.0, 1.5125461686372303, 0.28022098031392073, 16.974696338858443]}, "Traffic Island Link": {"mae": 11.86079611471766, "mse": 239.22630948213234, "best_function": 1, "parameters": [-0.056055472851743504, 1.00285405352132, 0.90250661381312902, 1.0413962926638698, 0.98157441981671489, -0.73619786396687581, 1.0, 34.811652574917325]}, "Traffic Island Link At Junction": {"mae": 7.0470165267693288, "mse": 85.925548591461563, "best_function": 2, "parameters": [-0.74017841744192436, 3.9564310927659196, -0.80379430859711998, 1.0, -0.055034831716042065, 0.68959337896244821, -2.945596285482365, 4.3431253938862078, 23.542070120714971]}, "Slip Road": {"mae": 5.4500129332747136, "mse": 72.972141772926705, "best_function": 0, "parameters": [1.0, 1.0, 1.0, 1.0, 1.0, 1.0, 1.0]}, "Dual Carriageway": {"mae": 23.691632712422049, "mse": 682.75700784739854, "best_function": 0, "parameters": [1.0, 1.0, 1.0, 1.0, 1.0, 1.0, 1.0]}}, "street_tally": [3.0, 1.0, 2.0]}