{"nature_results": {"Traffic Island Link At Junction": {"mae": 14.832211989905677, "mse": 279.42232640765894, "best_function": 0, "parameters": [1.0, 1.0, 1.0, 1.0, 1.0, 1.0, 1.0]}, "Single Carriageway": {"mae": 5.3774911027358323, "mse": 51.388336538566755, "best_function": 2, "parameters": [-1.0007830754494367, 1.6843871349036927, -1.6310325684395424, 1.0, -0.14871499000693422, 1.903561994271898, -8.2353295987214636, 13.002803513227722, 23.377308658588642]}}, "street_tally": [1.0, 0.0, 1.0]}