{"nature_results": {"Traffic Island Link At Junction": {"mae": 21.241111544446913, "mse": 474.3484559438578, "best_function": 0, "parameters": [1.0, 1.0, 1.0, 1.0, 1.0, 1.0, 1.0]}, "Single Carriageway": {"mae": 8.0690029347177568, "mse": 123.80109444881164, "best_function": 2, "parameters": [0.8648240124971982, 15.418661300826148, -0.39799698722760457, 1.0, -0.14425306664450166, 1.4738418184589182, -3.3594752550060489, -1.9784152718496282, 32.315580207331294]}, "Roundabout": {"mae": 4.1185909557461562, "mse": 29.328367539854334, "best_function": 2, "parameters": [-5.0784756873014931, 5.0226907352640158, 2.552627157376246, 1.0, -0.16838763795626033, 2.1164264557584547, -8.0231722325688892, 7.5820671666498098, 23.971459153006208]}, "Traffic Island Link": {"mae": 9.42212455204095, "mse": 131.32547419840253, "best_function": 2, "parameters": [29.881849811219901, 24.001733248890876, -10.5770339322026, 1.0, 0.071150398362358369, -0.6591590117522188, 1.0108590291919457, 3.6868694464262615, 14.637871874954307]}}, "street_tally": [1.0, 0.0, 3.0]}