{"nature_results": {"Single Carriageway": {"mae": 15.549482385063518, "mse": 321.54505990611415, "best_function": 0, "parameters": [1.0, 1.0, 1.0, 1.0, 1.0, 1.0, 1.0]}}, "street_tally": [1.0, 0.0, 0.0]}