{"nature_results": {"Single Carriageway": {"mae": 24.844394070541298, "mse": 671.15493213910179, "best_function": 0, "parameters": [1.0, 1.0, 1.0, 1.0, 1.0, 1.0, 1.0]}}, "street_tally": [1.0, 0.0, 0.0]}