{"nature_results": {"Single Carriageway": {"mae": 4.5082647352168559, "mse": 35.691865807707678, "best_function": 2, "parameters": [-3.0545219258348748, 0.37832426978461853, -0.277697720932921, 1.0, -0.12167251487183006, 1.352308457312537, -4.7658467477506976, 5.8899785610166395, 29.673093024190074]}, "Dual Carriageway": {"mae": 6.5891481637341132, "mse": 82.547539163413106, "best_function": 2, "parameters": [4.0002981634249943, 9.0327023143474428, -0.17549807523300021, 1.0, -0.14205007238148148, 1.5274153635226724, -5.0169737934346346, 5.3038090476487403, 28.410767849788368]}}, "street_tally": [0.0, 0.0, 2.0]}