{"nature_results": {"Traffic Island Link At Junction": {"mae": 13.869254074361873, "mse": 222.82207648335708, "best_function": 0, "parameters": [1.0, 1.0, 1.0, 1.0, 1.0, 1.0, 1.0]}, "Single Carriageway": {"mae": 5.5822579995813264, "mse": 54.796371851129535, "best_function": 2, "parameters": [1.1488862690498989, 5.3917169764064106, 0.11501043638552588, 1.0, 0.021649067447768844, -0.19572942827894502, 0.23038807145577, 1.1397207229648014, 29.760970373858676]}, "Dual Carriageway": {"mae": 5.8881570120167295, "mse": 54.96002534391522, "best_function": 1, "parameters": [1.9245910297162474, 0.9964249896698858, 1.0284575547035795, 0.064023110367876557, 1.3434095860675626, 3.2615385230191785, 1.0, 30.67514916037803]}, "Roundabout": {"mae": 18.385741119218029, "mse": 458.71038422871925, "best_function": 0, "parameters": [1.0, 1.0, 1.0, 1.0, 1.0, 1.0, 1.0]}}, "street_tally": [2.0, 1.0, 1.0]}