{"nature_results": {"Traffic Island Link At Junction": {"mae": 8.6603820819146744, "mse": 144.32128158721082, "best_function": 0, "parameters": [-1.7098210044703923, 2.8751022981034251, -1.777926668795458, 1.0, -0.1647982214798962, 1.0631675405988521, 24.200540789521487]}, "Single Carriageway": {"mae": 15.51688326984398, "mse": 3547.674352928811, "best_function": 1, "parameters": [0.044953986601572238, 1.0245672859756552, 1.0261268805393857, 1.0095713789597267, 0.99019472091387917, 1.2948409746533502, 1.0, 25.356428804621714]}, "Dual Carriageway": {"mae": 69.389428261373354, "mse": 91073.039416590545, "best_function": 1, "parameters": [0.40092076283328759, 0.9791006452543779, 1.0006192969993624, 0.84121376871677256, 1.051111124757893, 1.0101383680351264, 1.0, 25.63446266154455]}, "Traffic Island Link": {"mae": 19.736865712438462, "mse": 482.58432530947499, "best_function": 0, "parameters": [1.0, 1.0, 1.0, 1.0, 1.0, 1.0, 1.0]}}, "street_tally": [2.0, 2.0, 0.0]}