{"nature_results": {"Traffic Island Link At Junction": {"mae": 6.6068328153649842, "mse": 70.672913016741987, "best_function": 2, "parameters": [12.696036370532092, 11.788693197499715, -0.49867921223513312, 1.0, 0.023723322908709488, -0.54446582565632728, 3.1286563179042481, -5.3547173497438916, 20.53030041816076]}, "Single Carriageway": {"mae": 25.61282251309277, "mse": 715.17798387410369, "best_function": 0, "parameters": [1.0, 1.0, 1.0, 1.0, 1.0, 1.0, 1.0]}, "Dual Carriageway": {"mae": 10.818761822083401, "mse": 140.86170213005281, "best_function": 0, "parameters": [1.0, 1.0, 1.0, 1.0, 1.0, 1.0, 1.0]}, "Traffic Island Link": {"mae": 29.767598143775718, "mse": 948.38050777768456, "best_function": 0, "parameters": [1.0, 1.0, 1.0, 1.0, 1.0, 1.0, 1.0]}}, "street_tally": [3.0, 0.0, 1.0]}