{"nature_results": {"Slip Road": {"mae": 8.1547591770229548, "mse": 99.296883087457601, "best_function": 2, "parameters": [-4.7243349891471, 6.86752962754879, -9.1533784539505501, 1.0, 0.036607810867783863, -0.74042444377637739, 3.4759641326620296, -6.4896338368150994, 49.834355422738724]}, "Dual Carriageway": {"mae": 16.814887085722511, "mse": 544.60765673081755, "best_function": 1, "parameters": [-0.11251620153039665, 0.97792527714358157, 0.96920327697248887, 1.0860321318481789, 0.95971015236707513, -5.6425030887522007, 1.0, 59.53368921962695]}}, "street_tally": [0.0, 1.0, 1.0]}