{"nature_results": {"Single Carriageway": {"mae": 6.2584311407583844, "mse": 61.43809071512792, "best_function": 1, "parameters": [2.7686988122742981, 0.95186644069325022, 0.9787039288470587, -0.4094416276958972, 1.5310477082477614, -0.45374288128737894, 1.0, 16.160357466432146]}}, "street_tally": [0.0, 1.0, 0.0]}