{"nature_results": {"Single Carriageway": {"mae": 5.6405783405655168, "mse": 721.86141687035934, "best_function": 2, "parameters": [15.953005198424799, 18.77952021003895, -2.6907876734950569, 1.0, -0.26451101782231201, 3.2200732577721625, -11.951520651584852, 13.168749017683881, 39.337343211794042]}, "Dual Carriageway": {"mae": 6.2784973616699267, "mse": 60.500861108809524, "best_function": 0, "parameters": [7.8761247605027895, 11.981927146219228, -3.1638665748680284, 1.0, 1.309397171093083, 0.57501620044475188, 33.234917817596823]}}, "street_tally": [1.0, 0.0, 1.0]}