{"nature_results": {"Traffic Island Link At Junction": {"mae": 9.4251013278568472, "mse": 107.02071006578414, "best_function": 0, "parameters": [1.0, 1.0, 1.0, 1.0, 1.0, 1.0, 1.0]}, "Single Carriageway": {"mae": 5.8474101168361701, "mse": 58.132206867075524, "best_function": 2, "parameters": [-0.80575663350035232, 1.6650131631087537, -1.7242586637606041, 1.0, -0.017229568204700341, -0.073189716747037892, 1.2952342865230642, -2.2077412600581221, 28.59883572854471]}, "Slip Road": {"mae": 5.9441370674608374, "mse": 58.673724120984495, "best_function": 2, "parameters": [4.5141925514625036, 8.7032048466384069, -2.3447987758928424, 1.0, 0.058914896987013798, -1.0808499189360212, 5.7997157139148099, -8.7830246780807073, 17.702789335340345]}, "Dual Carriageway": {"mae": 10.439271845799784, "mse": 5089.8516986677923, "best_function": 0, "parameters": [4.5099402007148282, 9.3174020441206817, -1.2436768898033974, 1.0, 0.94159092437833536, 0.31050857575472313, 24.905068606060446]}, "Traffic Island Link": {"mae": 5.6648836277925847, "mse": 53.581120104086416, "best_function": 2, "parameters": [-1.0735094946121704, 3.3483490731387677, -2.6168269287948505, 1.0, -0.049631494509111196, 0.12294706493041507, 1.7902681413111996, -5.6037613135902884, 37.010297113467516]}}, "street_tally": [2.0, 0.0, 3.0]}