{"nature_results": {"Traffic Island Link At Junction": {"mae": 6.0100995291704402, "mse": 79.730166061893087, "best_function": 0, "parameters": [-7.0017111375361623, 5.0739492714649144, 7.2794040512707561, 1.0, -1.0990862119741429, 0.84639032581017515, 20.940510644066755]}, "Single Carriageway": {"mae": 24.944910171829747, "mse": 697.94802104250584, "best_function": 0, "parameters": [1.0, 1.0, 1.0, 1.0, 1.0, 1.0, 1.0]}}, "street_tally": [2.0, 0.0, 0.0]}