{"nature_results": {"Single Carriageway": {"mae": 18.3582695127586, "mse": 401.03773339417904, "best_function": 0, "parameters": [1.0, 1.0, 1.0, 1.0, 1.0, 1.0, 1.0]}}, "street_tally": [1.0, 0.0, 0.0]}