{"nature_results": {"Traffic Island Link At Junction": {"avg_speed": {"mae": 121.61955230869212, "mse": 60252.274268711146, "best_function": 1, "parameters": [1.0, 1.0, 1.0, 1.0, 1.0, 1.0, 1.0, 1.0]}}, "Single Carriageway": {"mae": 14.151989989869667, "mse": 211.0798371406382, "best_function": 0, "parameters": [1.0, 1.0, 1.0, 1.0, 1.0, 1.0, 1.0]}}, "street_tally": [1.0, 0.0, 0.0]}