{"nature_results": {"Single Carriageway": {"mae": 7.8490885771939372, "mse": 74.54820305341832, "best_function": 1, "parameters": [2.6296122382464739, 0.75719765913838166, 0.94006360265046207, -0.23005563370264026, 1.4430256507850849, 2.2813471304509392, 1.0, 3.5272293025546202]}}, "street_tally": [0.0, 1.0, 0.0]}