{"nature_results": {"Single Carriageway": {"mae": 21.963544226036298, "mse": 567.28423597827395, "best_function": 0, "parameters": [1.0, 1.0, 1.0, 1.0, 1.0, 1.0, 1.0]}, "Roundabout": {"mae": 4.9147668326508205, "mse": 45.534710822651512, "best_function": 2, "parameters": [1.3425710223726453, 4.9564587295238827, -0.82197171351230836, 1.0, -0.012545610762669801, 0.046358045325942232, 0.32646988599157234, -1.1341043475018058, 20.610863219069174]}, "Traffic Island Link": {"mae": 8.3919448057406907, "mse": 111.38831003557118, "best_function": 1, "parameters": [3.2495750591732002, 0.90479910128090013, 0.95065129406323223, -0.61293440588273551, 1.5991128451668357, 1.6168828235195383, 1.0, 17.195000744389045]}, "Traffic Island Link At Junction": {"mae": 7.3627035089505037, "mse": 84.873669709604414, "best_function": 0, "parameters": [-0.66036097361043877, 4.2238197309150189, -0.52265309891439315, 1.0, -0.41085326595871896, 1.0826883912980165, 22.768416271557747]}, "Slip Road": {"mae": 11.243601056549707, "mse": 222.45722585396331, "best_function": 0, "parameters": [1.0, 1.0, 1.0, 1.0, 1.0, 1.0, 1.0]}, "Dual Carriageway": {"mae": 7.1583188727332621, "mse": 93.55993788806235, "best_function": 2, "parameters": [6.4464704038508387, 5.8696577443291753, -1.6211685983321407, 1.0, -0.071032131855860214, 0.82521378338233364, -3.1379286271747988, 4.3344338334267469, 32.733054165496036]}}, "street_tally": [3.0, 1.0, 2.0]}