{"nature_results": {"Dual Carriageway": {"mae": 7.6353397324810386, "mse": 95.6117210269026, "best_function": 2, "parameters": [2.7726460219261191, 1.3905500485416757, -4.2522799057574661, 1.0, -0.050625704597683008, 0.64201226900676089, -2.9915258437466523, 6.5365067481740917, 18.291028514311154]}}, "street_tally": [0.0, 0.0, 1.0]}