{"nature_results": {"Single Carriageway": {"mae": 5.2324888742339404, "mse": 50.610792524828696, "best_function": 2, "parameters": [-0.59451759070233812, 2.627371756825335, -0.20290438420106049, 1.0, 0.017449322565778913, -0.22202074403688465, 0.63502565750348872, 0.38664657196890606, 26.141743646877188]}, "Roundabout": {"mae": 3.7523198034283687, "mse": 24.024882133062611, "best_function": 2, "parameters": [24.188434266555525, 14.549812089522664, -0.65679985574216815, 1.0, 0.083019658502670457, -0.96049486150952901, 3.2488758051664886, -2.9902192009530486, 24.002392401674587]}, "Traffic Island Link": {"mae": 22.509929651818915, "mse": 558.7422475210634, "best_function": 0, "parameters": [1.0, 1.0, 1.0, 1.0, 1.0, 1.0, 1.0]}, "Traffic Island Link At Junction": {"mae": 13.566626404983969, "mse": 242.88650329778088, "best_function": 0, "parameters": [1.0, 1.0, 1.0, 1.0, 1.0, 1.0, 1.0]}, "Slip Road": {"mae": 6.877088495918799, "mse": 81.259920477631681, "best_function": 2, "parameters": [2.8887539950849597, 1.2254935344565909, -2.1751952071201397, 1.0, 0.11339066013876686, -1.1029214093163997, 2.3650950455376822, 1.3416312412533864, 19.298791547645166]}, "Dual Carriageway": {"mae": 22.864445898241264, "mse": 569.37175249756751, "best_function": 0, "parameters": [1.0, 1.0, 1.0, 1.0, 1.0, 1.0, 1.0]}}, "street_tally": [3.0, 0.0, 3.0]}