{"nature_results": {"Single Carriageway": {"mae": 6.0784078523464142, "mse": 64.599343023283254, "best_function": 2, "parameters": [-1.3792765606580608, 1.0884175366543622, 1.2266321719297093, 1.0, -0.010729013782654118, 0.054238035335683721, -0.090336122118034989, 0.80984471414393777, 23.34061820403906]}, "Roundabout": {"mae": 12.006247753162562, "mse": 191.55451273486779, "best_function": 0, "parameters": [1.0, 1.0, 1.0, 1.0, 1.0, 1.0, 1.0]}, "Traffic Island Link": {"mae": 7.8135691270004379, "mse": 108.10856444060624, "best_function": 2, "parameters": [-1.8824671869488787, 0.91186791281170299, 1.9945037804324666, 1.0, -0.0034240620196765992, -0.076787961019953777, 0.72378450860369692, -1.0167039289293287, 25.886643071161235]}, "Traffic Island Link At Junction": {"mae": 20.928833495767567, "mse": 543.61168170740586, "best_function": 0, "parameters": [1.0, 1.0, 1.0, 1.0, 1.0, 1.0, 1.0]}, "Slip Road": {"mae": 4.9345044613360178, "mse": 42.272668409941843, "best_function": 2, "parameters": [-2.9973563578780338, 5.5190746004183477, 1.6825587306145084, 1.0, -0.071701539556277005, 0.74391205448235698, -2.5126998048084479, 3.6136108619287555, 27.853825249929663]}, "Dual Carriageway": {"mae": 9.1273942531644341, "mse": 163.70597426423944, "best_function": 2, "parameters": [8.1529427085359423, 3.568033988511905, -3.6152424302413255, 1.0, 0.046785688154648564, -0.80912040325282031, 3.9306759224043866, -4.9848568208074076, 22.809962369354384]}}, "street_tally": [2.0, 0.0, 4.0]}