{"nature_results": {"Single Carriageway": {"mae": 19.304949650745854, "mse": 428.35258724882976, "best_function": 0, "parameters": [1.0, 1.0, 1.0, 1.0, 1.0, 1.0, 1.0]}, "Dual Carriageway": {"mae": 12.454580665857335, "mse": 206.54048847871434, "best_function": 0, "parameters": [1.0, 1.0, 1.0, 1.0, 1.0, 1.0, 1.0]}}, "street_tally": [2.0, 0.0, 0.0]}