{"nature_results": {"Traffic Island Link At Junction": {"mae": 4.6141642223993991, "mse": 46.693587140487047, "best_function": 2, "parameters": [5.5248048782041614, 5.4200790773190555, 0.096313385333842039, 1.0, 0.1675400807848676, -2.131304344560887, 7.9862414490359948, -7.3543408786096425, 14.757187940896214]}, "Single Carriageway": {"mae": 4.8150711906003707, "mse": 39.64005294048706, "best_function": 2, "parameters": [3.6360707913183576, 1.6773225893832766, -0.41964757308673972, 1.0, 0.037127349998933856, -0.57863830210937683, 2.6274601627964635, -3.1073991415809799, 29.219386481185783]}, "Slip Road": {"mae": 3.0473037916453345, "mse": 15.854695144739946, "best_function": 2, "parameters": [5.554225313776004, 3.0864638769476014, 0.83839561936806795, 1.0, 0.1104384039513775, -1.403893940832488, 5.2129353284911026, -4.7473764480952783, 19.850009865486044]}}, "street_tally": [0.0, 0.0, 3.0]}