{"nature_results": {"Traffic Island Link At Junction": {"mae": 8.2765131163011247, "mse": 110.05881084474687, "best_function": 2, "parameters": [1.3942389952449235, 1.5284000591302664, 1.3042562949640273, 1.0, -0.0088225388247689107, -0.011762191808367684, 0.14936733670399993, 1.2829828077327887, 22.496439069784866]}, "Single Carriageway": {"mae": 22.785480651147768, "mse": 574.23260858109336, "best_function": 0, "parameters": [1.0, 1.0, 1.0, 1.0, 1.0, 1.0, 1.0]}, "Traffic Island Link": {"mae": 6.3176607569680572, "mse": 66.872834175147958, "best_function": 1, "parameters": [2.6591244112869337, 0.99443699577393585, 0.97088555707981217, -0.25366954168350442, 1.4527724010192526, 2.1953952058817574, 1.0, 25.564648311593647]}}, "street_tally": [1.0, 1.0, 1.0]}