{"nature_results": {"Single Carriageway": {"mae": 4.4404234982426765, "mse": 34.391953859411771, "best_function": 1, "parameters": [1.8650434999657044, 1.08893110004933, 1.0566654303371095, 0.093868149888477137, 1.3326462051543539, 0.1067471758663957, 1.0, 27.539677307185144]}, "Dual Carriageway": {"mae": 7.1567210850351133, "mse": 87.203358073962264, "best_function": 2, "parameters": [12.74996877620692, 5.8891717400474288, -0.17693023594378876, 1.0, 0.07502541636000104, -0.86960060944322781, 2.6655509687469721, -0.73375070112899943, 24.634029801444054]}, "Slip Road": {"mae": 8.406915126604563, "mse": 95.521190265015193, "best_function": 0, "parameters": [21.413255141377029, 21.250555860988339, 3.548628790682443, 1.0, 1.3517843189452987, 0.057612212837050647, 12.74290723006996]}}, "street_tally": [1.0, 1.0, 1.0]}