{"nature_results": {"Single Carriageway": {"mae": 21.764718431045658, "mse": 529.35801085537071, "best_function": 0, "parameters": [1.0, 1.0, 1.0, 1.0, 1.0, 1.0, 1.0]}, "Slip Road": {"mae": 14.463055753941147, "mse": 425.0441854355679, "best_function": 1, "parameters": [1.2762972925237475, 0.96345142364565006, 0.97741386655252105, 0.40289310031374337, 1.215763960785291, 4.8002949689914267, 1.0, 22.174321592757479]}, "Dual Carriageway": {"mae": 8.2366150035935384, "mse": 118.4447010423974, "best_function": 1, "parameters": [1.6828203716996792, 0.99710640020843166, 0.99619893476629406, 0.19661098914176578, 1.2922898726937109, 1.8731065655635066, 1.0, 19.197958808101653]}, "Traffic Island Link": {"mae": 5.6071642080571378, "mse": 58.782317524677168, "best_function": 1, "parameters": [2.1602310975394685, 0.97991476754136941, 0.98618932510198498, -0.0080470359916267054, 1.3626491035766453, 0.60018892643806077, 1.0, 28.34533127077902]}}, "street_tally": [1.0, 3.0, 0.0]}