{"nature_results": {"Single Carriageway": {"mae": 6.2474396878007434, "mse": 148.35998165085576, "best_function": 0, "parameters": [6.4417162148567382, 4.9742464776955861, 0.55362035368778373, 1.0, 1.8508521242680498, 0.12348654351046739, 25.366130126008304]}, "Dual Carriageway": {"mae": 10.931514567210296, "mse": 195.90718711312951, "best_function": 0, "parameters": [1.0, 1.0, 1.0, 1.0, 1.0, 1.0, 1.0]}}, "street_tally": [2.0, 0.0, 0.0]}