{"nature_results": {"Traffic Island Link At Junction": {"mae": 12.002634444799428, "mse": 183.40420670438542, "best_function": 0, "parameters": [1.0, 1.0, 1.0, 1.0, 1.0, 1.0, 1.0]}, "Single Carriageway": {"mae": 6.0810523047888507, "mse": 65.19143547153223, "best_function": 0, "parameters": [3.8418922708250043, 2.232956036935632, 1.0862005240403749, 1.0, 0.81462725363289812, 0.55027756294966879, 22.897711506536343]}, "Slip Road": {"mae": 8.6574518629715769, "mse": 96.854785414797007, "best_function": 0, "parameters": [1.0, 1.0, 1.0, 1.0, 1.0, 1.0, 1.0]}}, "street_tally": [3.0, 0.0, 0.0]}