{"nature_results": {"Single Carriageway": {"mae": 17.194838363729968, "mse": 342.13261998449923, "best_function": 0, "parameters": [1.0, 1.0, 1.0, 1.0, 1.0, 1.0, 1.0]}, "Dual Carriageway": {"mae": 6.727374841759846, "mse": 77.149424871789989, "best_function": 2, "parameters": [76.360486725158566, 33.917890034050927, 5.0076868601926918, 1.0, -0.074544149077307997, 0.28654059558012879, 2.2625714990886689, -7.6597414413686362, 20.727128265826828]}}, "street_tally": [1.0, 0.0, 1.0]}