{"nature_results": {"Traffic Island Link At Junction": {"mae": 6.2499387945182363, "mse": 75.341592972759472, "best_function": 1, "parameters": [1.9527434125372709, 0.95816570698012371, 0.97755356620846545, 0.074582167309781289, 1.3349836680727873, -2.1301514549757288, 1.0, 15.889157503599776]}, "Single Carriageway": {"mae": 8.3937107934417803, "mse": 110.53555955591217, "best_function": 2, "parameters": [-10.343309239984885, 7.604948389446716, -6.2112646993943947, 1.0, 0.13480568645939561, -1.8216069567998412, 8.150525401666755, -14.90153487054539, 37.849588294343711]}}, "street_tally": [0.0, 1.0, 1.0]}