{"nature_results": {"Single Carriageway": {"mae": 5.5340420200820164, "mse": 43.438489131292897, "best_function": 2, "parameters": [-0.61739707223090412, 1.2279167138343632, 2.6020594474429473, 1.0, 0.076222002146693835, -1.2906531600910309, 7.2723377161863523, -12.50752524988353, 11.997263685112038]}}, "street_tally": [0.0, 0.0, 1.0]}