{"nature_results": {"Single Carriageway": {"mae": 9.6594273529480308, "mse": 129.2717344246818, "best_function": 1, "parameters": [3.5330550018539668, 0.98845237341452274, 1.0083456686663039, -0.67597839505713497, 1.6077029746065497, -2.7356716434545545, 1.0, 30.236024979297039]}, "Dual Carriageway": {"mae": 17.846721660106965, "mse": 394.11069875256618, "best_function": 0, "parameters": [1.0, 1.0, 1.0, 1.0, 1.0, 1.0, 1.0]}, "Traffic Island Link": {"mae": 10.870830803802836, "mse": 170.68164401061992, "best_function": 1, "parameters": [3.4469412195121545, 0.97530943977106499, 1.0012137158610708, -0.59913737833076253, 1.5724161169901474, -2.6629729700664275, 1.0, 30.763784459683549]}}, "street_tally": [1.0, 2.0, 0.0]}