{"nature_results": {"Traffic Island Link At Junction": {"mae": 4.4113980475134493, "mse": 30.624646498935427, "best_function": 2, "parameters": [0.48704311997344651, 1.9561265639803571, -0.22252776714499434, 1.0, -0.2001634472003011, 2.3697241227645929, -8.667054939263318, 10.159221141438801, 21.001282328976064]}, "Single Carriageway": {"mae": 4.2012611783113796, "mse": 31.420214165390107, "best_function": 2, "parameters": [-0.50038738741833466, 2.6416353129911982, -0.17015062026544236, 1.0, -0.092337943162165814, 1.1604248996796009, -4.5416757334369571, 5.5970586145835934, 20.991087185561476]}}, "street_tally": [0.0, 0.0, 2.0]}