{"nature_results": {"Single Carriageway": {"mae": 6.1968837364940192, "mse": 64.568569836934941, "best_function": 1, "parameters": [1.8864221920140078, 1.119010070443484, 1.0068927642828609, -4.8795349371966168e-05, 1.3834134770054864, -1.1385297544379758, 1.0, 31.06992469171476]}, "Slip Road": {"mae": 6.4252842835377155, "mse": 121.09801339992975, "best_function": 0, "parameters": [-6.6883860737014622, 1.5733719324320492, -1.2458929989940062, 1.0, 0.29296977413820868, 0.82696679296781572, 2.5451679621104213]}, "Dual Carriageway": {"mae": 7.9427283554020702, "mse": 94.180756077953689, "best_function": 1, "parameters": [5.9541676865795861, 0.79162352430660976, 0.92066764207048124, -1.8791744305325788, 2.0545509146675425, -1.2339989310305342, 1.0, 6.5982068633640809]}, "Traffic Island Link": {"mae": 6.8651130119603048, "mse": 69.588642569137406, "best_function": 1, "parameters": [2.6019518661978709, 1.0560108333199429, 0.97128097777258815, -0.46644717063184093, 1.5775170599439106, -0.25631881103748033, 1.0, 32.991308052235297]}}, "street_tally": [1.0, 3.0, 0.0]}