{"nature_results": {"Traffic Island Link At Junction": {"mae": 6.1789003003143375, "mse": 51.727362655782407, "best_function": 2, "parameters": [15.415892340436329, 14.868684449576794, 1.6511048413351035, 1.0, 0.0015484768697430207, -0.038280226475990276, 0.59072436870065914, -1.7794858313318254, 11.000667304311236]}, "Single Carriageway": {"mae": 6.1462478424769715, "mse": 60.068547948944364, "best_function": 2, "parameters": [-7.4671960168071916, 2.8011961184620406, -4.7039589288648997, 1.0, 0.40567291249877502, -4.6297007251652245, 15.941816486714563, -17.024454532934691, 30.749734241590453]}}, "street_tally": [0.0, 0.0, 2.0]}