{"nature_results": {"Single Carriageway": {"mae": 13.056500858841359, "mse": 391.56698050357079, "best_function": 1, "parameters": [1.9664581712630804, 0.9990492948231251, 0.97519030604760593, 0.039519788330509842, 1.3536637624397032, -0.67058174274648352, 1.0, 29.179952910608975]}, "Traffic Island Link": {"mae": 7.9849471005545958, "mse": 132.49649551201389, "best_function": 1, "parameters": [4.004770981518182, 0.99438620984329118, 0.98395776646448518, -0.98111696332138809, 1.7340752347902444, 1.6974857408533057, 1.0, 10.67909422100514]}}, "street_tally": [0.0, 2.0, 0.0]}