{"nature_results": {"Single Carriageway": {"mae": 9.0809047005345889, "mse": 102.02088598829923, "best_function": 0, "parameters": [1.0, 1.0, 1.0, 1.0, 1.0, 1.0, 1.0]}}, "street_tally": [1.0, 0.0, 0.0]}