{"nature_results": {"Traffic Island Link At Junction": {"mae": 7.0558706838673588, "mse": 81.920684536743408, "best_function": 2, "parameters": [1.7989885181784726, 1.2497944770891363, 0.52578295077853632, 1.0, 0.026372210319692391, -0.3521966619873993, 1.3798161411328014, -2.3480548805456958, 29.721490444287621]}, "Single Carriageway": {"mae": 25.756557966734174, "mse": 766.05133660519709, "best_function": 0, "parameters": [1.0, 1.0, 1.0, 1.0, 1.0, 1.0, 1.0]}, "Dual Carriageway": {"mae": 17.543029314260558, "mse": 451.42031632607797, "best_function": 0, "parameters": [1.0, 1.0, 1.0, 1.0, 1.0, 1.0, 1.0]}}, "street_tally": [2.0, 0.0, 1.0]}