{"nature_results": {"Traffic Island Link At Junction": {"mae": 3.5757458966715716, "mse": 26.187732632608469, "best_function": 2, "parameters": [28.611379485540823, 15.565115557106742, -0.32512461664644854, 1.0, 0.098928571155061262, -1.0350131456511273, 3.2053332011778344, -3.3042488350200161, 19.640444125444059]}, "Single Carriageway": {"mae": 4.6543036948522758, "mse": 34.834055593197363, "best_function": 1, "parameters": [-0.0054010232464372088, 0.95169991824516986, 0.97927531152505742, 0.9726666749778845, 1.0160781540290018, 2.1189795961594058, 1.0, 28.079900072241085]}}, "street_tally": [0.0, 1.0, 1.0]}