{"nature_results": {"Single Carriageway": {"mae": 4.4096417264211363, "mse": 67.411646099108026, "best_function": 2, "parameters": [1.159142906712038, 4.1693510593522376, 0.092314081202669152, 1.0, 0.0028348641028552723, -0.18586624313666511, 1.3859888328654517, -1.873004992785138, 27.381450517349752]}}, "street_tally": [0.0, 0.0, 1.0]}