{"nature_results": {"Traffic Island Link At Junction": {"mae": 10.861423772336195, "mse": 193.3637330429992, "best_function": 1, "parameters": [1.6575514216211316, 0.91815691447766079, 0.93116478220422572, 0.1457105808405329, 1.3222761846914104, 0.20198542814251785, 1.0, 26.372730807976193]}, "Single Carriageway": {"mae": 24.884638609711253, "mse": 671.56598790845601, "best_function": 0, "parameters": [1.0, 1.0, 1.0, 1.0, 1.0, 1.0, 1.0]}, "Traffic Island Link": {"mae": 4.4292839856100557, "mse": 30.417759517102557, "best_function": 2, "parameters": [20.828954733445457, 7.4128557180237387, 1.0154919607120503, 1.0, -0.080407218841595185, 1.1435720193372081, -5.5258693774379815, 9.2664775928889718, 32.452446011636198]}}, "street_tally": [1.0, 1.0, 1.0]}