{"nature_results": {"Single Carriageway": {"mae": 6.322738190650969, "mse": 59.10040296039103, "best_function": 2, "parameters": [-0.82478178118535816, 9.8312253214812984, -2.0318367667016068, 1.0, -0.32250594928349607, 3.6399310942526695, -11.785875284580371, 8.8049941893605492, 25.26588039007072]}}, "street_tally": [0.0, 0.0, 1.0]}