{"nature_results": {"Single Carriageway": {"mae": 7.3577883718629451, "mse": 248.60994697893358, "best_function": 2, "parameters": [-1.9865670146705789, 8.673830802163689, -1.1861216386062363, 1.0, -0.12589903300516769, 1.2242555032983877, -2.6304562037188961, -0.49688331238713257, 38.146427831788365]}, "Traffic Island Link": {"mae": 36.86600777272681, "mse": 1404.6691836360062, "best_function": 0, "parameters": [1.0, 1.0, 1.0, 1.0, 1.0, 1.0, 1.0]}}, "street_tally": [1.0, 0.0, 1.0]}