{"nature_results": {"Traffic Island Link At Junction": {"mae": 25.053548970734937, "mse": 718.72133493226477, "best_function": 0, "parameters": [1.0, 1.0, 1.0, 1.0, 1.0, 1.0, 1.0]}, "Single Carriageway": {"mae": 12.870148547476788, "mse": 280.74290590587941, "best_function": 1, "parameters": [1.6120212495934112, 1.0103862817858187, 1.0492854288296889, 0.25966616431877509, 1.2634315982699793, -0.062985392592764811, 1.0, 33.062135007614131]}, "Traffic Island Link": {"mae": 7.9809670591531772, "mse": 108.07418015253326, "best_function": 1, "parameters": [3.343518305815115, 1.0258268509471571, 1.0718678734082494, -0.61656879705488277, 1.5917271729114446, -0.8136984642685039, 1.0, 33.873308849785779]}}, "street_tally": [1.0, 2.0, 0.0]}