{"nature_results": {"Single Carriageway": {"mae": 12.620240507604677, "mse": 3172.7801213044727, "best_function": 0, "parameters": [10.615511870674503, 14.852164026674155, 1.1635022550241847, 1.0, -0.36045484295908681, 0.7209497918997364, 15.692279758182444]}, "Dual Carriageway": {"mae": 5.5585852227273271, "mse": 84.006519633267672, "best_function": 0, "parameters": [8.5688283008116386, 8.5008149977409655, 0.98210482269617105, 1.0, -0.40519260263257539, 0.97822026042805399, 23.923637242788171]}}, "street_tally": [2.0, 0.0, 0.0]}