{"nature_results": {"Traffic Island Link At Junction": {"mae": 5.1721482329113275, "mse": 47.287978465700263, "best_function": 2, "parameters": [-4.1573075710999623, 0.72775630126441215, -2.4696153625854942, 1.0, 0.074319593807834927, -0.97533322126760758, 3.8357924495095692, -4.1029627501937922, 27.623762150047156]}, "Single Carriageway": {"mae": 5.5919926774315574, "mse": 55.564185003754829, "best_function": 2, "parameters": [-8.3503785831783475, 1.5548736385737012, -3.2601893566939077, 1.0, -0.012030937296935607, 0.15738593356532238, -0.82582223203763272, 1.6348076471230382, 34.49894117085411]}, "Dual Carriageway": {"mae": 34.873651898720787, "mse": 1423.5073501406341, "best_function": 0, "parameters": [1.0, 1.0, 1.0, 1.0, 1.0, 1.0, 1.0]}}, "street_tally": [1.0, 0.0, 2.0]}