{"nature_results": {"Traffic Island Link At Junction": {"mae": 5.8382942219107097, "mse": 62.181208298773306, "best_function": 0, "parameters": [-0.92161692079155122, 3.019101586284473, 0.99248370307713973, 1.0, 2.1918687061863498, 0.17361116985469061, 30.04325961530569]}, "Single Carriageway": {"mae": 6.922646076835564, "mse": 80.502868151800016, "best_function": 2, "parameters": [-1.6141417236738986, 1.5112918908440018, 0.60874928108146475, 1.0, -0.065548841068163277, 0.71480007485661912, -2.2501122589104852, 1.9900614603746565, 24.671440762142904]}, "Slip Road": {"mae": 6.5681677736269535, "mse": 80.680884858722308, "best_function": 0, "parameters": [1.0, 1.0, 1.0, 1.0, 1.0, 1.0, 1.0]}, "Dual Carriageway": {"mae": 8.3139040667916877, "mse": 113.58102887232995, "best_function": 2, "parameters": [14.545426223196177, 8.1269397211092773, 1.1454847071346701, 1.0, -0.15914477249962156, 1.7412898033281188, -5.5112643579964642, 4.5853023033504172, 22.857469792598312]}, "Traffic Island Link": {"mae": 11.56014265936658, "mse": 207.17340982631299, "best_function": 0, "parameters": [-8.9094792378015839, 0.23891563412997374, 0.23525620221470167, 1.0, 1.6553044127169407, 0.3965043147798708, 26.705324714538655]}}, "street_tally": [3.0, 0.0, 2.0]}