{"nature_results": {"Traffic Island Link At Junction": {"mae": 6.8909364888293858, "mse": 75.155431692816137, "best_function": 2, "parameters": [6.7232157786910953, 2.5304386640607293, 2.1664530134943529, 1.0, -0.10410618456981391, 0.9884188286281077, -2.29115117306615, -0.024206214101141876, 25.369555383895715]}, "Single Carriageway": {"mae": 6.32108479257617, "mse": 88.960200932538157, "best_function": 0, "parameters": [2.4155261992673362, 6.6045240494082327, 0.58985560356991185, 1.0, 0.36548630598268095, 0.97521093964289529, 27.866275943499947]}, "Dual Carriageway": {"mae": 4.6709911912200752, "mse": 34.743891656900018, "best_function": 2, "parameters": [3.9983325209471618, 9.8714830721758737, 0.60949712512510423, 1.0, -0.03526080342357174, 0.43455719373274682, -1.7541421763140659, 3.728881016630615, 32.984887565693981]}, "Traffic Island Link": {"mae": 6.4295323911931375, "mse": 71.958090541529359, "best_function": 2, "parameters": [0.89267139208344304, 12.370796799878137, 1.7326000500424295, 1.0, -0.18015666702396715, 2.1824686199848826, -8.4193972530003265, 11.424337518533202, 25.330544544537627]}}, "street_tally": [1.0, 0.0, 3.0]}