{"nature_results": {"Single Carriageway": {"mae": 9.6412665529819481, "mse": 107.77095082831092, "best_function": 0, "parameters": [1.0, 1.0, 1.0, 1.0, 1.0, 1.0, 1.0]}}, "street_tally": [1.0, 0.0, 0.0]}