{"nature_results": {"Roundabout": {"mae": 9.0231020673632063, "mse": 130.55206851360632, "best_function": 2, "parameters": [-2.6576261022634249, 3.558227592681618, 3.1045108807830153, 1.0, -0.13498775900874738, 1.6373453419277451, -6.420444748343459, 9.2641626501832839, 22.017943937585901]}}, "street_tally": [0.0, 0.0, 1.0]}