{"nature_results": {"Traffic Island Link At Junction": {"mae": 12.680071619676379, "mse": 187.55247254774474, "best_function": 0, "parameters": [1.0, 1.0, 1.0, 1.0, 1.0, 1.0, 1.0]}, "Single Carriageway": {"mae": 24.737747470981539, "mse": 662.76077614575831, "best_function": 0, "parameters": [1.0, 1.0, 1.0, 1.0, 1.0, 1.0, 1.0]}}, "street_tally": [2.0, 0.0, 0.0]}