{"nature_results": {"Single Carriageway": {"mae": 2.2453681329465076, "mse": 8.8497894670601944, "best_function": 2, "parameters": [1.6513518849472073, 2.5002316607744293, 1.3882698717724686, 1.0, 0.0069055072520413097, -0.030872425472558085, -0.35571777989958631, 1.8375172467904946, 18.52272518438572]}}, "street_tally": [0.0, 0.0, 1.0]}