{"nature_results": {"Traffic Island Link At Junction": {"mae": 14.138902317254766, "mse": 243.90864123622873, "best_function": 0, "parameters": [1.0, 1.0, 1.0, 1.0, 1.0, 1.0, 1.0]}, "Single Carriageway": {"mae": 21.141922393452234, "mse": 496.80146036837704, "best_function": 0, "parameters": [1.0, 1.0, 1.0, 1.0, 1.0, 1.0, 1.0]}}, "street_tally": [2.0, 0.0, 0.0]}