{"nature_results": {"Single Carriageway": {"mae": 7.9865603677736532, "mse": 138.54231074080357, "best_function": 1, "parameters": [1.6267668747033419, 1.0649680124402525, 1.0541022938743239, 0.23344238341246004, 1.2773946292393272, -0.82699478217062805, 1.0, 26.976799564564587]}, "Dual Carriageway": {"mae": 7.5783663674290969, "mse": 94.428757787939489, "best_function": 2, "parameters": [5.3272744212324348, 0.61686176247240665, -0.82977750324541666, 1.0, -0.022480370598826571, 0.23446097668646237, -0.90501659471808371, 1.4678003885104132, 25.045606597517995]}}, "street_tally": [0.0, 1.0, 1.0]}