{"nature_results": {"Traffic Island Link At Junction": {"mae": 4.0335270803846832, "mse": 25.936445642330089, "best_function": 1, "parameters": [2.1672005814822208, 1.0092519879935105, 0.97227354925239817, -0.068529694203531388, 1.3951777914129526, -1.3933816757086812, 1.0, 18.852202087572962]}, "Single Carriageway": {"mae": 23.087386707291873, "mse": 596.54905647189889, "best_function": 0, "parameters": [1.0, 1.0, 1.0, 1.0, 1.0, 1.0, 1.0]}}, "street_tally": [1.0, 1.0, 0.0]}