{"nature_results": {"Traffic Island Link At Junction": {"mae": 24.041991593908584, "mse": 731.60968436886731, "best_function": 0, "parameters": [1.0, 1.0, 1.0, 1.0, 1.0, 1.0, 1.0]}, "Single Carriageway": {"mae": 9.7036210869899975, "mse": 177.52709520744907, "best_function": 0, "parameters": [-8.7939139529428552, 3.0894415230678542, -1.4589020715760395, 1.0, 1.4373466708110034, 0.26785651167606794, 41.947702527627861]}, "Slip Road": {"mae": 6.3869441433330918, "mse": 53.757286055266079, "best_function": 0, "parameters": [1.0, 1.0, 1.0, 1.0, 1.0, 1.0, 1.0]}, "Dual Carriageway": {"mae": 11.615395250296533, "mse": 223.83090885993428, "best_function": 2, "parameters": [7.2402929202005435, 6.8059023977033304, 0.17013554725558855, 1.0, -0.053230496586230469, 0.85783667830578958, -4.8084604327054707, 9.9986484251935401, 31.504526272900822]}, "Traffic Island Link": {"mae": 7.8055983491630725, "mse": 97.775153211175919, "best_function": 1, "parameters": [2.9703306347529672, 0.94954146596046152, 0.95716474059951995, -0.41428942583173778, 1.5140182114701917, -4.873801718085609, 1.0, 48.126588577666283]}}, "street_tally": [3.0, 1.0, 1.0]}