{"nature_results": {"Traffic Island Link At Junction": {"mae": 7.7282735362620496, "mse": 106.01779461098074, "best_function": 2, "parameters": [10.768425390663426, 8.7713011041661897, 1.362995625006842, 1.0, -0.01530790074322419, -0.0019570245544073828, 0.73801078349384597, -0.90627368689830501, 23.817507615886658]}, "Single Carriageway": {"mae": 5.4917199139099049, "mse": 52.964410208782148, "best_function": 2, "parameters": [6.3906010176347756, 7.522906391719161, 1.375942660590876, 1.0, -0.011413434924677723, -0.051321208511024841, 0.91942810780516138, -1.1124692418759135, 27.835518045813608]}, "Dual Carriageway": {"mae": 8.0146816951452138, "mse": 103.27106277261211, "best_function": 2, "parameters": [11.947185787490074, 10.385175391205273, 0.52918359675069326, 1.0, -0.22391689622150146, 2.5939294899851992, -9.09576022162382, 9.7702488745370388, 24.132419292138213]}, "Traffic Island Link": {"mae": 6.4630727581544027, "mse": 74.35344694859171, "best_function": 2, "parameters": [10.39699445558964, 4.0600357560611915, -0.38954901997098168, 1.0, -0.065610784277608358, 0.63421898718131842, -1.9130564131412333, 3.4191072463739447, 25.901625813533837]}}, "street_tally": [0.0, 0.0, 4.0]}