{"nature_results": {"Traffic Island Link At Junction": {"mae": 8.9625345435932893, "mse": 125.33249146323082, "best_function": 1, "parameters": [1.9694007505013549, 1.0011873281325929, 1.0008278649447939, 0.052808519316991043, 1.3458193947220134, -0.59142112324272311, 1.0, 21.542066975427044]}, "Single Carriageway": {"mae": 21.900325130702583, "mse": 540.13964713959763, "best_function": 0, "parameters": [1.0, 1.0, 1.0, 1.0, 1.0, 1.0, 1.0]}, "Slip Road": {"mae": 9.0872507599845385, "mse": 163.7731168077211, "best_function": 1, "parameters": [4.2429739215533164, 0.99437510553005215, 0.96196676217736055, -1.0357146359276004, 1.742306726517765, 0.8003791265754947, 1.0, 7.3444261794685701]}, "Dual Carriageway": {"mae": 5.9954433102755207, "mse": 70.382551451258408, "best_function": 2, "parameters": [0.68177527522006676, 1.2993169970738792, -0.51321800538276752, 1.0, 0.039597648813278208, -0.51610525582930689, 1.8315335836165625, -1.0373887402899986, 25.385389120049709]}, "Traffic Island Link": {"mae": 7.2347544957759196, "mse": 91.126734262507199, "best_function": 2, "parameters": [-1.0063783074736317, 0.13403943868642176, 0.17922329184694363, 1.0, -0.012701580658622369, 0.17673965148488258, -1.0869162402040677, 3.1381309245038551, 26.304171535195518]}}, "street_tally": [1.0, 2.0, 2.0]}