{"nature_results": {"Traffic Island Link At Junction": {"mae": 4.8688532184425259, "mse": 37.314545292522006, "best_function": 2, "parameters": [-2.4758433731349143, 0.53817976385681721, 0.65358418694301357, 1.0, 0.070447895820241691, -0.95441774469976237, 4.0222003031064002, -5.2617284450009159, 21.645890817886922]}, "Single Carriageway": {"mae": 4.5954903753174916, "mse": 36.622891112004574, "best_function": 2, "parameters": [2.9425463818448732, 2.4181254591257444, -0.53635542130678959, 1.0, 0.0010113228382283568, -0.10666952639662686, 0.51309360304067164, 0.090385036496711257, 28.337191043697164]}, "Roundabout": {"mae": 14.266191056008767, "mse": 303.04326441461467, "best_function": 1, "parameters": [2.646480892221764, 1.0064199883231875, 0.99999479634235422, -0.26438870732082642, 1.4600233213393921, -1.991050779001859, 1.0, 32.9256787402974]}}, "street_tally": [0.0, 1.0, 2.0]}