{"nature_results": {"Single Carriageway": {"mae": 6.8843438774292096, "mse": 84.794916548175905, "best_function": 2, "parameters": [9.1426055999524038, 15.745715603337814, -2.8095720882397623, 1.0, 0.11097343964243822, -1.3387021712030061, 4.6313164403656, -3.1766249185773496, 33.903874568197033]}}, "street_tally": [0.0, 0.0, 1.0]}