{"nature_results": {"Single Carriageway": {"mae": 2.6020530888177245, "mse": 10.575685316861239, "best_function": 0, "parameters": [7.4616121284580794, 1.3345728094302987, -0.21534101377061265, 1.0, -0.22185980539751093, 0.91819641316959411, 16.391128871651041]}}, "street_tally": [1.0, 0.0, 0.0]}