{"nature_results": {"Traffic Island Link At Junction": {"mae": 6.7510838951825232, "mse": 82.419352654783836, "best_function": 2, "parameters": [0.47825961007659312, 2.26871109073707, 1.5355783728724095, 1.0, -0.0042675841435613204, 0.040119978030301651, -0.35905086649203244, 1.6515305841914725, 22.300184406068958]}, "Single Carriageway": {"mae": 4.6259123388884547, "mse": 42.305449919589087, "best_function": 2, "parameters": [-0.061682730714924139, 3.2036661962337107, 1.9517375366399667, 1.0, -0.041527069508288994, 0.43667760353879459, -1.7271158328284337, 3.6827301856098971, 21.160456785817463]}, "Dual Carriageway": {"mae": 9.3626910545358299, "mse": 130.36606830430051, "best_function": 1, "parameters": [2.8742809460378282, 1.0031648184788859, 1.0195975620015829, -0.37215729254808094, 1.4990524258750995, 1.2817612040668358, 1.0, 16.092051147452612]}, "Slip Road": {"mae": 7.0173003604999025, "mse": 88.714172788966067, "best_function": 2, "parameters": [-0.61328521260056457, 7.0304493506546715, -0.69051405092003404, 1.0, -0.052130508278338761, 0.61603967680266325, -2.4564259726739008, 3.2903579474824238, 18.31419916737002]}}, "street_tally": [0.0, 1.0, 3.0]}