{"nature_results": {"Traffic Island Link At Junction": {"mae": 13.650165254538583, "mse": 282.66088832645562, "best_function": 0, "parameters": [1.0, 1.0, 1.0, 1.0, 1.0, 1.0, 1.0]}, "Single Carriageway": {"mae": 11.909770270690995, "mse": 188.54416223244741, "best_function": 0, "parameters": [1.0, 1.0, 1.0, 1.0, 1.0, 1.0, 1.0]}}, "street_tally": [2.0, 0.0, 0.0]}