{"nature_results": {"Traffic Island Link At Junction": {"mae": 6.5991918012034105, "mse": 68.110900318354481, "best_function": 2, "parameters": [6.5677503253098264, 3.8419424396042521, 0.61939316503787645, 1.0, 0.14272562154531321, -1.705307455993283, 5.7839168127495464, -4.970149861355015, 24.01437010591518]}, "Single Carriageway": {"mae": 4.6469531623626406, "mse": 34.505095768161773, "best_function": 2, "parameters": [9.2850807717363519, 5.1563728346765281, -0.12172995424567268, 1.0, 0.015489180082068232, -0.088165411756191414, -0.3574420803069116, 1.2576447361545022, 30.485034647945369]}, "Slip Road": {"mae": 7.180214685873441, "mse": 73.064977470485189, "best_function": 1, "parameters": [1.6668377718149228, 0.827889625356935, 0.89320922470087982, 0.20231917741469307, 1.2908290813834584, -6.2829342288521879, 1.0, 35.315838931018]}}, "street_tally": [0.0, 1.0, 2.0]}