{"nature_results": {"Slip Road": {"avg_speed": {"mae": 18.526133816582959, "mse": 420.4471823541985, "best_function": 0, "parameters": [1.0, 1.0, 1.0, 1.0, 1.0, 1.0, 1.0]}}}, "street_tally": [0.0, 0.0, 0.0]}