{"nature_results": {"Traffic Island Link At Junction": {"mae": 4.3023809567179239, "mse": 32.381105425366222, "best_function": 2, "parameters": [8.3837207634554467, 7.8554489586840406, -2.2586699310874101, 1.0, 0.037640815661547866, -0.42845393415572031, 0.95979460586788756, 1.3891305504104026, 19.4658718763419]}, "Single Carriageway": {"mae": 15.207372526142436, "mse": 259.9531225840056, "best_function": 0, "parameters": [1.0, 1.0, 1.0, 1.0, 1.0, 1.0, 1.0]}, "Roundabout": {"mae": 18.272704846490537, "mse": 505.90134014911428, "best_function": 0, "parameters": [1.0, 1.0, 1.0, 1.0, 1.0, 1.0, 1.0]}}, "street_tally": [2.0, 0.0, 1.0]}