{"nature_results": {"Dual Carriageway": {"mae": 4.6602396250493952, "mse": 37.726151679767057, "best_function": 2, "parameters": [12.104431487519621, 2.4250193927804897, -0.65894911703425851, 1.0, 0.13850982540642609, -1.9342826128069128, 8.676000204234608, -12.975191138413424, 32.975345673330935]}, "Roundabout": {"mae": 6.6917148194791336, "mse": 137.23444329406911, "best_function": 2, "parameters": [25.490067876769007, 8.0566422392833275, -1.3439139878876318, 1.0, 0.15552697168168916, -2.005805770750607, 8.1985818813444489, -11.255437828327821, 25.940083959882191]}}, "street_tally": [0.0, 0.0, 2.0]}