{"nature_results": {"Single Carriageway": {"mae": 7.5999554132915623, "mse": 91.717542529757395, "best_function": 2, "parameters": [20.54816817948009, 12.642063487680206, 0.3076712091690853, 1.0, -0.099491636002032147, 1.2977956094770318, -5.1624938852619318, 6.3596456871253944, 23.922682879845809]}, "Dual Carriageway": {"mae": 9.8769874894154839, "mse": 115.87441654648518, "best_function": 2, "parameters": [4.7911459093888276, 11.733945597658719, 0.026055850385701018, 1.0, -0.022783688070497687, 0.19694222620220858, -0.29560113566357327, 0.28175889237940999, 12.953735435108133]}}, "street_tally": [0.0, 0.0, 2.0]}