{"nature_results": {"Single Carriageway": {"mae": 16.673853405399615, "mse": 305.07704528277384, "best_function": 0, "parameters": [1.0, 1.0, 1.0, 1.0, 1.0, 1.0, 1.0]}}, "street_tally": [1.0, 0.0, 0.0]}