{"nature_results": {"Single Carriageway": {"mae": 15.203689507406251, "mse": 268.41709109242663, "best_function": 0, "parameters": [1.0, 1.0, 1.0, 1.0, 1.0, 1.0, 1.0]}}, "street_tally": [1.0, 0.0, 0.0]}