{"nature_results": {"Single Carriageway": {"mae": 15.052968006292813, "mse": 269.91811487210111, "best_function": 0, "parameters": [1.0, 1.0, 1.0, 1.0, 1.0, 1.0, 1.0]}}, "street_tally": [1.0, 0.0, 0.0]}