{"nature_results": {"Traffic Island Link At Junction": {"mae": 157.70416849574349, "mse": 42820.417482427751, "best_function": 1, "parameters": [-0.5206526016077464, 1.0720015250665693, 1.0301651611039313, 1.2498029158263881, 0.9083973296727319, 0.53798158315714317, 1.0, 22.888979262042554]}, "Single Carriageway": {"mae": 24.625358925749055, "mse": 657.60641182777829, "best_function": 0, "parameters": [1.0, 1.0, 1.0, 1.0, 1.0, 1.0, 1.0]}}, "street_tally": [1.0, 1.0, 0.0]}