{"nature_results": {"Single Carriageway": {"mae": 11.11411390209962, "mse": 2285.1911912198102, "best_function": 2, "parameters": [4.6843335995293423, 12.304974874029941, 0.37010349742524185, 1.0, 0.045764013378195134, -0.75441536203744342, 3.8500591012506082, -5.9822133487879094, 33.406542712390255]}}, "street_tally": [0.0, 0.0, 1.0]}