{"nature_results": {"Traffic Island Link At Junction": {"mae": 13.4734402922924, "mse": 221.67238381901078, "best_function": 0, "parameters": [1.0, 1.0, 1.0, 1.0, 1.0, 1.0, 1.0]}, "Single Carriageway": {"mae": 23.78671962464383, "mse": 646.89919073602675, "best_function": 0, "parameters": [1.0, 1.0, 1.0, 1.0, 1.0, 1.0, 1.0]}, "Dual Carriageway": {"mae": 20.714354528479184, "mse": 506.49908121673406, "best_function": 0, "parameters": [1.0, 1.0, 1.0, 1.0, 1.0, 1.0, 1.0]}, "Traffic Island Link": {"mae": 11.988386960626533, "mse": 174.3509727827682, "best_function": 1, "parameters": [8.496850551505494, 0.25806336333025037, 0.72383813641873629, -4.4410380760235171, 3.2475327793250335, 1.1651992546428263, 1.0, 10.086032399626244]}}, "street_tally": [3.0, 1.0, 0.0]}