{"nature_results": {"Single Carriageway": {"mae": 26.867098633139868, "mse": 766.36560674687428, "best_function": 0, "parameters": [1.0, 1.0, 1.0, 1.0, 1.0, 1.0, 1.0]}, "Dual Carriageway": {"mae": 6.8031928792074741, "mse": 76.786279372808011, "best_function": 2, "parameters": [1.7995896342064874, 4.1309151873300429, 1.3192044665216436, 1.0, -0.1298759009865984, 1.5067150190986003, -4.9962204521395677, 2.6799119496300463, 33.488522972090344]}}, "street_tally": [1.0, 0.0, 1.0]}