{"nature_results": {"Single Carriageway": {"mae": 17.222790408765064, "mse": 325.46080100744655, "best_function": 0, "parameters": [1.0, 1.0, 1.0, 1.0, 1.0, 1.0, 1.0]}}, "street_tally": [1.0, 0.0, 0.0]}