{"nature_results": {"Single Carriageway": {"mae": 3.2843583875699416, "mse": 18.477907354734075, "best_function": 2, "parameters": [169.70379114938177, 92.359860557523646, -2.7637910957425853, 1.0, 0.044048199618760275, -0.82940914774732222, 4.4896008786977202, -7.0935437120317957, 17.547613988109436]}}, "street_tally": [0.0, 0.0, 1.0]}