{"nature_results": {"Traffic Island Link At Junction": {"mae": 5.6394494343288377, "mse": 57.880736483819071, "best_function": 0, "parameters": [0.37339869487839805, 4.6630015644820979, -0.51123722211268685, 1.0, 1.3040573135012441, 0.83389530912811161, 17.985490593028761]}, "Single Carriageway": {"mae": 4.6360735817272136, "mse": 39.283270174917988, "best_function": 2, "parameters": [-1.382787343004253, 3.1402133564610768, -1.433016805356579, 1.0, -0.051147320363056581, 0.56091919516604627, -1.6507682754559339, 0.89674751794497376, 18.841756007300877]}, "Traffic Island Link": {"mae": 3.7395992860587155, "mse": 22.754480471130719, "best_function": 2, "parameters": [11.351703411448899, 13.201878965284081, -0.012469798969841239, 1.0, -0.030329798181349954, 0.14618623620606963, 0.90172885136823855, -3.7789557151755648, 21.239811550047111]}}, "street_tally": [1.0, 0.0, 2.0]}