{"nature_results": {"Traffic Island Link At Junction": {"mae": 5.3237149615714507, "mse": 67.982127752616876, "best_function": 2, "parameters": [-3.8672639544618184, 1.835172426850487, 0.1024847080623712, 1.0, -0.1399608175762046, 1.7945886679046721, -7.3888899271339525, 9.8753311776839148, 27.24646663471805]}, "Single Carriageway": {"mae": 5.7436293790901756, "mse": 54.237327196322319, "best_function": 0, "parameters": [-0.64552445780728496, 0.46704098242816339, 0.040006584211423668, 1.0, 0.13271168698945213, 0.73322152433087595, 38.373923981848009]}, "Roundabout": {"mae": 23.819062324281283, "mse": 603.21977682127272, "best_function": 0, "parameters": [1.0, 1.0, 1.0, 1.0, 1.0, 1.0, 1.0]}, "Traffic Island Link": {"mae": 24.546162067532709, "mse": 754.30934707068855, "best_function": 0, "parameters": [1.0, 1.0, 1.0, 1.0, 1.0, 1.0, 1.0]}}, "street_tally": [3.0, 0.0, 1.0]}