{"nature_results": {"Traffic Island Link At Junction": {"mae": 14.645491953340013, "mse": 268.19877669035748, "best_function": 0, "parameters": [1.0, 1.0, 1.0, 1.0, 1.0, 1.0, 1.0]}, "Single Carriageway": {"mae": 7.1171049254930292, "mse": 74.163936941330107, "best_function": 1, "parameters": [3.329687291395333, 0.98583797292979003, 1.0032845740804266, -0.59709346219943527, 1.581957105876352, 3.2268026826345451, 1.0, 25.076454057150958]}, "Traffic Island Link": {"mae": 16.396571647841544, "mse": 330.54369764641797, "best_function": 0, "parameters": [1.0, 1.0, 1.0, 1.0, 1.0, 1.0, 1.0]}}, "street_tally": [2.0, 1.0, 0.0]}