{"nature_results": {"Traffic Island Link At Junction": {"mae": 6.8841084532388797, "mse": 63.357458846684537, "best_function": 1, "parameters": [2.7449546400226503, 0.98940792498973273, 0.99444794167284001, -0.27792826314286945, 1.4588802646923729, -0.066718913823230031, 1.0, 12.659433390430285]}, "Single Carriageway": {"mae": 6.9118525865449261, "mse": 70.521912004805117, "best_function": 1, "parameters": [3.2671370749250088, 0.92107226393265307, 0.96934327735061143, -0.58344806608011157, 1.5811088811281753, -1.4762816617454209, 1.0, 25.482490939456962]}}, "street_tally": [0.0, 2.0, 0.0]}