{"nature_results": {"Traffic Island Link At Junction": {"mae": 3.5277579125229228, "mse": 19.652644146074458, "best_function": 1, "parameters": [2.2582204088607138, 1.0224090236999042, 1.0241400058269823, -0.14055264845491799, 1.4269553586108596, -3.1869788077930767, 1.0, 20.360696586170068]}, "Single Carriageway": {"mae": 4.8326977831969895, "mse": 37.01113391574917, "best_function": 0, "parameters": [8.4921437921435921, 11.494264809254627, -1.2846956131308591, 1.0, 1.0976810560330392, 0.58703328031171798, 30.846484405434094]}}, "street_tally": [1.0, 1.0, 0.0]}