{"nature_results": {"Traffic Island Link At Junction": {"mae": 7.258670485543135, "mse": 266.90859763083324, "best_function": 2, "parameters": [-4.7832899652391188, 5.276782086616028, 1.1887739156018311, 1.0, -0.11589380831074991, 1.3820450332297582, -4.9238421467277274, 4.1565971565649829, 11.448537229371411]}, "Single Carriageway": {"mae": 6.9565462823542941, "mse": 74.289351704030096, "best_function": 2, "parameters": [-6.0310709965573031, 0.82232079753000109, 1.7344008621104223, 1.0, -0.074323627550682447, 0.86177321117225136, -3.3368280808379742, 5.40637419816942, 13.388519715659138]}, "Slip Road": {"mae": 5.5474209829493031, "mse": 48.534906880768482, "best_function": 1, "parameters": [1.1003087591825556, -7.26741817836308, -0.93115706420935118, 0.43098848508155407, 1.21494746789956, -1.8021211541297775, 1.0, 11.873804231819472]}, "Dual Carriageway": {"mae": 6.1751639955543736, "mse": 67.463738860773645, "best_function": 2, "parameters": [-3.9371553237484616, 0.20219682984788412, -1.4713209733801778, 1.0, -0.059769371420209882, 0.6091548664264288, -1.6204930931321453, 0.18608582303973364, 20.453554508135696]}, "Traffic Island Link": {"mae": 14.599857551993683, "mse": 286.74646327510538, "best_function": 0, "parameters": [1.0, 1.0, 1.0, 1.0, 1.0, 1.0, 1.0]}}, "street_tally": [1.0, 1.0, 3.0]}