{"nature_results": {"Single Carriageway": {"mae": 28.969373884658658, "mse": 1254.7531943978493, "best_function": 0, "parameters": [1.0, 1.0, 1.0, 1.0, 1.0, 1.0, 1.0]}}, "street_tally": [1.0, 0.0, 0.0]}