{"nature_results": {"Single Carriageway": {"mae": 11.248490241813847, "mse": 226.22378102937299, "best_function": 2, "parameters": [-3.6073081764268027, 3.5620829199935238, -0.11757792217598473, 1.0, 0.058951763581025829, -0.79186701211269606, 2.6082732133747069, -0.84249212852823008, 36.044214392206285]}, "Dual Carriageway": {"mae": 8.5491791421484997, "mse": 123.33205815748197, "best_function": 2, "parameters": [0.8051235562709389, 2.8349101827763268, -0.28761205587509742, 1.0, -0.00067731195397624511, -0.034526638540915755, 0.038431112399697098, 0.96807839867145584, 25.751336668907278]}, "Slip Road": {"mae": 9.2481564991023202, "mse": 138.04502704004079, "best_function": 0, "parameters": [1.0, 1.0, 1.0, 1.0, 1.0, 1.0, 1.0]}}, "street_tally": [1.0, 0.0, 2.0]}