{"nature_results": {"Slip Road": {"mae": 30.847182120051166, "mse": 1036.2049623858788, "best_function": 0, "parameters": [1.0, 1.0, 1.0, 1.0, 1.0, 1.0, 1.0]}, "Dual Carriageway": {"mae": 6.6108649150761227, "mse": 97.686731572767556, "best_function": 2, "parameters": [4.8642032164169287, 3.468379515083241, 0.64133430577767769, 1.0, -0.023185591469320865, 0.28142027317189577, -0.9048353938654119, 0.72516435682068903, 54.658091135273324]}}, "street_tally": [1.0, 0.0, 1.0]}