{"nature_results": {"Single Carriageway": {"mae": 19.367785333486317, "mse": 445.30086694978621, "best_function": 0, "parameters": [1.0, 1.0, 1.0, 1.0, 1.0, 1.0, 1.0]}}, "street_tally": [1.0, 0.0, 0.0]}