{"nature_results": {"Traffic Island Link At Junction": {"mae": 5.7621541978962254, "mse": 57.374495436938957, "best_function": 2, "parameters": [70.042038585912564, 65.219214414926739, -0.0077016952996562527, 1.0, -0.24005963318465984, 2.8372668985931409, -10.378128707078359, 11.398809843671524, 29.809484029925308]}, "Single Carriageway": {"mae": 6.7490910087057836, "mse": 78.210584238757576, "best_function": 2, "parameters": [15.174813934473253, 33.435337477010201, 0.58483651844376272, 1.0, -0.20716854170412424, 2.2845060934105161, -7.4171906083632386, 7.1861068996127235, 41.395539666614368]}, "Dual Carriageway": {"mae": 12.256527057508684, "mse": 232.71265340696431, "best_function": 2, "parameters": [-0.77392801522985399, 20.237442608950065, -4.9489594063368747, 1.0, -0.089332360486233053, 0.82935842740674848, -2.1746723912177042, 3.1274848476213224, 29.82205376818796]}, "Traffic Island Link": {"mae": 10.177226981850202, "mse": 190.69534076401644, "best_function": 2, "parameters": [80.98592819107381, 80.445732931691481, 4.0201252429530232, 1.0, -0.43857041047133682, 4.8327214629911825, -15.316075322693234, 11.782744701089527, 48.77369315691606]}}, "street_tally": [0.0, 0.0, 4.0]}