{"nature_results": {"Traffic Island Link At Junction": {"mae": 17.707970742960995, "mse": 340.02502251683671, "best_function": 0, "parameters": [1.0, 1.0, 1.0, 1.0, 1.0, 1.0, 1.0]}, "Single Carriageway": {"mae": 4.3745859344046192, "mse": 31.829872369544425, "best_function": 2, "parameters": [2.4322380103596468, 1.632855452526478, -0.17983674998850652, 1.0, -0.0054279790314288867, -0.10663740903128982, 1.1690346456131158, -1.971637783343577, 31.514276948673142]}, "Dual Carriageway": {"mae": 5.7562976832284427, "mse": 46.741424034197578, "best_function": 1, "parameters": [2.3177922283459909, 1.2070899822015675, 1.1579850788090214, -0.063721130527859771, 1.3796017210531615, -1.2084753938833734, 1.0, 24.414532852734382]}}, "street_tally": [1.0, 1.0, 1.0]}