{"nature_results": {"Single Carriageway": {"mae": 6.5693357875908793, "mse": 81.771784890032293, "best_function": 2, "parameters": [1.0724431846925659, 1.8277960920078973, -2.4477631076460984, 1.0, 0.09544431148373711, -1.2404997975058656, 4.966263751083166, -5.5135721216720164, 28.095866602090304]}}, "street_tally": [0.0, 0.0, 1.0]}