{"nature_results": {"Single Carriageway": {"mae": 8.726314822768801, "mse": 134.21858791834703, "best_function": 1, "parameters": [-0.027532036115918146, 1.021564460253118, 1.0285521159184454, 1.0649394060702992, 0.96701682634112496, 1.2651993126094987, 1.0, 15.491781902950216]}}, "street_tally": [0.0, 1.0, 0.0]}