{"nature_results": {"Slip Road": {"mae": 6.1222541609834291, "mse": 69.942274364944097, "best_function": 2, "parameters": [-1.0850524797797312, 3.4777387278592395, 4.1461132980267479, 1.0, 0.13648222157469025, -1.5831508404470207, 4.8834293622011611, -2.3739728240196527, 10.49236721525388]}}, "street_tally": [0.0, 0.0, 1.0]}