{"nature_results": {"Traffic Island Link At Junction": {"mae": 16.066861490817367, "mse": 338.87212325503702, "best_function": 0, "parameters": [1.0, 1.0, 1.0, 1.0, 1.0, 1.0, 1.0]}, "Single Carriageway": {"mae": 5.2282764554035381, "mse": 54.814291813698269, "best_function": 2, "parameters": [5.491499264182286, 8.1002973106515537, -2.4740066008076225, 1.0, -0.16295617662436945, 1.8759106772975425, -6.1021450148871574, 4.1010016305765973, 34.694534429232654]}}, "street_tally": [1.0, 0.0, 1.0]}