{"nature_results": {"Traffic Island Link At Junction": {"mae": 6.8559794955080697, "mse": 103.17152705522935, "best_function": 2, "parameters": [79.466916384935303, 43.166876768732273, 0.95603317698836965, 1.0, -0.018756914654585621, 0.34952643779994441, -2.7519857347384797, 8.8038193680986119, 28.181963377051471]}, "Single Carriageway": {"mae": 6.843239533223068, "mse": 81.492816715300549, "best_function": 1, "parameters": [2.1104071834043472, 0.99366593576405104, 0.99672782917440705, 0.042248901749362022, 1.3388451281736626, 1.1433881632344989, 1.0, 24.807612187486868]}, "Dual Carriageway": {"mae": 19.527551567807961, "mse": 463.47556285535831, "best_function": 0, "parameters": [1.0, 1.0, 1.0, 1.0, 1.0, 1.0, 1.0]}, "Traffic Island Link": {"mae": 6.8972033235080943, "mse": 78.062825955353659, "best_function": 1, "parameters": [1.8442402680961025, 0.98942448392149784, 1.0039805759414187, 0.14091908498881034, 1.3086424459017614, 1.1660382157069844, 1.0, 31.524240800540504]}}, "street_tally": [1.0, 2.0, 1.0]}