{"nature_results": {"Traffic Island Link At Junction": {"mae": 8.6116712866235918, "mse": 116.91255954470765, "best_function": 2, "parameters": [275.55464608592069, 127.19650678598849, -5.5301904503821158, 1.0, -0.027303709987827496, 0.92093074688871923, -7.5934395241990398, 20.281278469164903, 10.373870901900645]}, "Single Carriageway": {"mae": 19.785039769113812, "mse": 446.40644815721265, "best_function": 0, "parameters": [1.0, 1.0, 1.0, 1.0, 1.0, 1.0, 1.0]}}, "street_tally": [1.0, 0.0, 1.0]}