{"nature_results": {"Single Carriageway": {"mae": 14.079476694719773, "mse": 292.45056963663302, "best_function": 0, "parameters": [1.0, 1.0, 1.0, 1.0, 1.0, 1.0, 1.0]}}, "street_tally": [1.0, 0.0, 0.0]}