{"nature_results": {"Single Carriageway": {"mae": 6.2276073563498002, "mse": 64.362066098550443, "best_function": 2, "parameters": [0.34775990010058344, 14.969098980401403, 2.2392613361427181, 1.0, 0.07321740392711884, -1.3295040478949227, 6.6721831736616259, -8.369236867303492, 31.612594035429204]}}, "street_tally": [0.0, 0.0, 1.0]}