{"nature_results": {"Traffic Island Link At Junction": {"mae": 7.5003000772664148, "mse": 88.351057769622756, "best_function": 0, "parameters": [0.02598430838060295, 7.4138280042948344, -0.25424279241475567, 1.0, 1.7217671298643191, 0.20746793877694802, 23.970896863357201]}, "Single Carriageway": {"mae": 9.2670254865961237, "mse": 122.68455842494579, "best_function": 1, "parameters": [4.3390331238819826, 0.99109184501431569, 1.0019393687477551, -1.0503798318904711, 1.7422402984829535, 0.24952712912062802, 1.0, 24.573257447851343]}, "Traffic Island Link": {"mae": 11.686486407163491, "mse": 181.21032598928772, "best_function": 1, "parameters": [5.8769941589045533, 0.98052425870697291, 1.0151119086220617, -1.796536674964361, 2.0164417445986782, -0.92262203465687498, 1.0, 25.54113147586126]}}, "street_tally": [1.0, 2.0, 0.0]}