{"nature_results": {"Single Carriageway": {"mae": 6.5821854867712464, "mse": 68.12266556889216, "best_function": 2, "parameters": [5.0033202777175365, 6.8441045100260967, 3.0095314352121454, 1.0, 0.30933118644735957, -3.4892240050923267, 10.892066914695238, -6.3239402280481789, 7.5815701678705301]}}, "street_tally": [0.0, 0.0, 1.0]}