{"nature_results": {"Traffic Island Link At Junction": {"mae": 17.662090999843524, "mse": 376.47227038731251, "best_function": 0, "parameters": [1.0, 1.0, 1.0, 1.0, 1.0, 1.0, 1.0]}, "Single Carriageway": {"mae": 17.685677038977119, "mse": 369.36045935745608, "best_function": 0, "parameters": [1.0, 1.0, 1.0, 1.0, 1.0, 1.0, 1.0]}, "Dual Carriageway": {"mae": 7.4216909406462417, "mse": 130.13054722992337, "best_function": 1, "parameters": [1.8693506254507295, 0.97937567456209662, 0.97550634670296144, 0.12164809042766811, 1.3162648901597276, 1.5551239561601988, 1.0, 16.767962149849332]}}, "street_tally": [2.0, 1.0, 0.0]}