{"nature_results": {"Traffic Island Link At Junction": {"mae": 14.354238872257826, "mse": 271.82162428844936, "best_function": 0, "parameters": [1.0, 1.0, 1.0, 1.0, 1.0, 1.0, 1.0]}, "Single Carriageway": {"mae": 5.5210324604668317, "mse": 50.851265494062119, "best_function": 2, "parameters": [-6.4297946569793281, 0.2979606751656898, -1.7622515184212606, 1.0, -0.1378718061524804, 1.5227126087465901, -5.2837823978823009, 6.765444598289494, 28.370377219606919]}, "Roundabout": {"mae": 11.672025358445625, "mse": 280.78433074358026, "best_function": 1, "parameters": [2.3582990853079435, 1.0093257959391209, 1.0614732586671576, 0.012039639447355643, 1.3333368664906717, -11.383334788242335, 1.0, 29.087522638278713]}}, "street_tally": [1.0, 1.0, 1.0]}