{"nature_results": {"Traffic Island Link At Junction": {"mae": 10.992495003522686, "mse": 607.26228197112073, "best_function": 0, "parameters": [-4.1486536842488171, 9.6740575978745369, 1.8922732896043977, 1.0, -1.0201092032999499, 1.3656898535084396, 41.809043397564359]}, "Single Carriageway": {"mae": 32.646052237041637, "mse": 1150.9848448948587, "best_function": 0, "parameters": [1.0, 1.0, 1.0, 1.0, 1.0, 1.0, 1.0]}, "Dual Carriageway": {"mae": 29.626523325397592, "mse": 986.44549152175534, "best_function": 0, "parameters": [1.0, 1.0, 1.0, 1.0, 1.0, 1.0, 1.0]}, "Traffic Island Link": {"mae": 8.9665297839437841, "mse": 1182.1846124438716, "best_function": 0, "parameters": [-10.604268655153804, 8.9455614007518687, 0.39288604144675909, 1.0, 0.74358364576031244, 0.68745114879927227, 42.255867654724113]}}, "street_tally": [4.0, 0.0, 0.0]}