{"nature_results": {"Traffic Island Link At Junction": {"mae": 9.5436196378516822, "mse": 202.65446399655116, "best_function": 0, "parameters": [1.0, 1.0, 1.0, 1.0, 1.0, 1.0, 1.0]}, "Single Carriageway": {"mae": 7.7758547393407493, "mse": 86.165239405176436, "best_function": 1, "parameters": [3.0752498000842414, 0.98508906026411081, 0.98901909227994178, -0.4498026906799879, 1.5246078100648215, -0.54042851144518278, 1.0, 21.440087526309949]}}, "street_tally": [1.0, 1.0, 0.0]}