{"nature_results": {"Traffic Island Link At Junction": {"mae": 6.4718969592182605, "mse": 62.404023237588746, "best_function": 0, "parameters": [-1.1292053863579334, 1.8078546830622613, 1.6110630222520985, 1.0, 1.0082538080294938, 1.151836034621468, 10.673460140632312]}, "Single Carriageway": {"mae": 5.8567282170183166, "mse": 62.935951809268786, "best_function": 2, "parameters": [-2.4446314315285869, 3.4250333829669968, 0.52013294021131229, 1.0, 0.0088405812890720581, -0.21489776687313, 0.71075373310643752, 1.2120241170488617, 28.09935286598726]}, "Dual Carriageway": {"mae": 7.4065240008497124, "mse": 102.20183785796515, "best_function": 2, "parameters": [-0.72217994312708589, 6.2968877228310811, 0.86875864090720745, 1.0, 0.032289975545186089, -0.49963125842995892, 1.9103697129017081, -0.8768010373388595, 28.577568939458299]}, "Slip Road": {"mae": 7.6937758137859484, "mse": 107.82669432740285, "best_function": 2, "parameters": [62.995350174524994, 47.717854473056697, 2.4446598480931137, 1.0, 0.085508731908151669, -1.091537797827304, 3.865939186102485, -2.5765456256388726, 4.4216466896962139]}}, "street_tally": [1.0, 0.0, 3.0]}