{"nature_results": {"Traffic Island Link At Junction": {"mae": 4.2613771340316688, "mse": 30.971161738318955, "best_function": 1, "parameters": [2.5136005509681549, 1.0132088640510628, 1.021227546843305, -0.17878428244497946, 1.4247816651785647, -0.33462032096678662, 1.0, 25.612686336299991]}, "Single Carriageway": {"mae": 21.221287756097187, "mse": 508.19875045306475, "best_function": 0, "parameters": [1.0, 1.0, 1.0, 1.0, 1.0, 1.0, 1.0]}}, "street_tally": [1.0, 1.0, 0.0]}