{"nature_results": {"Single Carriageway": {"mae": 17.45144785172738, "mse": 361.27442999470259, "best_function": 0, "parameters": [1.0, 1.0, 1.0, 1.0, 1.0, 1.0, 1.0]}}, "street_tally": [1.0, 0.0, 0.0]}