{"nature_results": {"Traffic Island Link At Junction": {"mae": 8.696002757736089, "mse": 122.54194533641578, "best_function": 2, "parameters": [-2.9344285787715334, 5.9996506632862738, 2.1475228691713752, 1.0, -0.09159147630782094, 1.1692656551275591, -5.076849752684943, 8.234655840643871, 24.468499917187401]}, "Single Carriageway": {"mae": 21.403296245833182, "mse": 532.51127735890032, "best_function": 0, "parameters": [1.0, 1.0, 1.0, 1.0, 1.0, 1.0, 1.0]}, "Dual Carriageway": {"mae": 8.9212830704782426, "mse": 104.44013339214179, "best_function": 1, "parameters": [2.8124399737551062, 0.95976998234712974, 0.98033347809951354, -0.35966269940082141, 1.4980201722604927, 2.8306383023826092, 1.0, 11.797250477285676]}}, "street_tally": [1.0, 1.0, 1.0]}