{"nature_results": {"Traffic Island Link At Junction": {"mae": 13.913535516463, "mse": 254.87782212628144, "best_function": 0, "parameters": [1.0, 1.0, 1.0, 1.0, 1.0, 1.0, 1.0]}, "Single Carriageway": {"mae": 16.446660670591516, "mse": 451.16967139972138, "best_function": 1, "parameters": [1.5367151840250037, 1.0203514226128765, 1.0148538165406014, 0.30103657635197001, 1.2475683558224544, -1.4793792188417147, 1.0, 23.318231698156509]}, "Slip Road": {"avg_speed": {"mae": 16.839338355271689, "mse": 465.49142109036143, "best_function": 1, "parameters": [1.3440075023577138, 1.0168484097283488, 1.0252184717023216, 0.32947270701010567, 1.2501962634887076, -2.9800948185949054, 1.0, 29.667713781762426]}}, "Traffic Island Link": {"mae": 16.839338355271689, "mse": 465.49142109036143, "best_function": 1, "parameters": [1.3440075023577138, 1.0168484097283488, 1.0252184717023216, 0.32947270701010567, 1.2501962634887076, -2.9800948185949054, 1.0, 29.667713781762426]}}, "street_tally": [1.0, 2.0, 0.0]}