{"nature_results": {"Single Carriageway": {"mae": 4.5353137114915993, "mse": 32.423005190691342, "best_function": 1, "parameters": [-0.00010279076244201768, 0.99872145102455978, 0.9923627326555543, 1.011249549892979, 0.99352017902303313, -0.065041948764585689, 1.0, 20.510609634334752]}}, "street_tally": [0.0, 1.0, 0.0]}