{"nature_results": {"Traffic Island Link At Junction": {"mae": 7.9721010713293534, "mse": 99.656996641647709, "best_function": 2, "parameters": [1.5084344511494794, 2.4737146005014674, 1.4220362122800219, 1.0, -0.042247563962147794, 0.52368691722099636, -2.3544292631026522, 4.4186283801499009, 17.084457244959413]}, "Single Carriageway": {"mae": 5.0680589899831885, "mse": 42.654893888782183, "best_function": 2, "parameters": [2.2517104282133293, 5.9404990853800355, 1.7645455946561124, 1.0, -0.074513726989949847, 0.67270238838655427, -1.9229580391904721, 2.9137322078659476, 27.490258423124811]}}, "street_tally": [0.0, 0.0, 2.0]}