{"nature_results": {"Single Carriageway": {"mae": 5.248750238577764, "mse": 43.081899259368576, "best_function": 0, "parameters": [13.942609734271477, 17.39541758283703, 3.9904176095147106, 1.0, 0.10533727836960849, 0.78109496763929598, 29.64563457709691]}}, "street_tally": [1.0, 0.0, 0.0]}