{"nature_results": {"Single Carriageway": {"mae": 4.6909749100634155, "mse": 36.893019764286684, "best_function": 2, "parameters": [22.542360105255216, 11.578515126080545, -1.2516250406442042, 1.0, 0.025051381408161433, -0.17980441236223732, 0.048455022176381313, 1.0703478238485471, 16.883526447038509]}, "Dual Carriageway": {"mae": 66956255.192175709, "mse": 6.9488624692936166e+17, "best_function": 1, "parameters": [-0.18648682191355892, 1.3695506082739928, 1.2343980199974758, 1.1028561283405032, 0.95987658180942237, 1.0852949604186404, 1.0, 12.067538936998229]}}, "street_tally": [0.0, 1.0, 1.0]}