{"nature_results": {"Single Carriageway": {"mae": 39396.075738945743, "mse": 454974953701.76324, "best_function": 1, "parameters": [1.074098667051522, 0.99681059269956263, 1.0122067437956155, 0.47824783084545364, 1.1920795212276061, -0.42061513913778836, 1.0, 26.35907921153829]}, "Dual Carriageway": {"mae": 14.622264726062459, "mse": 17495.560448874869, "best_function": 2, "parameters": [0.49077731070482689, 3.437321626011784, -1.3134966494609284, 1.0, 0.0047693625979740029, 0.050466288496292422, -0.82169568227102996, 2.5893367698017382, 27.675987633171228]}}, "street_tally": [0.0, 1.0, 1.0]}