{"nature_results": {"Traffic Island Link At Junction": {"mae": 7.2334331967090746, "mse": 93.923790399013981, "best_function": 2, "parameters": [-1.7341148664877646, 1.0100014462003788, 0.0046540705417427164, 1.0, -0.012742309347077319, 0.21990345521772658, -1.5781415227383908, 4.5132503808830258, 25.265795951637944]}, "Single Carriageway": {"mae": 5.2486031600383152, "mse": 53.142888380192339, "best_function": 2, "parameters": [-0.031087670678313195, 3.6002652866058225, -0.040719201827511098, 1.0, 0.0038795039406618326, -0.02756141705960502, -0.3482402302103127, 2.2132212719309727, 26.524546780526777]}, "Dual Carriageway": {"mae": 6.9786946256480675, "mse": 80.234295164809907, "best_function": 2, "parameters": [-4.0272164844770133, 0.10964069178484204, 0.29311887991942576, 1.0, -0.019195122951504606, 0.28380313616097408, -1.5868150093512159, 3.5873828121722124, 22.827547815201207]}}, "street_tally": [0.0, 0.0, 3.0]}