{"nature_results": {"Traffic Island Link At Junction": {"mae": 9.9715939940720375, "mse": 135.60604276116629, "best_function": 2, "parameters": [9.7973064747520464, 3.5936845963280959, 4.2112613069361817, 1.0, -0.016246552822314575, 0.51587089763051686, -4.0159335426373346, 7.8228046011468972, 24.566969654542046]}, "Single Carriageway": {"mae": 6.9915874996220291, "mse": 75.163115337832579, "best_function": 2, "parameters": [-3.9255832984481147, 0.34396732371557848, 0.90702997771371385, 1.0, -0.079242818671596993, 0.99187290789236726, -4.1865318555448532, 5.7460982752878698, 31.842475175821949]}, "Dual Carriageway": {"mae": 23.444007204304256, "mse": 592.22234920972039, "best_function": 0, "parameters": [1.0, 1.0, 1.0, 1.0, 1.0, 1.0, 1.0]}, "Roundabout": {"mae": 4.2992021586425437, "mse": 38.228990864408345, "best_function": 2, "parameters": [-3.4238632838690224, 4.1120908371156908, -2.1373148166625286, 1.0, 0.092883375461998652, -1.071786937426586, 3.7867826496175678, -4.379249283967364, 29.991314107882946]}}, "street_tally": [1.0, 0.0, 3.0]}