{"nature_results": {"Traffic Island Link At Junction": {"mae": 6.4507207234234603, "mse": 72.316960371877414, "best_function": 2, "parameters": [-4.619778698609208, 3.5754633332253496, 1.0056245258980747, 1.0, 0.10866977932376753, -1.4318895917714896, 5.5990541236578437, -6.3808808589314623, 23.916017648191836]}, "Single Carriageway": {"mae": 5.560383007327439, "mse": 49.857994499433623, "best_function": 2, "parameters": [-4.3094895014607779, 4.3554593999652873, -1.6576456192820057, 1.0, 0.010368368035957753, -0.17605881876590068, 0.62947116022885319, -0.063368736891963318, 29.335703479247908]}}, "street_tally": [0.0, 0.0, 2.0]}