{"nature_results": {"Traffic Island Link At Junction": {"mae": 14.892250824876966, "mse": 241.94285427291086, "best_function": 0, "parameters": [1.0, 1.0, 1.0, 1.0, 1.0, 1.0, 1.0]}, "Single Carriageway": {"mae": 24.955041229005001, "mse": 678.32398381917596, "best_function": 0, "parameters": [1.0, 1.0, 1.0, 1.0, 1.0, 1.0, 1.0]}}, "street_tally": [2.0, 0.0, 0.0]}