{"nature_results": {"Traffic Island Link At Junction": {"mae": 18.194557368586587, "mse": 359.93976934907914, "best_function": 0, "parameters": [1.0, 1.0, 1.0, 1.0, 1.0, 1.0, 1.0]}, "Single Carriageway": {"mae": 7.9845354624743683, "mse": 95.310897038703771, "best_function": 2, "parameters": [-6.1949931135371434, 0.055465837658716488, -9.7008240266913788, 1.0, -0.25925951816104109, 3.1093173353162205, -9.8788317278804527, 5.033375419969623, 34.338692177593749]}, "Roundabout": {"mae": 18.526133816582959, "mse": 420.4471823541985, "best_function": 0, "parameters": [1.0, 1.0, 1.0, 1.0, 1.0, 1.0, 1.0]}}, "street_tally": [2.0, 0.0, 1.0]}