{"nature_results": {"Single Carriageway": {"mae": 6.2129197422158269, "mse": 61.314460997570507, "best_function": 2, "parameters": [162.03446833976545, 125.26093475771182, -0.10258881295208444, 1.0, -0.21130780454039599, 2.3609102874119059, -7.4422753667625798, 6.5366912172147336, 21.706520186684195]}}, "street_tally": [0.0, 0.0, 1.0]}