{"nature_results": {"Traffic Island Link At Junction": {"mae": 7.6637644100207822, "mse": 93.722998558545555, "best_function": 1, "parameters": [1.9953281426406737, -15.623503538744675, -3.8571331477524069, 0.04829618557619475, 1.344974300865621, 4.4929360467128969, 1.0, 16.550261747386756]}, "Single Carriageway": {"mae": 21.846055434749218, "mse": 517.89656717047922, "best_function": 0, "parameters": [1.0, 1.0, 1.0, 1.0, 1.0, 1.0, 1.0]}}, "street_tally": [1.0, 1.0, 0.0]}