{"nature_results": {"Single Carriageway": {"mae": 18.623427127247911, "mse": 405.59730986673793, "best_function": 0, "parameters": [1.0, 1.0, 1.0, 1.0, 1.0, 1.0, 1.0]}}, "street_tally": [1.0, 0.0, 0.0]}