{"nature_results": {"Traffic Island Link At Junction": {"mae": 8.6766576961314357, "mse": 125.70798203359283, "best_function": 0, "parameters": [1.0, 1.0, 1.0, 1.0, 1.0, 1.0, 1.0]}, "Single Carriageway": {"mae": 6.5214177406145692, "mse": 67.893622903825545, "best_function": 2, "parameters": [-1.0559293512394987, 3.4934507144678126, -0.70141932240753513, 1.0, -0.02845922634893272, 0.076908649476275182, 0.77073838377758042, -1.6329093954690048, 26.779857012657704]}, "Dual Carriageway": {"mae": 6.36542685047531, "mse": 71.343984039312147, "best_function": 2, "parameters": [-4.2675711007783645, 6.4242378597864942, -2.9357623672917814, 1.0, -0.044802460107402631, -0.042020477124977695, 2.9432368363673502, -7.3303665015739767, 27.227686574623529]}}, "street_tally": [1.0, 0.0, 2.0]}