{"nature_results": {"Traffic Island Link At Junction": {"mae": 3.8153499712232399, "mse": 24.895457498026307, "best_function": 0, "parameters": [10.622336878383027, 6.6081725432493768, -0.17523400770212705, 1.0, 1.7541824002101138, 0.012312371437876668, 18.805947015815573]}, "Single Carriageway": {"mae": 15.853934214267865, "mse": 293.41475981417807, "best_function": 0, "parameters": [1.0, 1.0, 1.0, 1.0, 1.0, 1.0, 1.0]}, "Dual Carriageway": {"mae": 8.3310249834879428, "mse": 89.062338782285835, "best_function": 2, "parameters": [3.7697798169280601, 12.929206161197131, -1.5642755041746987, 1.0, 0.1984930919988942, -2.4553350046222246, 10.068212602491039, -15.50067165362708, 19.732941463553107]}}, "street_tally": [2.0, 0.0, 1.0]}