{"nature_results": {"Traffic Island Link At Junction": {"mae": 4.0433253843617241, "mse": 32.07967462404298, "best_function": 2, "parameters": [-12.740850883536714, 0.95225970165333929, 5.6531273174245147, 1.0, -0.036489503530783729, 0.52487556555919901, -2.5356275034000202, 3.3766842391218872, 18.330693640739355]}, "Single Carriageway": {"mae": 4.5471808365835562, "mse": 32.987537567906749, "best_function": 2, "parameters": [-9.9891206488973552, 2.9181086758869679, 3.3607493855923209, 1.0, -0.067988646289966814, 0.82322507952027602, -2.9717777712423978, 3.1657650974652651, 25.643765589933778]}, "Traffic Island Link": {"mae": 29.552576097856477, "mse": 904.77810726173004, "best_function": 0, "parameters": [1.0, 1.0, 1.0, 1.0, 1.0, 1.0, 1.0]}}, "street_tally": [1.0, 0.0, 2.0]}