{"nature_results": {"Traffic Island Link At Junction": {"mae": 7.1988151702957621, "mse": 90.959707012702353, "best_function": 0, "parameters": [72.673921564824312, 55.415569010389312, -5.0835081618773854, 1.0, 0.71349691706073282, 0.73250837135063418, 41.834961334880148]}, "Single Carriageway": {"mae": 8.0136185552254791, "mse": 107.7829968684436, "best_function": 2, "parameters": [-15.473238285237905, 0.37108694460717762, -4.9460823743857869, 1.0, -0.038778221458342976, 0.14401906526794672, 0.56776079703578963, -0.41595962912925399, 36.969223825359499]}, "Traffic Island Link": {"mae": 6.3371981754824755, "mse": 71.517719925428409, "best_function": 0, "parameters": [24.256702673716539, 28.369827214387019, -3.5899641203997232, 1.0, 1.3779938051924834, 0.28328622514197122, 41.900917708604105]}}, "street_tally": [2.0, 0.0, 1.0]}