{"nature_results": {"Single Carriageway": {"mae": 5.1758763089425628, "mse": 44.943996100493969, "best_function": 2, "parameters": [4.1326513258014437, 4.050706906997199, 2.095940054646809, 1.0, 0.075305410332757283, -1.0004456623275146, 3.8535049423443306, -2.9166694221196559, 11.216135124487524]}}, "street_tally": [0.0, 0.0, 1.0]}