{"nature_results": {"Single Carriageway": {"mae": 5.6683527887553096, "mse": 61.817399105400995, "best_function": 2, "parameters": [0.34788861963940465, 2.9553060055337927, 0.1215824010957689, 1.0, -0.041658898525954058, 0.43321212018528887, -1.5583622519218197, 2.628795489986623, 30.914751425360265]}, "Roundabout": {"mae": 7.032929398075809, "mse": 86.751802908881146, "best_function": 2, "parameters": [-1.695856456978257, 5.834199058195483, -0.58217070035426866, 1.0, -0.12258585937528266, 1.4289954846147745, -5.6232888628978746, 8.2775794695425393, 26.35095657334924]}, "Traffic Island Link": {"mae": 5.8584257010989038, "mse": 59.424847866875368, "best_function": 1, "parameters": [3.0941856002240673, 0.96563432545580385, 0.95702822955091427, -0.4745021831069276, 1.5356194520385804, -1.8305203882238383, 1.0, 32.086386201637211]}, "Traffic Island Link At Junction": {"mae": 6.9467797544854566, "mse": 128.64662541347224, "best_function": 2, "parameters": [4.7125890709228671, 4.9519052072696956, 0.13137699903085021, 1.0, -0.031441116911979039, 0.28514200888138852, -0.85860031837619366, 1.4256703725177031, 22.351059409508061]}, "Slip Road": {"mae": 4.9561014526291327, "mse": 56.922129641207519, "best_function": 0, "parameters": [1.0, 1.0, 1.0, 1.0, 1.0, 1.0, 1.0]}, "Dual Carriageway": {"mae": 5.3560522947631313, "mse": 48.566918881748883, "best_function": 2, "parameters": [11.783176071379277, 15.306094962825345, 3.3260559797791349, 1.0, 0.012055964955740572, -0.18825331234185749, 0.68987603588446589, -0.090195683362744417, 30.138607553524007]}}, "street_tally": [1.0, 1.0, 4.0]}