{"nature_results": {"Traffic Island Link At Junction": {"mae": 10.740100189321842, "mse": 219.69793930853075, "best_function": 1, "parameters": [5.0669993675067335, 1.0344546667814372, 1.0062776819565618, -1.4475071036102118, 1.8963542207878381, 2.5136041671852007, 1.0, 21.26525551749334]}, "Single Carriageway": {"mae": 28.265621991761439, "mse": 866.17663264163787, "best_function": 0, "parameters": [1.0, 1.0, 1.0, 1.0, 1.0, 1.0, 1.0]}, "Traffic Island Link": {"mae": 7.2561366143258121, "mse": 91.10610760671463, "best_function": 2, "parameters": [27.661981960151405, 10.101400744287263, -0.12623503021309013, 1.0, -0.01011486663518335, -0.28970407900929729, 2.4051949784694653, -1.2964946509424955, 30.042715315947476]}}, "street_tally": [1.0, 1.0, 1.0]}