{"nature_results": {"Single Carriageway": {"mae": 11.425582176807236, "mse": 202.9445628301639, "best_function": 1, "parameters": [-0.050882238914888411, 1.0066727637735382, 0.99710881768818171, 1.0284747201208466, 0.98825791921516293, 5.6839516355031652, 1.0, 16.401279307448668]}}, "street_tally": [0.0, 1.0, 0.0]}