{"nature_results": {"Traffic Island Link At Junction": {"mae": 5.6275532492798579, "mse": 49.03955079565484, "best_function": 2, "parameters": [-3.3326429447062438, 14.148801068209952, -0.58048503814903896, 1.0, 0.020662114774676832, -0.55128450844358845, 3.4190203591790902, -5.687975570244034, 21.53140577730619]}, "Single Carriageway": {"mae": 4.5308481373012723, "mse": 35.274872159393055, "best_function": 2, "parameters": [-0.8093195753868152, 0.80311839933790385, -0.29318192846626157, 1.0, -0.054115060304974705, 0.55865608277604761, -1.9721443153608447, 3.2047574739826419, 32.587461818671883]}, "Slip Road": {"mae": 5.4869482634446998, "mse": 57.061897289908416, "best_function": 0, "parameters": [1.0, 1.0, 1.0, 1.0, 1.0, 1.0, 1.0]}}, "street_tally": [1.0, 0.0, 2.0]}