{"nature_results": {"Traffic Island Link At Junction": {"mae": 7.7798360373931423, "mse": 97.00044553777002, "best_function": 2, "parameters": [2.8520637073018391, 4.9828518645673157, -1.36380638025945, 1.0, -0.0076260569983253035, 0.058708541494879252, -0.12992310076893632, 0.093108752560080443, 19.248064022106806]}, "Single Carriageway": {"mae": 6.3571977649204969, "mse": 65.449658258919897, "best_function": 2, "parameters": [-1.9911885180856181, 0.90022985180486437, -0.53718074979272012, 1.0, -0.069052265794057544, 0.76477291801194258, -2.6763826704469564, 2.7683834659691793, 26.075236840231568]}, "Slip Road": {"mae": 5.7226057820963616, "mse": 62.486098977640474, "best_function": 2, "parameters": [731.98750675808594, 277.18406311527258, 7.4662942099332765, 1.0, 0.20305261294357491, -2.4848509924854687, 8.6416580065633273, -6.8660696198063489, 10.372971046535316]}, "Dual Carriageway": {"mae": 3.6343654194243351, "mse": 21.961273644583436, "best_function": 1, "parameters": [-0.0012627185453248924, 1.0008566694711745, 0.99096282679706127, 1.0193418231793574, 0.98930879861542098, -0.17348502993954984, 1.0, 27.011420289720682]}, "Traffic Island Link": {"mae": 7.8042230952498191, "mse": 103.42831973813068, "best_function": 2, "parameters": [-2.0023007127254786, 2.0836081565389311, -1.3979533829682866, 1.0, -0.027359302512835804, 0.29082356985793278, -1.0033161774866937, 1.2220028949650417, 27.625950123017738]}}, "street_tally": [0.0, 1.0, 4.0]}