{"nature_results": {"Single Carriageway": {"mae": 4.2555369135565773, "mse": 27.050376992700222, "best_function": 0, "parameters": [29.112412089033963, 13.993837750366493, -0.042897155749568983, 1.0, 1.5678343501640959, 0.338633841594561, 20.945768258039372]}, "Dual Carriageway": {"mae": 3.0422687629231744, "mse": 18.374635588882938, "best_function": 2, "parameters": [26.795660415844448, 14.625648253656744, -1.2700257834884536, 1.0, -0.017580627127145032, 0.11904454228397576, -0.044079006082829997, 0.56550610579416594, 22.405628122562735]}}, "street_tally": [1.0, 0.0, 1.0]}