{"nature_results": {"Traffic Island Link At Junction": {"mae": 5.3194975534546316, "mse": 235.30380109131471, "best_function": 2, "parameters": [2.3537660715700959, 2.1289990209296574, 0.91481693536092223, 1.0, -0.004729468012957927, 0.099502044739504747, -0.41422414089986481, 0.39834206393230487, 17.950294228017832]}, "Single Carriageway": {"mae": 15.816364456995098, "mse": 290.77310947549404, "best_function": 0, "parameters": [1.0, 1.0, 1.0, 1.0, 1.0, 1.0, 1.0]}}, "street_tally": [1.0, 0.0, 1.0]}