{"nature_results": {"Single Carriageway": {"mae": 7.1417480235493231, "mse": 83.739051983237715, "best_function": 2, "parameters": [1.2002085882193474, 2.277938432816712, 1.5582758238305283, 1.0, -0.081056258132332415, 0.78157814694619177, -1.6283887982010961, -0.68685639044395486, 17.728469610391198]}}, "street_tally": [0.0, 0.0, 1.0]}