{"nature_results": {"Slip Road": {"mae": 7.0902566928186657, "mse": 90.812270429364617, "best_function": 1, "parameters": [4.6540599227656338, -3.1347016682281428, 0.12315529054977914, -1.2808047082444216, 1.8407101830149, -6.5479859107175766, 1.0, 16.940187532105348]}}, "street_tally": [0.0, 1.0, 0.0]}