{"nature_results": {"Single Carriageway": {"mae": 15.097562118460383, "mse": 272.8025852297543, "best_function": 0, "parameters": [1.0, 1.0, 1.0, 1.0, 1.0, 1.0, 1.0]}}, "street_tally": [1.0, 0.0, 0.0]}