{"nature_results": {"Traffic Island Link At Junction": {"mae": 8.5018252145700739, "mse": 105.53158273694748, "best_function": 2, "parameters": [23.022280171568042, 16.710738335583532, 2.1815856442893304, 1.0, -0.35505418638254382, 4.4669996600901278, -16.795541630988019, 17.352721175855137, 14.465563459644116]}, "Single Carriageway": {"mae": 5.847420842355711, "mse": 62.553205047832726, "best_function": 2, "parameters": [-4.7170706530617306, 1.5013525584222616, 0.37143675365246531, 1.0, -0.00094500081932924473, 0.074683564390470747, -0.56534328935748301, 1.0160363181473113, 26.787719293801299]}, "Dual Carriageway": {"mae": 7.5057296900165964, "mse": 75.776242827072849, "best_function": 1, "parameters": [1.64010194211567, 1.007806513173819, 0.98794183685362891, 0.16955748522414948, 1.3106760373717776, 1.4560385065804464, 1.0, 30.77237629762395]}, "Traffic Island Link": {"mae": 18.685689548311242, "mse": 438.2029381674227, "best_function": 0, "parameters": [1.0, 1.0, 1.0, 1.0, 1.0, 1.0, 1.0]}}, "street_tally": [1.0, 1.0, 2.0]}