{"nature_results": {"Single Carriageway": {"mae": 22.107379711441805, "mse": 526.5824426051031, "best_function": 0, "parameters": [1.0, 1.0, 1.0, 1.0, 1.0, 1.0, 1.0]}}, "street_tally": [1.0, 0.0, 0.0]}