{"nature_results": {"Traffic Island Link At Junction": {"mae": 3.7602625238869023, "mse": 23.152228147563072, "best_function": 2, "parameters": [1.1544315288353797, 5.0315818689520437, -0.38193159819310729, 1.0, -0.088794873820779552, 1.042031527550098, -3.8908317203019704, 4.3018704669990946, 24.949911792977758]}, "Single Carriageway": {"mae": 5.6011748445053477, "mse": 63.160241866586517, "best_function": 2, "parameters": [-2.2720494520864083, 4.0174336487165796, 0.45084715618280591, 1.0, -0.011514728552785236, -0.022622909728646112, 0.68465665021233035, -0.96941270146055136, 22.535949227919886]}, "Dual Carriageway": {"mae": 10.399014501334618, "mse": 176.15480985266657, "best_function": 0, "parameters": [1.0, 1.0, 1.0, 1.0, 1.0, 1.0, 1.0]}, "Slip Road": {"mae": 9.1594007181115877, "mse": 118.27211230382808, "best_function": 2, "parameters": [288.92705425441159, 65.035478922787476, 10.586868307450111, 1.0, 0.23966504546208356, -3.1119177177409396, 12.31708450833651, -16.11053450951103, 15.600099529575003]}}, "street_tally": [1.0, 0.0, 3.0]}