{"nature_results": {"Single Carriageway": {"mae": 26.096661133630469, "mse": 751.14141443849303, "best_function": 0, "parameters": [1.0, 1.0, 1.0, 1.0, 1.0, 1.0, 1.0]}}, "street_tally": [1.0, 0.0, 0.0]}