{"nature_results": {"Dual Carriageway": {"mae": 27.551424114932296, "mse": 797.81899773639498, "best_function": 0, "parameters": [1.0, 1.0, 1.0, 1.0, 1.0, 1.0, 1.0]}}, "street_tally": [1.0, 0.0, 0.0]}