{"nature_results": {"Traffic Island Link At Junction": {"mae": 14.438938878860252, "mse": 313.29818946189744, "best_function": 0, "parameters": [1.0, 1.0, 1.0, 1.0, 1.0, 1.0, 1.0]}, "Single Carriageway": {"mae": 5.3213517103886074, "mse": 48.692465598768351, "best_function": 2, "parameters": [-2.363376770072187, 3.3892540509091726, 0.13042456100753064, 1.0, 0.10023586889353953, -1.3665942190591802, 5.4087521793789559, -5.2932025603638193, 32.913010607569909]}, "Roundabout": {"mae": 17.930146241663849, "mse": 402.25450961757832, "best_function": 0, "parameters": [1.0, 1.0, 1.0, 1.0, 1.0, 1.0, 1.0]}, "Slip Road": {"mae": 6.0075021675242128, "mse": 60.589759938322864, "best_function": 1, "parameters": [-1.0052487612919534, -1.6228457039694755, -0.066622755972782555, 1.4308201671600695, 0.85213685092836444, 1.9532116549887317, 1.0, 26.919052451731829]}}, "street_tally": [2.0, 1.0, 1.0]}