{"nature_results": {"Single Carriageway": {"mae": 5.334202491845379, "mse": 48.802620380633243, "best_function": 2, "parameters": [-0.80308918566597387, 5.4140924401650112, -3.0747177296408736, 1.0, -0.20472823102460125, 2.4711480694516474, -9.5937334737570694, 14.063375986510602, 27.886753607994336]}}, "street_tally": [0.0, 0.0, 1.0]}