{"nature_results": {"Traffic Island Link At Junction": {"mae": 7.2153320826743492, "mse": 107.12804968430646, "best_function": 2, "parameters": [-5.4694298893549353, 6.9046965797423594, -0.78244054388885642, 1.0, 0.04400164914281568, -0.76468105407236786, 4.2697114587898106, -8.3694790930194145, 22.500284972078422]}, "Single Carriageway": {"mae": 6.3397911932769881, "mse": 66.472285950655589, "best_function": 2, "parameters": [-2.748725543956795, 0.53778863570432911, -2.695791925253896, 1.0, 0.050291314194221393, -0.37344125836887487, -0.36582798889530599, 4.0965512247255838, 23.765777714887896]}}, "street_tally": [0.0, 0.0, 2.0]}