{"nature_results": {"Single Carriageway": {"mae": 15.572262901802144, "mse": 304.7631909786765, "best_function": 0, "parameters": [1.0, 1.0, 1.0, 1.0, 1.0, 1.0, 1.0]}, "Traffic Island Link": {"mae": 10.786931071505002, "mse": 172.42403299180754, "best_function": 1, "parameters": [4.6609738442469206, 1.0090026709835642, 1.0153309439133442, -1.201818450278894, 1.796439990194723, 7.1468482939222566, 1.0, 2.9129973577777597]}}, "street_tally": [1.0, 1.0, 0.0]}