{"nature_results": {"Slip Road": {"mae": 4.9640795698164579, "mse": 36.086862700846652, "best_function": 2, "parameters": [110.25740346288266, 44.789847924622478, -1.317460793914484, 1.0, 0.02384875399535058, -0.42977316319467063, 2.4088786128804047, -3.7981890521705521, 27.415018565089056]}}, "street_tally": [0.0, 0.0, 1.0]}