{"nature_results": {"Traffic Island Link At Junction": {"mae": 15.720866570789806, "mse": 320.86181691972189, "best_function": 0, "parameters": [1.0, 1.0, 1.0, 1.0, 1.0, 1.0, 1.0]}, "Single Carriageway": {"mae": 15.127367855828634, "mse": 289.63869394825497, "best_function": 0, "parameters": [1.0, 1.0, 1.0, 1.0, 1.0, 1.0, 1.0]}, "Slip Road": {"mae": 2.973973253345191, "mse": 15.21697533393964, "best_function": 0, "parameters": [-2.5309081892140153, 1.6512976214691957, -0.56809795896953719, 1.0, 1.5801769355278257, 0.30853795695664266, 15.810166188729612]}}, "street_tally": [3.0, 0.0, 0.0]}