{"nature_results": {"Single Carriageway": {"mae": 20.848451580266577, "mse": 492.81391170447438, "best_function": 0, "parameters": [1.0, 1.0, 1.0, 1.0, 1.0, 1.0, 1.0]}}, "street_tally": [1.0, 0.0, 0.0]}