{"nature_results": {"Traffic Island Link At Junction": {"mae": 12.653412127607861, "mse": 212.27493372245215, "best_function": 1, "parameters": [0.036227472763866286, 0.95362915386071578, 0.97221690999196475, 0.97949309394645678, 1.0075944286767047, 0.064262344064830446, 1.0, 24.082118946262565]}, "Single Carriageway": {"mae": 5.6672380008975711, "mse": 53.653241592541789, "best_function": 2, "parameters": [2.1356047403310505, 1.7955568821569681, 0.57737402351536038, 1.0, -0.040821211782703148, 0.49843352749712955, -2.0493568609931305, 2.6968703343658489, 30.315634371113713]}, "Roundabout": {"mae": 7.0587495437331826, "mse": 105.6857606804344, "best_function": 2, "parameters": [6.5151395121712614, 3.0721077365737264, -1.1585837552245182, 1.0, 0.0050411228634771321, -0.044963955635932029, -0.025455062191030775, 0.4216659843172812, 26.027110014210958]}}, "street_tally": [0.0, 1.0, 2.0]}