{"nature_results": {"Traffic Island Link At Junction": {"mae": 8.9208349766069919, "mse": 116.85676784732442, "best_function": 0, "parameters": [1.0, 1.0, 1.0, 1.0, 1.0, 1.0, 1.0]}, "Single Carriageway": {"mae": 9.7055113405047404, "mse": 147.03841537418282, "best_function": 1, "parameters": [1.7586218314850881, 1.917355691027514, 1.5981695120050055, 0.20646868661166673, 1.2829306286534399, 1.8831368226664089, 1.0, 17.28727242338968]}}, "street_tally": [1.0, 1.0, 0.0]}