{"nature_results": {"Traffic Island Link At Junction": {"mae": 6.0532966845296876, "mse": 68.520801677613207, "best_function": 0, "parameters": [1.0, 1.0, 1.0, 1.0, 1.0, 1.0, 1.0]}, "Single Carriageway": {"mae": 10.697827831390503, "mse": 149.69864482564716, "best_function": 0, "parameters": [237.75661932939346, 25.71436556333753, -4.363881625813482, 1.0, -0.9296704067642747, 1.446841803101691, 22.410322605589027]}}, "street_tally": [2.0, 0.0, 0.0]}