{"nature_results": {"Traffic Island Link At Junction": {"mae": 15.319002645016493, "mse": 261.36041554535996, "best_function": 0, "parameters": [1.0, 1.0, 1.0, 1.0, 1.0, 1.0, 1.0]}, "Single Carriageway": {"mae": 26.014262407431403, "mse": 713.98430458846713, "best_function": 0, "parameters": [1.0, 1.0, 1.0, 1.0, 1.0, 1.0, 1.0]}, "Dual Carriageway": {"mae": 7.7917538314002677, "mse": 88.161887016702138, "best_function": 1, "parameters": [-0.022373802388718556, 0.8824342822471114, 0.92575374564756419, 1.0156191257680562, 0.99343636966084559, -0.34730437645825374, 1.0, 32.206140340161056]}}, "street_tally": [2.0, 1.0, 0.0]}