{"nature_results": {"Traffic Island Link At Junction": {"mae": 17.377310919726337, "mse": 395.70272821605363, "best_function": 0, "parameters": [1.0, 1.0, 1.0, 1.0, 1.0, 1.0, 1.0]}, "Single Carriageway": {"mae": 5.482597242815034, "mse": 55.855888475456723, "best_function": 2, "parameters": [9.2172581597476029, 12.566836139046062, 0.56510284133587985, 1.0, -0.014233578765437294, 0.12549624174714535, -0.34542819845556116, 0.50982318788963266, 31.4879010677347]}, "Roundabout": {"mae": 15.400541129992229, "mse": 307.19680099208955, "best_function": 0, "parameters": [1.0, 1.0, 1.0, 1.0, 1.0, 1.0, 1.0]}}, "street_tally": [2.0, 0.0, 1.0]}