{"nature_results": {"Traffic Island Link At Junction": {"mae": 8.4346092903892664, "mse": 126.53830541280752, "best_function": 0, "parameters": [1.0, 1.0, 1.0, 1.0, 1.0, 1.0, 1.0]}, "Single Carriageway": {"mae": 7.3568201797657524, "mse": 89.199845269315034, "best_function": 1, "parameters": [1.7795641303399625, 0.98458162128745252, 0.9437970183307085, 0.18770488804351382, 1.2887127541709231, 2.736311643106327, 1.0, 8.1399338682143298]}}, "street_tally": [1.0, 1.0, 0.0]}