{"nature_results": {"Single Carriageway": {"mae": 5.3094031944030577, "mse": 47.104017253204837, "best_function": 0, "parameters": [-0.30101686450986231, 5.7855292944081462, -0.87998159300731604, 1.0, 0.15220276821819767, 1.0994374744606918, 22.207552225658731]}}, "street_tally": [1.0, 0.0, 0.0]}