{"nature_results": {"Traffic Island Link At Junction": {"mae": 5.0739010674626774, "mse": 48.213508087418205, "best_function": 2, "parameters": [7.8063419473531201, 8.0887613557394431, -0.97216498048329059, 1.0, -0.16565260455033526, 1.8485767361207839, -6.1677801895802702, 7.0445496157809364, 24.758446985691801]}, "Single Carriageway": {"mae": 35.532405186052088, "mse": 1349.9702508844398, "best_function": 0, "parameters": [1.0, 1.0, 1.0, 1.0, 1.0, 1.0, 1.0]}, "Roundabout": {"mae": 9.3901071171159991, "mse": 150.96817391348529, "best_function": 2, "parameters": [15.168247106066351, 11.01771417278251, 2.5506345005924849, 1.0, -0.14676346169349097, 1.5328505184189991, -4.3781343599679463, 2.1261185797842428, 33.853877754500658]}, "Dual Carriageway": {"mae": 6.6358229461484681, "mse": 68.321473170830927, "best_function": 2, "parameters": [-3.1030000775583462, 0.39416812422958336, 2.1318894077147039, 1.0, -0.1518104198031609, 1.4047042779213301, -1.9977400736334001, -6.4372725040455903, 44.599961015785674]}, "Traffic Island Link": {"mae": 12.880047968573082, "mse": 281.06808908420425, "best_function": 1, "parameters": [-0.046297491264695179, 0.87068751452009785, 0.82404393392226427, 1.0175349107622036, 0.99243295869042825, 4.924454513842492, 1.0, 41.252991917176153]}}, "street_tally": [1.0, 1.0, 3.0]}