{"nature_results": {"Traffic Island Link At Junction": {"mae": 17.858705751565811, "mse": 366.12039598485933, "best_function": 0, "parameters": [1.0, 1.0, 1.0, 1.0, 1.0, 1.0, 1.0]}, "Single Carriageway": {"mae": 39.336877526176238, "mse": 1616.010933325912, "best_function": 0, "parameters": [1.0, 1.0, 1.0, 1.0, 1.0, 1.0, 1.0]}, "Dual Carriageway": {"mae": 38.144180424289061, "mse": 1492.3967042505992, "best_function": 0, "parameters": [1.0, 1.0, 1.0, 1.0, 1.0, 1.0, 1.0]}}, "street_tally": [3.0, 0.0, 0.0]}