{"nature_results": {"Single Carriageway": {"mae": 21.623781399709411, "mse": 548.14765176246658, "best_function": 0, "parameters": [1.0, 1.0, 1.0, 1.0, 1.0, 1.0, 1.0]}, "Dual Carriageway": {"mae": 17.704196793892265, "mse": 421.30008693075507, "best_function": 0, "parameters": [1.0, 1.0, 1.0, 1.0, 1.0, 1.0, 1.0]}, "Traffic Island Link": {"mae": 7.0310232260147734, "mse": 88.877463847162517, "best_function": 1, "parameters": [2.3083879759987864, 0.99676516241300472, 0.99286801842635375, -0.10425776137709941, 1.4026870590772822, 2.5539718827960018, 1.0, 19.34262263506627]}}, "street_tally": [2.0, 1.0, 0.0]}