{"nature_results": {"Traffic Island Link At Junction": {"mae": 13.516738698441209, "mse": 245.87897401413628, "best_function": 1, "parameters": [1.8720456248784285, -0.16505598762712248, 0.45187980312315545, 0.16248738645161021, 1.2920417868975178, -7.7402978331408185, 1.0, 19.794384079128662]}, "Single Carriageway": {"mae": 7.2245590395102903, "mse": 80.987739501474309, "best_function": 1, "parameters": [2.635477203578267, 1.0209218244133755, 1.0292370225079903, -0.28367858239208577, 1.4716510697308922, -0.27077169460188988, 1.0, 26.431454546389215]}}, "street_tally": [0.0, 2.0, 0.0]}