{"nature_results": {"Single Carriageway": {"mae": 4.9524217063777343, "mse": 42.678924694480855, "best_function": 2, "parameters": [3.9867272051940952, 1.6451141541167944, 2.0190970957561807, 1.0, 0.097398837858824416, -1.352370481396632, 5.1674749485954914, -3.3001512648572122, 21.114232728322914]}, "Dual Carriageway": {"mae": 7.0851606980403137, "mse": 88.214485891403399, "best_function": 2, "parameters": [4.7679074390360627, 1.9654758749367365, 2.5557456206732061, 1.0, 0.1153014827911899, -1.5801845854428045, 6.052174243857066, -4.6241333615525884, 18.626093153538999]}, "Slip Road": {"mae": 5.4754076337534441, "mse": 53.57635082607127, "best_function": 0, "parameters": [1.0, 1.0, 1.0, 1.0, 1.0, 1.0, 1.0]}}, "street_tally": [1.0, 0.0, 2.0]}