{"nature_results": {"Single Carriageway": {"mae": 14.450834686438583, "mse": 302.08472893787837, "best_function": 1, "parameters": [1.6654015375700777, 0.99317163173045386, 1.0096908749232234, 0.2782355935957318, 1.2493804491922875, -0.53986808916445694, 1.0, 16.649624887851765]}, "Roundabout": {"mae": 6.2987246483894985, "mse": 73.259649098056485, "best_function": 2, "parameters": [4.8567709384273083, 13.645208119296647, -3.6717048558244807, 1.0, 0.0070213562471517221, -0.22565653583442868, 1.3583224964695175, -1.9300043250257994, 31.772407471591215]}, "Dual Carriageway": {"mae": 6.28652908451072, "mse": 71.182484612986087, "best_function": 2, "parameters": [-2.1056298017166024, 2.9471696763218125, -0.26478679891853663, 1.0, 0.021139647470565737, -0.33263003976002459, 1.3197640646950193, -0.67165953300519599, 27.139097129441968]}, "Slip Road": {"mae": 10.571588124472104, "mse": 179.54201761446319, "best_function": 0, "parameters": [1.0, 1.0, 1.0, 1.0, 1.0, 1.0, 1.0]}}, "street_tally": [1.0, 1.0, 2.0]}