{"nature_results": {"Slip Road": {"mae": 4.4797694676445765, "mse": 28.884534460633557, "best_function": 0, "parameters": [-1.3398385834973761, 3.7606221975101271, -3.1886483675233777, 1.0, 0.66062005292974657, 0.80716019838654873, 9.2875560714065486]}, "Dual Carriageway": {"mae": 6.7773873091229309, "mse": 83.333065979549431, "best_function": 2, "parameters": [5.6594986110451613, 3.5275652187655626, 0.91895211018614797, 1.0, 0.066139695256905551, -0.91271900207345147, 3.2426005004329883, -1.529284067563359, 21.988279585632679]}}, "street_tally": [1.0, 0.0, 1.0]}