{"nature_results": {"Dual Carriageway": {"mae": 15.456744330136342, "mse": 265.15521203943547, "best_function": 0, "parameters": [1.0, 1.0, 1.0, 1.0, 1.0, 1.0, 1.0]}}, "street_tally": [1.0, 0.0, 0.0]}