{"nature_results": {"Single Carriageway": {"mae": 6.7598074019240624, "mse": 78.55552731932643, "best_function": 2, "parameters": [7.5762255366723528, 0.81786235079961989, 1.1194959996560423, 1.0, 0.17920169687370524, -2.1340430015483371, 7.8181934199253309, -8.98890661656616, 19.166717594117621]}}, "street_tally": [0.0, 0.0, 1.0]}