{"nature_results": {"Single Carriageway": {"mae": 5.071479478075462, "mse": 39.752425734054952, "best_function": 2, "parameters": [1.4875590438117343, 6.4810838599090985, 0.18184764608588833, 1.0, 0.00015629060780342208, -0.21202846164237155, 1.8891509716966866, -3.9879312136398406, 12.316016538063593]}}, "street_tally": [0.0, 0.0, 1.0]}