{"nature_results": {"Single Carriageway": {"mae": 9.3094728477014304, "mse": 124.22538222193398, "best_function": 1, "parameters": [3.2058666507374984, 0.83357527220258909, 1.0033680218008276, -0.4866118628367746, 1.5334275338938959, -0.70874389527665871, 1.0, 23.181248743041877]}, "Dual Carriageway": {"mae": 22.620001084808354, "mse": 575.19083173831973, "best_function": 0, "parameters": [1.0, 1.0, 1.0, 1.0, 1.0, 1.0, 1.0]}}, "street_tally": [1.0, 1.0, 0.0]}