{"nature_results": {"Traffic Island Link At Junction": {"mae": 5.3581181288472246, "mse": 51.673073888479067, "best_function": 2, "parameters": [-9.8973419635611251, 5.3029400955712047, 0.88091917424733734, 1.0, -0.035518069676851116, 0.67316837785939698, -3.7150182680741466, 6.6480797808204697, 18.6277166770994]}, "Single Carriageway": {"mae": 5.2984675856004939, "mse": 54.816057197318941, "best_function": 2, "parameters": [11.421072021814588, 9.4365951876107648, 0.6959526212519036, 1.0, 0.0095262280484920137, 0.033092677134576198, -1.0440472725120329, 3.4633846535573385, 28.651314440120125]}}, "street_tally": [0.0, 0.0, 2.0]}