{"nature_results": {"Single Carriageway": {"mae": 24.365390997912396, "mse": 613.47311660538048, "best_function": 0, "parameters": [1.0, 1.0, 1.0, 1.0, 1.0, 1.0, 1.0]}, "Dual Carriageway": {"mae": 6.7366817254997411, "mse": 66.13400284850043, "best_function": 2, "parameters": [5.6898855902657903, 2.461159139544332, 0.69358339802688629, 1.0, 0.15578295310601253, -1.71807277243833, 5.4705277766000604, -4.121368811001938, 14.728481855705835]}, "Slip Road": {"mae": 18.479301243884379, "mse": 353.27084821654972, "best_function": 0, "parameters": [1.0, 1.0, 1.0, 1.0, 1.0, 1.0, 1.0]}}, "street_tally": [2.0, 0.0, 1.0]}