{"nature_results": {"Single Carriageway": {"mae": 4.8234795872850142, "mse": 41.373031336387122, "best_function": 0, "parameters": [35.670458087729152, 36.863252016908696, -0.80692535946231714, 1.0, 0.9438449214517336, 0.9795803312652972, 32.768103926414334]}}, "street_tally": [1.0, 0.0, 0.0]}