{"nature_results": {"Slip Road": {"mae": 8.010889094160591, "mse": 110.53373889181229, "best_function": 0, "parameters": [1.0, 1.0, -6.7489620029076116, 1.0, -0.65263539842995733, 1.2633134913154165, 17.151316785802273]}}, "street_tally": [1.0, 0.0, 0.0]}