{"nature_results": {"Single Carriageway": {"mae": 15.91768169525751, "mse": 300.42916408667838, "best_function": 0, "parameters": [1.0, 1.0, 1.0, 1.0, 1.0, 1.0, 1.0]}}, "street_tally": [1.0, 0.0, 0.0]}