{"nature_results": {"Traffic Island Link At Junction": {"mae": 14.512724952819939, "mse": 346.90535177545507, "best_function": 1, "parameters": [1.5560868612382235, 0.9939782391524824, 0.99319524850147678, 0.25093908899206674, 1.2729697762094039, -2.4204947658389959, 1.0, 27.83001504464524]}, "Single Carriageway": {"mae": 27.513019881223965, "mse": 800.56864960220162, "best_function": 0, "parameters": [1.0, 1.0, 1.0, 1.0, 1.0, 1.0, 1.0]}, "Traffic Island Link": {"mae": 27.984806683373538, "mse": 1203.4368550607749, "best_function": 1, "parameters": [0.13315829628151155, 1.0050345219154377, 0.9977800303200004, 0.94430432123478159, 1.017872726968434, -1.7493618092308711, 1.0, 42.354878062461154]}}, "street_tally": [1.0, 2.0, 0.0]}