{"nature_results": {"Single Carriageway": {"mae": 5.2168026547699133, "mse": 41.253668999284812, "best_function": 2, "parameters": [2.9195947184845732, 4.764742324985388, 0.9007698477628977, 1.0, 0.0022648453901965571, -0.12689318794480697, 0.87333245116603275, -0.57108830100805563, 9.6576774968532551]}}, "street_tally": [0.0, 0.0, 1.0]}