{"nature_results": {"Single Carriageway": {"mae": 6.346141188430364, "mse": 60.845392823874114, "best_function": 2, "parameters": [1.8466786315554886, 2.8774436072064709, -0.81022950163578678, 1.0, -0.046170942875044974, 0.21907478685820625, 0.86784270234446093, -3.2265829888414093, 17.617219601824686]}}, "street_tally": [0.0, 0.0, 1.0]}