{"nature_results": {"Traffic Island Link At Junction": {"mae": 8.0870118303485992, "mse": 103.58606395080315, "best_function": 2, "parameters": [0.82565966506289501, 2.8326834039583515, 4.7752075962106728, 1.0, -0.018307264284785907, 0.031009667947224595, -0.15863274154038698, 4.2706060765586926, 17.755933282370677]}, "Single Carriageway": {"mae": 5.6481486330062589, "mse": 53.970841279808852, "best_function": 2, "parameters": [-1.3433620996872402, 3.1817308819762191, 0.068872863019920572, 1.0, -0.043069710734819244, 0.42051801857645166, -1.3714420818209416, 2.4295759548686018, 27.408592227521304]}, "Slip Road": {"mae": 8.845744871500246, "mse": 97.008245854769541, "best_function": 2, "parameters": [-9.7699369004890784, 8.0299119826023748, -9.3753566308036156, 1.0, 0.44238608432793514, -5.6498189143896989, 22.637229361189767, -28.751159169150935, 26.216445699561788]}, "Dual Carriageway": {"mae": 8.3503279691017944, "mse": 102.51071882068655, "best_function": 2, "parameters": [0.89846075736393671, 6.262752621550784, -3.0258676279409427, 1.0, -0.38945239595147085, 4.5493634295459007, -15.199340282079302, 11.336013850190408, 28.142984271815546]}, "Traffic Island Link": {"mae": 7.0880637215460212, "mse": 82.886273679039888, "best_function": 2, "parameters": [-1.6546148940552619, 2.9181990983764639, -1.9110193532384678, 1.0, -0.04242271980401946, 0.33976237698021472, -0.50440309782027004, -0.080225431303241779, 29.867051757859986]}}, "street_tally": [0.0, 0.0, 5.0]}