{"nature_results": {"Single Carriageway": {"mae": 16.691370318647333, "mse": 364.0790773646724, "best_function": 0, "parameters": [1.0, 1.0, 1.0, 1.0, 1.0, 1.0, 1.0]}}, "street_tally": [1.0, 0.0, 0.0]}