{"nature_results": {"Single Carriageway": {"mae": 3.0164054362084447, "mse": 17.635759356576678, "best_function": 2, "parameters": [0.84067494715549318, 3.5715816696095102, -0.79648970359420024, 1.0, -0.031644840341660263, 0.35891534764263322, -1.3119933581975407, 1.7445465283239199, 22.036328856810353]}}, "street_tally": [0.0, 0.0, 1.0]}