{"nature_results": {"Single Carriageway": {"mae": 5.8172217784993467, "mse": 52.233276595542812, "best_function": 2, "parameters": [1.3015242932435003, 6.8517913451219687, -1.393459408592709, 1.0, 0.0057384811575802441, -0.096788023557981662, 0.084723062220649847, 2.3505485285093997, 15.471789503826001]}}, "street_tally": [0.0, 0.0, 1.0]}