{"nature_results": {"Single Carriageway": {"mae": 20.147128014199346, "mse": 549.243470871353, "best_function": 0, "parameters": [1.0, 1.0, 1.0, 1.0, 1.0, 1.0, 1.0]}, "Dual Carriageway": {"mae": 3.9888721923455663, "mse": 22.360679212137992, "best_function": 2, "parameters": [23.197278226504142, 13.318380458593602, -0.73537657391506173, 1.0, -0.033758972068441695, 0.58691337499467577, -3.1510815951610143, 5.2212554504367255, 16.247683175317956]}}, "street_tally": [1.0, 0.0, 1.0]}