{"nature_results": {"Traffic Island Link At Junction": {"mae": 18.41606972909193, "mse": 389.11049939561769, "best_function": 0, "parameters": [1.0, 1.0, 1.0, 1.0, 1.0, 1.0, 1.0]}, "Single Carriageway": {"mae": 23.180773761678282, "mse": 572.72541533468427, "best_function": 0, "parameters": [1.0, 1.0, 1.0, 1.0, 1.0, 1.0, 1.0]}, "Roundabout": {"mae": 24.242710167438037, "mse": 772.67379670268167, "best_function": 0, "parameters": [1.0, 1.0, 1.0, 1.0, 1.0, 1.0, 1.0]}, "Dual Carriageway": {"mae": 6.2688817726023309, "mse": 89.567309022771937, "best_function": 1, "parameters": [3.1653658918036705, 1.0090874190800905, 1.0177216057922891, -0.46225843778764508, 1.5217906293738364, 0.095921073193317663, 1.0, 19.152784338727383]}, "Traffic Island Link": {"mae": 5.6390414605435977, "mse": 58.80961497534804, "best_function": 2, "parameters": [19.325497033841128, 27.772705484553203, -1.0905567256717488, 1.0, -0.22934133403179691, 2.6622240488887927, -9.315019955059114, 8.9242765843861314, 33.433718092479801]}}, "street_tally": [3.0, 1.0, 1.0]}