{"nature_results": {"Single Carriageway": {"mae": 7.974851412450052, "mse": 98.869912467112187, "best_function": 1, "parameters": [2.7304347893894425, 0.97934861313528021, 0.99063800488991827, -0.38840765053227133, 1.5212906942672015, 3.577540946969231, 1.0, 28.794001728044112]}, "Slip Road": {"mae": 9.0633662640041042, "mse": 124.24491773290696, "best_function": 0, "parameters": [1.0, 1.0, 1.0, 1.0, 1.0, 1.0, 1.0]}}, "street_tally": [1.0, 1.0, 0.0]}