{"nature_results": {"Single Carriageway": {"mae": 7.8860220998445358, "mse": 107.12318473465956, "best_function": 1, "parameters": [2.5674438835967708, 0.92741351177247433, 0.95878080177556402, -0.23188237265390188, 1.4492037190593892, 2.4567648789588548, 1.0, 34.970581217743721]}}, "street_tally": [0.0, 1.0, 0.0]}