{"nature_results": {"Traffic Island Link At Junction": {"mae": 10.73686245499125, "mse": 178.23507456310028, "best_function": 0, "parameters": [1.0, 1.0, 1.0, 1.0, 1.0, 1.0, 1.0]}, "Single Carriageway": {"mae": 25.019172429239784, "mse": 680.2490160491061, "best_function": 0, "parameters": [1.0, 1.0, 1.0, 1.0, 1.0, 1.0, 1.0]}, "Slip Road": {"mae": 5.1239207534326789, "mse": 40.827387339490009, "best_function": 1, "parameters": [2.6331559763182644, 0.97003804796917392, 0.99560872401588019, -0.23272719283506804, 1.4437061600558134, -0.18796066257779076, 1.0, 18.425067956331716]}, "Dual Carriageway": {"mae": 8.4826413320702319, "mse": 117.5812963051401, "best_function": 2, "parameters": [-14.224247071743786, 3.8061256645560118, 0.54622191083516225, 1.0, -0.070490063418360505, 0.3448227542387764, 0.44075944337364659, -0.80788452636824637, 27.700205079031502]}, "Traffic Island Link": {"mae": 33.508739011326178, "mse": 1189.4258906925413, "best_function": 0, "parameters": [1.0, 1.0, 1.0, 1.0, 1.0, 1.0, 1.0]}}, "street_tally": [3.0, 1.0, 1.0]}