{"nature_results": {"Single Carriageway": {"mae": 6.3780696490656403, "mse": 73.588441480160355, "best_function": 2, "parameters": [-0.0015030290358988285, 1.7079894220888212, 0.13210072633042702, 1.0, -0.025042755051490007, 0.26922987594922798, -1.0140424347826733, 1.8547304587944164, 19.716811688799766]}}, "street_tally": [0.0, 0.0, 1.0]}