{"nature_results": {"Single Carriageway": {"mae": 5.9610838515831643, "mse": 59.424728508647455, "best_function": 2, "parameters": [2.2745047789731796, 1.461118574341751, 1.4393971455075654, 1.0, 0.11087787930538329, -1.3732642975730718, 5.0413513261634, -4.660527570298501, 17.224708033713551]}}, "street_tally": [0.0, 0.0, 1.0]}