{"nature_results": {"Slip Road": {"mae": 5.0197272807842186, "mse": 28.030427320627741, "best_function": 0, "parameters": [3.2144042725924122, 19.85729919658209, 2.4448696568700141, 1.0, -0.66787124053112845, 1.1499949573881347, 7.6435483342540742]}}, "street_tally": [1.0, 0.0, 0.0]}