{"nature_results": {"Single Carriageway": {"mae": 7.0986653539677276, "mse": 93.98681161750612, "best_function": 2, "parameters": [-7.6781496822823456, 1.6074807776245272, -0.67929981027541175, 1.0, -0.095716642346073355, 1.2564981613101815, -5.7795361425615068, 10.551989476178766, 14.797298231664426]}, "Slip Road": {"mae": 5.9098651115393839, "mse": 47.256996725537256, "best_function": 0, "parameters": [1.0, 1.0, 1.0, 1.0, 1.0, 1.0, 1.0]}}, "street_tally": [1.0, 0.0, 1.0]}