{"nature_results": {"Traffic Island Link At Junction": {"mae": 7.4357623632338088, "mse": 90.455232034313084, "best_function": 0, "parameters": [20.255261981358434, 19.222137238049282, -0.55805153276759101, 1.0, 2.2194240621457997, 0.1243346021813605, 15.759776529750182]}, "Single Carriageway": {"mae": 19.551310947720953, "mse": 445.62911704908691, "best_function": 0, "parameters": [1.0, 1.0, 1.0, 1.0, 1.0, 1.0, 1.0]}, "Slip Road": {"mae": 14.196950788243139, "mse": 232.94650739346443, "best_function": 0, "parameters": [1.0, 1.0, 1.0, 1.0, 1.0, 1.0, 1.0]}}, "street_tally": [3.0, 0.0, 0.0]}