{"nature_results": {"Single Carriageway": {"mae": 5.7463238890815855, "mse": 67.274395483932224, "best_function": 2, "parameters": [26.395057680462465, 11.057811370340699, 2.1918579973786949, 1.0, -0.062378572719045122, 0.78460278984113807, -3.0557147628718617, 3.2836821054763927, 18.126576917325341]}}, "street_tally": [0.0, 0.0, 1.0]}