{"nature_results": {"Traffic Island Link At Junction": {"mae": 6.8780023206860452, "mse": 86.676887271097499, "best_function": 0, "parameters": [6.7641875706621626, 12.553792197435405, -0.41721414200685492, 1.0, 0.077444179148506209, 0.83869853602465205, 16.588059131191304]}, "Single Carriageway": {"mae": 4.6967990822641754, "mse": 42.706213744745007, "best_function": 0, "parameters": [3.4484527542423993, 1.2297883081503811, 0.88381357917546943, 1.0, 0.2295108629740884, 0.60769032597232764, 21.761052580135313]}, "Traffic Island Link": {"mae": 15.840439092315581, "mse": 378.93426381924348, "best_function": 0, "parameters": [1.0, 1.0, 1.0, 1.0, 1.0, 1.0, 1.0]}}, "street_tally": [3.0, 0.0, 0.0]}