{"nature_results": {"Slip Road": {"mae": 25.064892730427903, "mse": 682.15763068149909, "best_function": 0, "parameters": [1.0, 1.0, 1.0, 1.0, 1.0, 1.0, 1.0]}}, "street_tally": [1.0, 0.0, 0.0]}