{"nature_results": {"Single Carriageway": {"mae": 5.394288090182866, "mse": 51.160803716856492, "best_function": 2, "parameters": [-2.7487389533207822, 1.3968887404963115, -0.88051271007627574, 1.0, -0.14599854021800041, 1.5730691444652871, -5.1263692630961204, 5.3674147698571, 32.591566182521277]}, "Dual Carriageway": {"mae": 3.7117031396379914, "mse": 23.44542198119418, "best_function": 2, "parameters": [5.3421309032735733, 3.4668510401369197, 0.92007224658496367, 1.0, -0.076178982072886869, 0.84396952453331742, -2.7886504730793731, 2.812180817994709, 21.46067956098808]}}, "street_tally": [0.0, 0.0, 2.0]}