{"nature_results": {"Traffic Island Link At Junction": {"mae": 7.6011386143279331, "mse": 106.40935860876154, "best_function": 2, "parameters": [-10.752157363191253, 2.529889246215113, 0.46423950322268237, 1.0, -0.12636975729881161, 1.3879825170303079, -4.498775295439513, 3.8206520082370989, 18.715679875738392]}, "Single Carriageway": {"mae": 14.485448008115732, "mse": 258.23453388832888, "best_function": 0, "parameters": [1.0, 1.0, 1.0, 1.0, 1.0, 1.0, 1.0]}}, "street_tally": [1.0, 0.0, 1.0]}