{"nature_results": {"Traffic Island Link At Junction": {"mae": 195.28722710854657, "mse": 4091527.2062368523, "best_function": 1, "parameters": [0.80136227172174379, 1.0440725000733049, 1.0294939435146711, 0.55992781710534034, 1.1707082626727854, -2.3236423779503741, 1.0, 27.979021852279867]}, "Single Carriageway": {"mae": 22.281859876174238, "mse": 567.64823715664932, "best_function": 0, "parameters": [1.0, 1.0, 1.0, 1.0, 1.0, 1.0, 1.0]}, "Slip Road": {"mae": 11.944601506633404, "mse": 335.34193676592042, "best_function": 0, "parameters": [1.0, 1.0, 1.0, 1.0, 1.0, 1.0, 1.0]}}, "street_tally": [2.0, 1.0, 0.0]}