{"nature_results": {"Single Carriageway": {"mae": 6.4114159250110268, "mse": 65.809785243846434, "best_function": 1, "parameters": [2.6408369440103003, 0.37892310432154019, 0.61477501382401756, -0.25919188473436816, 1.456905638926715, -1.7363502097456918, 1.0, 23.934794855179618]}}, "street_tally": [0.0, 1.0, 0.0]}