{"nature_results": {"Traffic Island Link At Junction": {"mae": 18.104638883674028, "mse": 487.38282410086725, "best_function": 0, "parameters": [1.0, 1.0, 1.0, 1.0, 1.0, 1.0, 1.0]}, "Single Carriageway": {"mae": 6.6873018580490466, "mse": 78.243404748207212, "best_function": 2, "parameters": [0.24167651570667559, 2.5429235397124663, 0.45483073383560702, 1.0, -0.064457253230908895, 0.63634113762915434, -2.1105555663507385, 3.3683467935531146, 25.630458773728456]}, "Slip Road": {"mae": 5.5431979006265131, "mse": 68.007512583273623, "best_function": 0, "parameters": [1.0, 1.0, 1.0, 1.0, 1.0, 1.0, 1.0]}, "Dual Carriageway": {"mae": 8.2180562877463146, "mse": 112.89898118370967, "best_function": 2, "parameters": [4.1312519736264814, 8.0168648327427707, 0.43561894767421128, 1.0, 0.069676128074591226, -0.77026124653576389, 1.738635819838569, 1.4806510625170817, 24.993474854832364]}, "Traffic Island Link": {"mae": 30.229056164595498, "mse": 1061.8620771377678, "best_function": 0, "parameters": [1.0, 1.0, 1.0, 1.0, 1.0, 1.0, 1.0]}}, "street_tally": [3.0, 0.0, 2.0]}