{"nature_results": {"Single Carriageway": {"mae": 4.7864719903078772, "mse": 42.575361756557001, "best_function": 2, "parameters": [2.9048313575731699, 0.59952220327209038, -3.7016791472483588, 1.0, -0.24559150148362474, 2.6189715556121098, -7.1883037212138241, 2.0272451488667316, 25.467024921654723]}}, "street_tally": [0.0, 0.0, 1.0]}