{"nature_results": {"Single Carriageway": {"mae": 6.9567376879015237, "mse": 227.3117230541479, "best_function": 2, "parameters": [3.1052711907490762, 3.1268139844106417, 0.70367515472374675, 1.0, -0.074666943287424292, 0.63887169244284836, -1.4800113559386987, 2.0095248284580789, 23.035098499769205]}, "Slip Road": {"mae": 7.8552469310725987, "mse": 77.905490664592918, "best_function": 1, "parameters": [1.9789254010617363, -5.4869878167383161, -0.88672068237454149, 0.018531948695650002, 1.3636822756536029, 2.7107837119294675, 1.0, 9.5285710524312623]}}, "street_tally": [0.0, 1.0, 1.0]}