{"nature_results": {"Single Carriageway": {"mae": 4.0319378263368852, "mse": 31.055819767873672, "best_function": 0, "parameters": [0.029941634646657223, 0.76451637381230553, 1.9219632052268047, 1.0, -0.15049820235581612, 0.95420004031629924, 23.802839401231186]}}, "street_tally": [1.0, 0.0, 0.0]}