{"nature_results": {"Roundabout": {"mae": 13.826246771557649, "mse": 352.42300155789218, "best_function": 0, "parameters": [1.0, 1.0, 1.0, 1.0, 1.0, 1.0, 1.0]}}, "street_tally": [1.0, 0.0, 0.0]}