{"nature_results": {"Single Carriageway": {"mae": 5.5236044139137759, "mse": 52.282699013300423, "best_function": 2, "parameters": [1.5768105238831929, 0.51626454958413159, 1.0366339803034026, 1.0, -0.024275879679640733, 0.28676484653202916, -0.75295267367554874, -1.5385006229704592, 17.670743253502227]}}, "street_tally": [0.0, 0.0, 1.0]}