{"nature_results": {"Traffic Island Link At Junction": {"mae": 32.204986616668187, "mse": 1116.1207717349898, "best_function": 0, "parameters": [1.0, 1.0, 1.0, 1.0, 1.0, 1.0, 1.0]}, "Single Carriageway": {"mae": 5.9344475352723212, "mse": 69.213806900279138, "best_function": 2, "parameters": [34.847319602824605, 26.506278522381542, 0.94816874458323264, 1.0, -0.16422333537231593, 2.0083539740914151, -7.6878652264210174, 8.8669883212277032, 31.304316876005061]}, "Traffic Island Link": {"mae": 10.589689815824734, "mse": 159.40254502747783, "best_function": 2, "parameters": [18.452072646620735, 20.763634821827626, 0.148714593247393, 1.0, -0.20838819256508678, 2.5899432549758723, -10.011540240736975, 11.058404839300255, 26.333788261615705]}}, "street_tally": [1.0, 0.0, 2.0]}