{"nature_results": {"Single Carriageway": {"mae": 5.9645217583796821, "mse": 72.615486508762586, "best_function": 1, "parameters": [2.1946545356910638, 0.99971834775092205, 0.99778768401677509, -0.058612514880006295, 1.386675290369126, -0.66299921329729439, 1.0, 19.783628569851505]}, "Dual Carriageway": {"mae": 16.884797389196006, "mse": 376.52998084390418, "best_function": 0, "parameters": [1.0, 1.0, 1.0, 1.0, 1.0, 1.0, 1.0]}, "Slip Road": {"mae": 11.533777316279503, "mse": 247.02447712333361, "best_function": 0, "parameters": [1.0, 1.0, 1.0, 1.0, 1.0, 1.0, 1.0]}}, "street_tally": [2.0, 1.0, 0.0]}