{"nature_results": {"Traffic Island Link At Junction": {"mae": 15.868382236124154, "mse": 357.85985880686223, "best_function": 0, "parameters": [1.0, 1.0, 1.0, 1.0, 1.0, 1.0, 1.0]}, "Single Carriageway": {"mae": 5.0558508953157446, "mse": 50.809012230890936, "best_function": 2, "parameters": [13.442963893259325, 12.188562074007518, -2.0059213485597676, 1.0, 0.036559947859076791, -0.50522845275409822, 2.014922400126546, -1.9567916637635614, 30.720906896040624]}, "Dual Carriageway": {"mae": 17.519381433586275, "mse": 418.10768623115189, "best_function": 0, "parameters": [1.0, 1.0, 1.0, 1.0, 1.0, 1.0, 1.0]}, "Traffic Island Link": {"mae": 27.563632768220572, "mse": 814.1770148074695, "best_function": 0, "parameters": [1.0, 1.0, 1.0, 1.0, 1.0, 1.0, 1.0]}}, "street_tally": [3.0, 0.0, 1.0]}