{"nature_results": {"Single Carriageway": {"mae": 13.390900683841275, "mse": 201.90046082287216, "best_function": 0, "parameters": [1.0, 1.0, 1.0, 1.0, 1.0, 1.0, 1.0]}}, "street_tally": [1.0, 0.0, 0.0]}