{"nature_results": {"Traffic Island Link At Junction": {"mae": 21.05026219728553, "mse": 497.90537365687993, "best_function": 0, "parameters": [1.0, 1.0, 1.0, 1.0, 1.0, 1.0, 1.0]}, "Single Carriageway": {"mae": 6.7718561283174683, "mse": 81.583789717346718, "best_function": 0, "parameters": [-7.9548186256055935, 0.96577834863634426, 1.094711500010515, 1.0, 0.078948537457612766, 1.3370312612585373, 25.173484575184538]}, "Traffic Island Link": {"mae": 24.050783637926269, "mse": 653.95836457114069, "best_function": 0, "parameters": [1.0, 1.0, 1.0, 1.0, 1.0, 1.0, 1.0]}}, "street_tally": [3.0, 0.0, 0.0]}