{"nature_results": {"Slip Road": {"mae": 4.3862835427835254, "mse": 37.57041781295289, "best_function": 2, "parameters": [-2.8205636637558129, 21.875859521346218, -4.2542772752539433, 1.0, -0.25596102617037442, 3.2007313059307068, -12.187445642820075, 13.654297120971265, 41.203543819416417]}, "Dual Carriageway": {"mae": 9.1991926941247009, "mse": 125.64115869256365, "best_function": 0, "parameters": [-1.8252130781661062, 3.7555392106427843, -0.33500067139128142, 1.0, 0.54845981340905892, 0.58897644230315993, 44.507570598258702]}}, "street_tally": [1.0, 0.0, 1.0]}