{"nature_results": {"Single Carriageway": {"mae": 4.2933912623469777, "mse": 40.172114801718571, "best_function": 2, "parameters": [2.1835956645671128, 4.758193097310528, -0.59309699828515461, 1.0, -0.039844786866416904, 0.43202747051720247, -1.6406731229035536, 2.5535187997786677, 26.088063350207115]}, "Dual Carriageway": {"mae": 17.536040019858721, "mse": 395.73422268527554, "best_function": 0, "parameters": [1.0, 1.0, 1.0, 1.0, 1.0, 1.0, 1.0]}, "Traffic Island Link": {"mae": 5.5776775940341849, "mse": 171.62758501744665, "best_function": 2, "parameters": [5.3893963614008991, 8.6610252677684905, -1.0876232884063861, 1.0, 0.013433625208808531, -0.23105098880356278, 0.85062402788963631, -0.10802954629521788, 31.661413272611142]}}, "street_tally": [1.0, 0.0, 2.0]}