{"nature_results": {"Traffic Island Link At Junction": {"mae": 5.0086689172745888, "mse": 37.654790837463793, "best_function": 1, "parameters": [4.4461521442074723, 0.59493459221098255, 0.79837588986823782, -1.1802459934877003, 1.8039345030134974, -3.0103506632393735, 1.0, 21.59245831249784]}, "Single Carriageway": {"mae": 5.3847234968784887, "mse": 47.387328328693791, "best_function": 1, "parameters": [2.9929484934958932, 0.89476195084460952, 0.92316727166047396, -0.45758874051943366, 1.5354903116357348, -2.3495016151411896, 1.0, 28.212911812227073]}, "Dual Carriageway": {"mae": 5.3223354248109684, "mse": 42.583522126297758, "best_function": 2, "parameters": [85.392325688969308, 8.6297878820211551, -6.0778793215429214, 1.0, 0.26579158525184055, -3.1573566324153157, 11.590625742653202, -13.884856662030398, 35.612314727120527]}, "Roundabout": {"mae": 12.853887482545733, "mse": 291.4236980548244, "best_function": 1, "parameters": [7.4532478222400691, 0.73949032854179797, 0.71302819293278596, -2.4673090563670717, 2.2446603059258017, -4.9305657275031161, 1.0, 17.758001302275524]}}, "street_tally": [0.0, 3.0, 1.0]}