{"nature_results": {"Single Carriageway": {"mae": 6.6115213119843457, "mse": 75.92864492941716, "best_function": 0, "parameters": [1.7636428590098072, 0.95877421323514089, -0.26573146495883404, 1.0, 0.91966766107494502, 0.71432822539129281, 22.293863532255671]}}, "street_tally": [1.0, 0.0, 0.0]}