{"nature_results": {"Single Carriageway": {"mae": 5.3685614611417849, "mse": 73.470216800143973, "best_function": 2, "parameters": [-4.4360105014970346, 7.4795382262658165, -0.2913838383481997, 1.0, 0.16141095066543176, -2.2410473802776383, 9.8804074564673883, -14.009948098702239, 37.001491507918487]}}, "street_tally": [0.0, 0.0, 1.0]}