{"nature_results": {"Dual Carriageway": {"mae": 5.5348433802083932, "mse": 55.278798292893192, "best_function": 2, "parameters": [-4.2694691881131916, 2.2230759607634814, -2.2274416140796811, 1.0, -0.057721648846895679, 0.57129739665374868, -1.9840171999647693, 3.2108664257306749, 53.026966321349441]}}, "street_tally": [0.0, 0.0, 1.0]}