{"nature_results": {"Traffic Island Link At Junction": {"mae": 20.845452414477538, "mse": 31445.015678933269, "best_function": 0, "parameters": [19.516293843711431, 8.3344868480904193, 3.1225514645600745, 1.0, -0.61150950650339797, 1.527343862352895, 20.675826449601956]}, "Single Carriageway": {"mae": 15.992809669166446, "mse": 320.21659968377094, "best_function": 0, "parameters": [1.0, 1.0, 1.0, 1.0, 1.0, 1.0, 1.0]}, "Dual Carriageway": {"mae": 5.7783714022703654, "mse": 56.668223665085051, "best_function": 2, "parameters": [0.81384027412803062, 1.4975841094939235, -0.50889772119560117, 1.0, -0.014600695170904121, 0.14065278995042707, -0.52830469800308966, 1.2387208607458122, 15.614087381903495]}, "Slip Road": {"mae": 10.430499171663758, "mse": 158.97696558694875, "best_function": 0, "parameters": [1.0, 1.0, 1.0, 1.0, 1.0, 1.0, 1.0]}}, "street_tally": [3.0, 0.0, 1.0]}