{"nature_results": {"Traffic Island Link At Junction": {"mae": 4.6327760155818289, "mse": 34.268656995519827, "best_function": 0, "parameters": [29.537855403193863, 18.058280169711033, -1.2954641708337435, 1.0, 1.0634040800709201, 0.41846321987868207, 18.068547121284094]}, "Single Carriageway": {"mae": 7.1583951128665237, "mse": 87.988218175332065, "best_function": 2, "parameters": [-3.4276339978104016, 3.0539920053858003, -3.5454795176126961, 1.0, -0.048183460469504613, 0.50091211308719652, -1.1001528175774311, -1.3687698676555993, 30.892008157067732]}}, "street_tally": [1.0, 0.0, 1.0]}