{"nature_results": {"Single Carriageway": {"mae": 4.2508731162670452, "mse": 26.266880429741487, "best_function": 2, "parameters": [-1.0868542105156811, 4.1376793568247923, -0.78483012093669524, 1.0, -0.059210953993718229, 0.73001469412192688, -2.8955972489681314, 3.5304931096353585, 36.779561286720622]}, "Dual Carriageway": {"mae": 11.162705143090347, "mse": 205.23723891584032, "best_function": 1, "parameters": [-0.021873533632791764, 1.002248353478048, 0.99938564002708441, 1.012763045462576, 0.993970628118519, -0.33045157105999579, 1.0, 41.608542491357838]}, "Slip Road": {"mae": 7.4489719390882234, "mse": 87.618864536366843, "best_function": 0, "parameters": [1.0, 1.0, 1.0, 1.0, 1.0, 1.0, 1.0]}}, "street_tally": [1.0, 1.0, 1.0]}