{"nature_results": {"Traffic Island Link At Junction": {"mae": 6.3587903299753838, "mse": 84.645146552465121, "best_function": 2, "parameters": [-0.41505490970207459, 3.6283787059576014, -0.80993359083920713, 1.0, 0.03162127307017415, -0.45301416884472601, 1.8774637603009199, -1.61829580180643, 31.503120392426105]}, "Single Carriageway": {"mae": 5.1343354590569197, "mse": 51.285923236558652, "best_function": 2, "parameters": [-1.5548550164120689, 3.1186645913900688, -0.084600701144518453, 1.0, 0.041611662791692261, -0.56909551802088698, 2.1578472639723083, -1.4604293648559055, 28.160003955986515]}, "Slip Road": {"mae": 6.7932047048702637, "mse": 86.283200919924596, "best_function": 2, "parameters": [6.4455834309190276, 3.7304690825504481, -1.3826885769591413, 1.0, -0.10380418362624111, 1.1824200039989627, -4.5765057744230395, 7.2917286276362994, 32.583992334408116]}, "Dual Carriageway": {"mae": 10.505691703885654, "mse": 166.00365218649952, "best_function": 2, "parameters": [1.4631902375671713, 1.8334495504061663, -0.99918718398063278, 1.0, -0.010752023566874325, 0.10524506702129177, -0.59572731540884161, 2.0271108281547923, 31.812588675945896]}, "Traffic Island Link": {"mae": 4.6343067237252749, "mse": 45.677630862061697, "best_function": 2, "parameters": [-1.8053768346199393, 5.5001228375277051, 0.61276649754862755, 1.0, 0.021467781549337261, -0.28907773420167282, 0.98972193242264306, -0.27857592357809202, 31.19671640890299]}}, "street_tally": [0.0, 0.0, 5.0]}