{"nature_results": {"Traffic Island Link At Junction": {"mae": 7.447109831619886, "mse": 78.303372457503571, "best_function": 0, "parameters": [1.0, 1.0, 1.0, 1.0, 1.0, 1.0, 1.0]}, "Single Carriageway": {"mae": 6.6171456439319689, "mse": 101.31245329728441, "best_function": 0, "parameters": [14.387519012325448, 9.5328352136031729, -3.4794531854608683, 1.0, -0.53572039963898521, 0.41918725817454272, 35.055378450324547]}}, "street_tally": [2.0, 0.0, 0.0]}