{"nature_results": {"Traffic Island Link At Junction": {"mae": 6.5604547109569857, "mse": 64.264880668008132, "best_function": 2, "parameters": [47.859722322963499, 43.827799139281112, -2.3313155439257232, 1.0, -0.12083151086750599, 1.5775679337289525, -7.0150658854349128, 10.692846551875062, 31.102113393958504]}, "Single Carriageway": {"mae": 9.2238850674154875, "mse": 125.06465923520516, "best_function": 1, "parameters": [-0.024569604394612643, 0.98095406197885393, 0.99638951974142465, 1.0033379734688332, 0.99993143533937312, -1.2882090728736038, 1.0, 30.215976562828633]}}, "street_tally": [0.0, 1.0, 1.0]}