{"nature_results": {"Single Carriageway": {"mae": 6.3918976399868495, "mse": 79.733809553442867, "best_function": 2, "parameters": [-2.5194399836184771, 6.7576578147492432, -1.7286749628709459, 1.0, 0.073414398901323064, -0.84975807044534712, 2.9337697019254927, -2.7833994140351255, 30.570220327615839]}, "Slip Road": {"mae": 8.5967367314678249, "mse": 93.199433694148937, "best_function": 2, "parameters": [7.1791991327370717, 3.7919562185641262, 4.0388980639670811, 1.0, -0.11845735512730582, 1.8970215892367308, -9.1212553431731358, 11.8030390649004, 15.12299170902555]}}, "street_tally": [0.0, 0.0, 2.0]}