{"nature_results": {"Traffic Island Link At Junction": {"mae": 4.8352701418007236, "mse": 46.57017700049586, "best_function": 2, "parameters": [-11.684115234713696, 0.32333714706679184, 0.34737142804896382, 1.0, -0.22952997188578106, 2.3192244652852763, -6.6501718306353679, 5.9716479769604254, 21.881561612608117]}, "Single Carriageway": {"mae": 5.6156998240008962, "mse": 55.887172704193311, "best_function": 2, "parameters": [-0.094430646938594931, 2.7157535574283487, 0.94972432021655639, 1.0, -0.35014902557610883, 3.7420302883869181, -11.650483210808336, 10.522617745450294, 32.341960346224766]}}, "street_tally": [0.0, 0.0, 2.0]}