{"nature_results": {"Single Carriageway": {"mae": 6.5692601827236219, "mse": 208.38737685327578, "best_function": 0, "parameters": [16.79447458805619, 10.403963550815721, 1.2945630842427716, 1.0, -0.55412990501270976, 1.2407486099555241, 23.509206681007125]}}, "street_tally": [1.0, 0.0, 0.0]}