{"nature_results": {"Single Carriageway": {"mae": 3.5336668448551332, "mse": 19.459021875355059, "best_function": 0, "parameters": [29.753483961259061, 29.733676133299099, -1.8868570084912575, 1.0, 1.817999023109276, 0.42293211230400884, 12.533551969770972]}}, "street_tally": [1.0, 0.0, 0.0]}