{"nature_results": {"Traffic Island Link At Junction": {"mae": 5.0175979639674582, "mse": 46.503976058034759, "best_function": 0, "parameters": [39.717243053079692, 15.188937232537404, 1.9173182149055261, 1.0, -0.034996172454281105, 0.86721696343448718, 29.177425637295094]}, "Single Carriageway": {"mae": 8.4556409997440927, "mse": 111.08046470515734, "best_function": 1, "parameters": [-0.02910448343063643, 0.99702591216107028, 1.0001290866172323, 1.0431325184583347, 0.9782870309874272, -0.97000469170611425, 1.0, 31.113860517921218]}}, "street_tally": [1.0, 1.0, 0.0]}