{"nature_results": {"Traffic Island Link At Junction": {"mae": 5.6143149483654744, "mse": 59.620366154148869, "best_function": 1, "parameters": [1.7318729315632011, 1.0402950918529603, 1.0310470250813486, 0.17290784373465229, 1.301497089261562, -0.68153211103536471, 1.0, 20.799682951704725]}, "Single Carriageway": {"mae": 10.616054256601588, "mse": 158.67759308206286, "best_function": 2, "parameters": [57.415143271270956, 49.889330483138941, -3.577624018007354, 1.0, 0.060818451688517627, -0.74165836344131919, 3.3042647004923626, -5.6523507979071059, 34.328169039233188]}, "Dual Carriageway": {"mae": 4.9212360663019767, "mse": 40.118989645771173, "best_function": 2, "parameters": [-1.547317811538933, 3.541054792075677, 0.35546588276916147, 1.0, -0.058577467259134597, 0.64452150791722584, -2.2293115316450436, 2.7066543318711918, 43.731003899577829]}, "Slip Road": {"mae": 23.617553775612922, "mse": 655.96236383919666, "best_function": 0, "parameters": [1.0, 1.0, 1.0, 1.0, 1.0, 1.0, 1.0]}}, "street_tally": [1.0, 1.0, 2.0]}