{"nature_results": {"Single Carriageway": {"mae": 10.916409154726621, "mse": 151.69995681483817, "best_function": 0, "parameters": [1.0, 1.0, 1.0, 1.0, 1.0, 1.0, 1.0]}, "Dual Carriageway": {"mae": 29.092573423725362, "mse": 1048.5212839501003, "best_function": 0, "parameters": [1.0, 1.0, 1.0, 1.0, 1.0, 1.0, 1.0]}, "Slip Road": {"mae": 5.933331009084557, "mse": 48.134643902664443, "best_function": 0, "parameters": [-14.530429630301629, 7.428370267040366, -0.17011368157483009, 1.0, -0.12903050202202282, 1.0959010864102929, 6.6965775658610021]}}, "street_tally": [3.0, 0.0, 0.0]}