{"nature_results": {"Traffic Island Link At Junction": {"mae": 22.985989461753267, "mse": 624.42033037273688, "best_function": 0, "parameters": [1.0, 1.0, 1.0, 1.0, 1.0, 1.0, 1.0]}, "Single Carriageway": {"mae": 23.258240359690895, "mse": 611.36789115283182, "best_function": 0, "parameters": [1.0, 1.0, 1.0, 1.0, 1.0, 1.0, 1.0]}, "Dual Carriageway": {"mae": 7.0862162303775609, "mse": 70.922279514593484, "best_function": 1, "parameters": [3.2345988193728634, 0.98107887523202453, 0.99438288163340804, -0.55837667111709388, 1.57012468360004, -5.4246139514631597, 1.0, 19.395587028001117]}, "Traffic Island Link": {"mae": 31.432519240324748, "mse": 1037.8640050884312, "best_function": 0, "parameters": [1.0, 1.0, 1.0, 1.0, 1.0, 1.0, 1.0]}}, "street_tally": [3.0, 1.0, 0.0]}