{"nature_results": {"Slip Road": {"mae": 4.2352545447376881, "mse": 29.815709834169454, "best_function": 1, "parameters": [3.1941327843648795, 1.0726868485614494, 1.0324325251433639, -0.62467799759468479, 1.6085638624952172, 2.1880090707597248, 1.0, 4.2625843937945325]}, "Dual Carriageway": {"mae": 8.6638352621657688, "mse": 142.26735792639843, "best_function": 2, "parameters": [-1.8274426852939265, 0.082867545677468124, -0.50603444806353948, 1.0, 0.012022067685580229, -0.26133298372113334, 1.0685430292649916, -0.11795246519926672, 37.201307921931495]}, "Roundabout": {"mae": 17.403956508012275, "mse": 375.79883236040649, "best_function": 0, "parameters": [1.0, 1.0, 1.0, 1.0, 1.0, 1.0, 1.0]}}, "street_tally": [1.0, 1.0, 1.0]}