{"nature_results": {"Single Carriageway": {"mae": 25.563370327330031, "mse": 715.65411473620441, "best_function": 0, "parameters": [1.0, 1.0, 1.0, 1.0, 1.0, 1.0, 1.0]}, "Traffic Island Link": {"mae": 28.423784213938767, "mse": 884.06545342661059, "best_function": 0, "parameters": [1.0, 1.0, 1.0, 1.0, 1.0, 1.0, 1.0]}}, "street_tally": [2.0, 0.0, 0.0]}