{"nature_results": {"Single Carriageway": {"mae": 23.429320573299108, "mse": 667.46989959595851, "best_function": 0, "parameters": [1.0, 1.0, 1.0, 1.0, 1.0, 1.0, 1.0]}, "Traffic Island Link": {"mae": 12.743315252218119, "mse": 769.54049631533826, "best_function": 1, "parameters": [0.046938834765069659, 1.0023299094772677, 1.0001514895212027, 1.0223176210580571, 0.98311916372401098, -0.40145473379342556, 1.0, 28.557657063100137]}}, "street_tally": [1.0, 1.0, 0.0]}