{"nature_results": {"Single Carriageway": {"mae": 21.075732563524809, "mse": 502.13808909403014, "best_function": 0, "parameters": [1.0, 1.0, 1.0, 1.0, 1.0, 1.0, 1.0]}, "Dual Carriageway": {"mae": 12.184488543350206, "mse": 219.26759026897869, "best_function": 0, "parameters": [1.0, 1.0, 1.0, 1.0, 1.0, 1.0, 1.0]}}, "street_tally": [2.0, 0.0, 0.0]}