{"nature_results": {"Traffic Island Link At Junction": {"mae": 16.850956524793965, "mse": 2468.7652219998595, "best_function": 0, "parameters": [7.1602440735955817, 27.747178910614924, 1.0450195783767464, 1.0, -1.053693249994581, 1.4562952949323091, 18.708458535680858]}, "Single Carriageway": {"mae": 7.8813809218796145, "mse": 106.04725953536098, "best_function": 0, "parameters": [-10.889775698235358, 3.1249367685337424, -0.79148041287958426, 1.0, -0.4716795881510687, 1.5438216174024197, 18.205299347671833]}}, "street_tally": [2.0, 0.0, 0.0]}