{"nature_results": {"Single Carriageway": {"mae": 12.024462977900425, "mse": 195.53858402704594, "best_function": 0, "parameters": [1.0, 1.0, 1.0, 1.0, 1.0, 1.0, 1.0]}}, "street_tally": [1.0, 0.0, 0.0]}