{"nature_results": {"Single Carriageway": {"mae": 15.603718346556658, "mse": 294.27214701725171, "best_function": 0, "parameters": [1.0, 1.0, 1.0, 1.0, 1.0, 1.0, 1.0]}}, "street_tally": [1.0, 0.0, 0.0]}