{"nature_results": {"Slip Road": {"mae": 7.9617419449823732, "mse": 83.240022471799321, "best_function": 2, "parameters": [35.58753602158793, 24.558297633027962, -2.0519839541445126, 1.0, -0.0052298501863969893, -0.043487898323441243, 0.6279500259038352, -1.3209873871422957, 19.799867096200021]}}, "street_tally": [0.0, 0.0, 1.0]}