{"nature_results": {"Traffic Island Link At Junction": {"mae": 7.6177413356230872, "mse": 102.71435498071887, "best_function": 1, "parameters": [1.925127109119857, 0.99419965152083378, 0.99381044413129049, 0.083716466764860442, 1.3323726278609545, 0.33993197838584477, 1.0, 34.506991433035928]}, "Single Carriageway": {"mae": 7.2388115379869156, "mse": 81.139625868611574, "best_function": 1, "parameters": [2.4977435608185488, 0.99489752389781605, 0.99672005463985192, -0.18693168451287923, 1.4307338295662075, -1.271580680990362, 1.0, 31.846063588088899]}, "Dual Carriageway": {"mae": 5.1625141556513805, "mse": 160.4426097256675, "best_function": 0, "parameters": [-0.11752453167987653, 8.892788228846598, -0.58725438920484607, 1.0, 1.6846870913092737, 0.34955872881727412, 25.893019303026062]}}, "street_tally": [1.0, 2.0, 0.0]}