{"nature_results": {"Traffic Island Link At Junction": {"mae": 5.8299243511761034, "mse": 56.078006467604673, "best_function": 2, "parameters": [29.471566086281733, 19.915073418751255, -0.13165519939699855, 1.0, 0.029435486522746412, -0.1107459805268558, -0.9140207235456701, 2.859823264483536, 28.527590707031898]}, "Single Carriageway": {"mae": 40.852512879817276, "mse": 1787.3369046821447, "best_function": 0, "parameters": [1.0, 1.0, 1.0, 1.0, 1.0, 1.0, 1.0]}, "Dual Carriageway": {"mae": 10.125389660652152, "mse": 176.915716139002, "best_function": 2, "parameters": [-1.8603947071529094, 1.9065431955572931, -0.31503244710663414, 1.0, 0.010545627365639576, -0.060420745060887571, -0.46605035276525397, 3.2228074022068913, 37.074252965414644]}, "Roundabout": {"mae": 21.007299975353998, "mse": 504.86669579426183, "best_function": 0, "parameters": [1.0, 1.0, 1.0, 1.0, 1.0, 1.0, 1.0]}}, "street_tally": [2.0, 0.0, 2.0]}