{"nature_results": {"Traffic Island Link At Junction": {"mae": 7.1562274921117508, "mse": 88.738085343918641, "best_function": 2, "parameters": [5.3139080937784007, 5.1692166731543834, 2.6920160952450018, 1.0, 0.05451692757752935, -0.66687326774843925, 1.7906915875267293, 0.84491662590968608, 22.420068789426299]}, "Single Carriageway": {"mae": 8.1543481151063499, "mse": 114.32139751302381, "best_function": 1, "parameters": [1.7611693327905629, 0.98327458731644868, 0.98421133582799691, 0.12437426228041759, 1.3241009682127223, 2.2457243789655568, 1.0, 23.419076395564119]}, "Slip Road": {"mae": 8.390903740259807, "mse": 108.53845217569349, "best_function": 2, "parameters": [12.285364134933582, 3.7496849701853887, 1.5245818597708727, 1.0, -0.065426487613111872, 0.67536641759091554, -2.2305530990349962, 2.9799904409162767, 29.445827368000611]}, "Dual Carriageway": {"mae": 29.220442599318471, "mse": 927.34398251051675, "best_function": 0, "parameters": [1.0, 1.0, 1.0, 1.0, 1.0, 1.0, 1.0]}, "Traffic Island Link": {"mae": 8.6143571640124001, "mse": 115.89879089751174, "best_function": 1, "parameters": [2.753485262890103, 0.93078876160869384, 0.94537444488538436, -0.33359749352443901, 1.4876168849011377, 2.9326535462496164, 1.0, 25.607961747079564]}}, "street_tally": [1.0, 2.0, 2.0]}