{"nature_results": {"Traffic Island Link At Junction": {"mae": 20.408056762028689, "mse": 501.94047855406575, "best_function": 0, "parameters": [1.0, 1.0, 1.0, 1.0, 1.0, 1.0, 1.0]}, "Single Carriageway": {"mae": 20.207398579326792, "mse": 492.17123844278802, "best_function": 0, "parameters": [1.0, 1.0, 1.0, 1.0, 1.0, 1.0, 1.0]}, "Slip Road": {"mae": 9.6052286862470844, "mse": 197.06088227422049, "best_function": 2, "parameters": [1.8577103490449325, 2.3665268064625762, 0.45889541793582589, 1.0, -0.049236199674222991, 0.79608235064139166, -3.5341507318079106, 3.6181582596456749, 31.572937890205669]}, "Dual Carriageway": {"mae": 9.529958330304888, "mse": 267.1809491546216, "best_function": 0, "parameters": [0.48492710557382457, 3.0978728429976243, 1.5304220649224989, 1.0, 1.1314216070615295, 0.35307579506303088, 22.471797333957934]}, "Traffic Island Link": {"mae": 19.73293921951371, "mse": 491.80081815466497, "best_function": 0, "parameters": [1.0, 1.0, 1.0, 1.0, 1.0, 1.0, 1.0]}}, "street_tally": [4.0, 0.0, 1.0]}