{"nature_results": {"Traffic Island Link At Junction": {"mae": 9.407812774492303, "mse": 134.64886096300995, "best_function": 0, "parameters": [-6.2994386056320328, 4.9897814340615483, 0.57391749997015418, 1.0, 0.76864611663807214, 0.72825421629058873, 23.398247456728981]}, "Single Carriageway": {"mae": 6.9115275362996034, "mse": 82.546723491656749, "best_function": 0, "parameters": [-0.53034206269850892, 8.4487025900932746, 0.95457378777833923, 1.0, 1.5030735059662197, 0.2889568858592364, 25.18529001397135]}, "Dual Carriageway": {"mae": 8.0560015624985102, "mse": 103.32730055157087, "best_function": 2, "parameters": [-3.8778749866545246, 12.17872305564994, 2.9827790311088132, 1.0, 0.15972718474022662, -1.9767335157917372, 7.0789344196836455, -6.2432852337736229, 23.357485316082265]}}, "street_tally": [2.0, 0.0, 1.0]}