{"nature_results": {"Single Carriageway": {"mae": 5.0348689226217118, "mse": 34.05198278349301, "best_function": 2, "parameters": [-23.318822218125369, 0.76938800709097521, 4.6936837144451591, 1.0, 0.06046785028008006, -0.94528912960233735, 4.297665445454081, -5.0444899074140341, 23.94997145476167]}}, "street_tally": [0.0, 0.0, 1.0]}