{"nature_results": {"Single Carriageway": {"mae": 4.9462106185162726, "mse": 34.498467353126927, "best_function": 2, "parameters": [-10.053119118424807, 11.61058025768131, 4.0933792147170003, 1.0, -0.047151243904448359, 0.24046115164109572, 0.62804481738224027, -2.4269202615482408, 21.339782339688313]}}, "street_tally": [0.0, 0.0, 1.0]}