{"nature_results": {"Traffic Island Link At Junction": {"mae": 15.797995830672196, "mse": 291.8825219969965, "best_function": 0, "parameters": [1.0, 1.0, 1.0, 1.0, 1.0, 1.0, 1.0]}, "Single Carriageway": {"mae": 18.861659069722478, "mse": 402.02685160684644, "best_function": 0, "parameters": [1.0, 1.0, 1.0, 1.0, 1.0, 1.0, 1.0]}}, "street_tally": [2.0, 0.0, 0.0]}