{"nature_results": {"Single Carriageway": {"mae": 6.0286655558246283, "mse": 67.139429124345781, "best_function": 2, "parameters": [3.9136408030475178, 8.1032372730474869, 0.18200613348727035, 1.0, -0.018857913526384218, 0.25645371682562279, -1.1931307923526404, 1.8771283245431662, 28.160840468360853]}, "Traffic Island Link": {"mae": 5.5352942175976061, "mse": 48.47110540800368, "best_function": 2, "parameters": [10.084925670123987, 14.460795787409344, 0.25964979687730994, 1.0, -0.13167280480034615, 1.6344885693923865, -6.5846402166440141, 9.0404239713338708, 33.930406660827231]}}, "street_tally": [0.0, 0.0, 2.0]}