{"nature_results": {"Traffic Island Link At Junction": {"mae": 5.3084954629384606, "mse": 42.817815411953838, "best_function": 2, "parameters": [39.227595456957218, 38.81470549540699, 5.3660005227578269, 1.0, -0.19279985674853051, 1.9310204503201795, -5.6210056140995732, 5.9575967769105214, 13.822183827817684]}, "Single Carriageway": {"mae": 5.7856957272274192, "mse": 57.317033945413179, "best_function": 0, "parameters": [-3.9366235791147783, 0.62339389500475473, 1.6937478124049981, 1.0, 0.45825449124144735, 0.54003309005958855, 28.453503196550493]}}, "street_tally": [1.0, 0.0, 1.0]}