{"nature_results": {"Single Carriageway": {"mae": 35.124298403766119, "mse": 8779.2288628978531, "best_function": 1, "parameters": [0.36348577177040808, 1.0757909768562219, 1.0584404214536225, 0.81028738835445702, 1.0722439415710545, -1.7590789159517128, 1.0, 20.743128566572913]}}, "street_tally": [0.0, 1.0, 0.0]}