{"nature_results": {"Single Carriageway": {"mae": 5.1829411467969786, "mse": 50.821300969206732, "best_function": 0, "parameters": [8.7763634891009374, 6.6017398018296038, -0.59771644225646914, 1.0, -0.63833105388641642, 0.93793879134928448, 36.914922443334333]}, "Dual Carriageway": {"mae": 7.4092403535746945, "mse": 86.642232204140385, "best_function": 2, "parameters": [8.2139442180002149, 2.8593380826427621, -0.5131712819273575, 1.0, 0.013461905140478736, -0.17284650020214398, 0.75870523860462979, -2.0468805339217564, 32.594050297732771]}, "Roundabout": {"mae": 5.5607753526846606, "mse": 60.851642914908766, "best_function": 2, "parameters": [3.055994883219233, 2.7413337605847499, -0.72927866178475331, 1.0, -0.12677229484127683, 1.5538530235140449, -5.8508765037005608, 6.1992699998030361, 24.143563526469499]}}, "street_tally": [1.0, 0.0, 2.0]}