{"nature_results": {"Dual Carriageway": {"mae": 13.389237043800637, "mse": 246.01244777542632, "best_function": 0, "parameters": [1.0, 1.0, 1.0, 1.0, 1.0, 1.0, 1.0]}, "Roundabout": {"mae": 14.524319439359791, "mse": 254.82330108465479, "best_function": 0, "parameters": [1.0, 1.0, 1.0, 1.0, 1.0, 1.0, 1.0]}}, "street_tally": [2.0, 0.0, 0.0]}