{"nature_results": {"Single Carriageway": {"mae": 52.048223381290001, "mse": 4605.3626721526743, "best_function": 1, "parameters": [0.28966353041553305, 0.68193999430408958, 0.89610996680754951, 0.86893589857099529, 1.046256850683265, 0.94410009159080188, 1.0, 18.354893957193223]}}, "street_tally": [0.0, 1.0, 0.0]}