{"nature_results": {"Single Carriageway": {"mae": 5.589492674875566, "mse": 57.679431342115237, "best_function": 0, "parameters": [27.237727375282343, 23.394181149165387, -2.2784039350092815, 1.0, 0.73518137435377495, 0.74960361105970363, 26.989158447536116]}, "Traffic Island Link": {"mae": 17.077460864230275, "mse": 377.16467946551188, "best_function": 0, "parameters": [1.0, 1.0, 1.0, 1.0, 1.0, 1.0, 1.0]}}, "street_tally": [2.0, 0.0, 0.0]}