{"nature_results": {"Dual Carriageway": {"mae": 9.8153667707025303, "mse": 168.17254804347263, "best_function": 2, "parameters": [5.3433854011016297, 3.909413778757834, -1.2521876187178385, 1.0, 0.18653302044390008, -2.3436840762868694, 8.264842808047062, -6.0318266568675574, 36.836265513137839]}}, "street_tally": [0.0, 0.0, 1.0]}