{"nature_results": {"Single Carriageway": {"mae": 6.8197618103472664, "mse": 78.587767013007991, "best_function": 2, "parameters": [17.314708660955844, 25.138558623235909, -2.5976995937987453, 1.0, -0.16114604644478581, 1.6643496066122401, -4.9719928130677387, 4.9643775940872477, 33.6437094222903]}}, "street_tally": [0.0, 0.0, 1.0]}