{"nature_results": {"Single Carriageway": {"mae": 28.92633353787501, "mse": 1268.1721514042147, "best_function": 1, "parameters": [-0.094873454760839637, 0.9922976483711301, 1.0532266334062033, 1.0855548888761495, 0.96166198458048491, -1.5895264020359647, 1.0, 24.977337290897694]}, "Traffic Island Link": {"mae": 72.500932555805122, "mse": 9159.4578436307893, "best_function": 1, "parameters": [0.49230313191096442, 0.98870781247281947, 1.0518217601721598, 0.80440705524386757, 1.0643217334181048, -1.372300556725973, 1.0, 25.776901747701732]}}, "street_tally": [0.0, 2.0, 0.0]}