{"nature_results": {"Traffic Island Link At Junction": {"mae": 14.169961879754105, "mse": 252.36374449688239, "best_function": 0, "parameters": [1.0, 1.0, 1.0, 1.0, 1.0, 1.0, 1.0]}, "Single Carriageway": {"mae": 3.2469778644547613, "mse": 45.738326304611491, "best_function": 2, "parameters": [7.3120627305877637, 2.921224268388773, 0.2632605774966621, 1.0, -0.072767766170650727, 0.87824825445226706, -3.2832612066953377, 3.6477707961760228, 22.076652796845085]}}, "street_tally": [1.0, 0.0, 1.0]}