{"nature_results": {"Single Carriageway": {"mae": 24.745489629695676, "mse": 698.77488163239286, "best_function": 0, "parameters": [1.0, 1.0, 1.0, 1.0, 1.0, 1.0, 1.0]}}, "street_tally": [1.0, 0.0, 0.0]}