{"nature_results": {"Traffic Island Link At Junction": {"mae": 10.757122740230354, "mse": 136.81803133634898, "best_function": 0, "parameters": [1.0, 1.0, 1.0, 1.0, 1.0, 1.0, 1.0]}, "Single Carriageway": {"mae": 20.761144692540775, "mse": 465.80055119982967, "best_function": 0, "parameters": [1.0, 1.0, 1.0, 1.0, 1.0, 1.0, 1.0]}, "Dual Carriageway": {"mae": 8.2982606797661802, "mse": 81.575617551504678, "best_function": 1, "parameters": [2.4252806978918136, 0.98113428119933532, 1.0036826859605934, -0.18762583087946849, 1.4375174804074453, -2.5877439887906406, 1.0, 14.274532240959765]}}, "street_tally": [2.0, 1.0, 0.0]}