{"nature_results": {"Traffic Island Link At Junction": {"mae": 6.0970608163156621, "mse": 57.40520370972763, "best_function": 2, "parameters": [-0.033119534753313307, 1.6701310340828104, 1.4094028283848805, 1.0, 0.013752073193474268, -0.15596209057523591, 0.422662148529937, 0.2934662918288482, 22.600492735222669]}, "Single Carriageway": {"mae": 4.0818347235183747, "mse": 29.325201761723566, "best_function": 0, "parameters": [-3.037776351018354, 2.3090573692895844, -0.73579750167687852, 1.0, 0.15029588896897672, 0.93920560010544207, 31.337942403631892]}, "Roundabout": {"mae": 23.625519261393411, "mse": 768.15433930752249, "best_function": 0, "parameters": [1.0, 1.0, 1.0, 1.0, 1.0, 1.0, 1.0]}, "Dual Carriageway": {"mae": 5.6361681280239493, "mse": 319.16030876041998, "best_function": 2, "parameters": [25.037606440491416, 17.122396741282106, -0.16674308685508255, 1.0, 0.026352594772396265, -0.24376963925180783, 0.64451091599534405, -1.0782109318481949, 39.187804230337044]}, "Slip Road": {"mae": 4.6720063492075834, "mse": 35.873400564126705, "best_function": 2, "parameters": [9.1001653730112988, 0.60237199166752875, -1.4489022614957014, 1.0, 0.017746645513747494, -0.034284201935034009, -0.74790742405050326, 2.8004448001000934, 21.006041673864949]}}, "street_tally": [2.0, 0.0, 3.0]}