{"nature_results": {"Traffic Island Link At Junction": {"mae": 5.6695739164238166, "mse": 49.768499442575163, "best_function": 2, "parameters": [5.5051487048055749, 7.8017108753584319, 0.86365594395144885, 1.0, -0.06472330798820547, 0.85484071687501428, -3.563424257388017, 5.2666124824323068, 27.170826780551682]}, "Single Carriageway": {"mae": 5.3060253930644521, "mse": 43.761158871998497, "best_function": 2, "parameters": [4.0556875115185385, 8.0267644905985165, 1.1877850251392674, 1.0, -0.14139751692546132, 1.5252605219374686, -4.9124811985756063, 5.1066180864247501, 32.095878348664002]}, "Dual Carriageway": {"mae": 3.5106526262354123, "mse": 23.784180010149516, "best_function": 1, "parameters": [2.2659972003959581, 1.0223697423839393, 1.0177194370207296, -0.1139301374131847, 1.4113042169866792, 4.2823036045013145, 1.0, 23.34033239794411]}, "Roundabout": {"mae": 6.1263440992814262, "mse": 73.466678777183475, "best_function": 2, "parameters": [17.794626944762349, 8.2839193635562793, -0.36492775098415575, 1.0, -0.19655632742389106, 2.27694699418812, -7.6513076314136814, 6.7222150919329398, 27.316703632543341]}}, "street_tally": [0.0, 1.0, 3.0]}