{"nature_results": {"Traffic Island Link At Junction": {"mae": 5.6973002314883709, "mse": 49.090540309414031, "best_function": 2, "parameters": [16.143760311298166, 10.673180346559588, -0.062172274105306347, 1.0, 0.074908546476679105, -0.78658252738219447, 1.9758530268166472, 0.74483210047916282, 22.329563961188303]}, "Single Carriageway": {"mae": 4.9765244400506043, "mse": 45.404883738196204, "best_function": 2, "parameters": [29.61552623886919, 20.656952191723857, 0.86775674116102974, 1.0, -0.088836726831174717, 1.0900597292154897, -4.2641957547870506, 5.7962055756930457, 31.728402616795531]}, "Roundabout": {"mae": 26.079470367471409, "mse": 988.69333425501509, "best_function": 0, "parameters": [1.0, 1.0, 1.0, 1.0, 1.0, 1.0, 1.0]}, "Slip Road": {"mae": 10.688259593594175, "mse": 140.6984560881119, "best_function": 0, "parameters": [1.0, 1.0, 1.0, 1.0, 1.0, 1.0, 1.0]}}, "street_tally": [2.0, 0.0, 2.0]}