{"nature_results": {"Single Carriageway": {"mae": 30.929383517634129, "mse": 1011.6326261293882, "best_function": 0, "parameters": [1.0, 1.0, 1.0, 1.0, 1.0, 1.0, 1.0]}}, "street_tally": [1.0, 0.0, 0.0]}