{"nature_results": {"Single Carriageway": {"mae": 4.9611474663012238, "mse": 45.391598567955164, "best_function": 2, "parameters": [-6.5710864842632688, 2.1824297677515299, -4.0486780752120408, 1.0, 0.10710006956435647, -1.6104498810446692, 6.9776785962662142, -6.9711986177420737, 30.669209191045809]}, "Dual Carriageway": {"mae": 6.9460923646801849, "mse": 84.685982318397734, "best_function": 2, "parameters": [-0.6922306807521974, 5.005710685005953, 2.3059953979470533, 1.0, 0.14838487004202694, -1.8379991738322321, 6.6233592900332416, -5.5268839536961796, 18.90023931382872]}}, "street_tally": [0.0, 0.0, 2.0]}