{"nature_results": {"Dual Carriageway": {"mae": 6.9088935348599261, "mse": 67.931339621278354, "best_function": 1, "parameters": [3.0170298418598902, 0.99210493575187275, 1.0002758175399298, -0.42834524020680131, 1.5174622025349116, -2.9802846215908643, 1.0, 28.090435310252978]}}, "street_tally": [0.0, 1.0, 0.0]}