{"nature_results": {"Traffic Island Link At Junction": {"mae": 8.0209680927207803, "mse": 95.911496237330326, "best_function": 2, "parameters": [-4.0890529751558562, 1.5038728198886688, -0.95366997522586505, 1.0, -0.056396523823929678, 0.80774516977912991, -4.387841027987843, 10.095300895287856, 14.266195807431862]}, "Single Carriageway": {"mae": 23.898111957844602, "mse": 641.77636696447053, "best_function": 0, "parameters": [1.0, 1.0, 1.0, 1.0, 1.0, 1.0, 1.0]}, "Traffic Island Link": {"mae": 15.971784352762239, "mse": 377.79591197154946, "best_function": 0, "parameters": [1.0, 1.0, 1.0, 1.0, 1.0, 1.0, 1.0]}}, "street_tally": [2.0, 0.0, 1.0]}