{"nature_results": {"Traffic Island Link At Junction": {"mae": 18.048480263826061, "mse": 375.02114953597481, "best_function": 0, "parameters": [1.0, 1.0, 1.0, 1.0, 1.0, 1.0, 1.0]}, "Single Carriageway": {"mae": 22.748580637719847, "mse": 580.15228205392555, "best_function": 0, "parameters": [1.0, 1.0, 1.0, 1.0, 1.0, 1.0, 1.0]}, "Roundabout": {"mae": 6.8528536147117647, "mse": 97.64183362128216, "best_function": 0, "parameters": [45.147187159599639, 31.191965739744724, 1.5033401963227266, 1.0, -0.66172156287028994, 1.1444503528701513, 27.66098401918115]}}, "street_tally": [3.0, 0.0, 0.0]}