{"nature_results": {"Traffic Island Link At Junction": {"mae": 5.65389673155914, "mse": 76.303268515317285, "best_function": 2, "parameters": [-2.0385779878177104, 8.5118062006424609, 0.21378341680954982, 1.0, -0.16350588406533095, 1.9103225995871438, -7.2263525589235211, 10.286560522683461, 16.8984562855387]}}, "street_tally": [0.0, 0.0, 1.0]}