{"nature_results": {"Single Carriageway": {"mae": 6.1488525346273315, "mse": 71.324752337085641, "best_function": 2, "parameters": [4.9740317838118635, 5.9891875363642741, -0.085697785610862276, 1.0, 0.11386492091789968, -1.3184559584115978, 4.3664438269737742, -2.9876503563024057, 21.500808210905273]}}, "street_tally": [0.0, 0.0, 1.0]}