{"nature_results": {"Traffic Island Link At Junction": {"mae": 7.5547603701476653, "mse": 83.340586210982721, "best_function": 0, "parameters": [1.0, 1.0, 1.0, 1.0, 1.0, 1.0, 1.0]}, "Single Carriageway": {"mae": 12.522787628936978, "mse": 237.60211724412611, "best_function": 1, "parameters": [1.4408821203678868, 0.86328693657848343, 0.91850943941482444, 0.28112915585465381, 1.2665768182228372, -2.5241522416413535, 1.0, 25.544191245841866]}, "Dual Carriageway": {"mae": 6.5878007315476212, "mse": 57.157297379003545, "best_function": 0, "parameters": [69.973722911841648, 57.56230579148469, -1.582494509861033, 1.0, 1.6694616799948832, 0.45959203236203305, 16.15082963571167]}}, "street_tally": [2.0, 1.0, 0.0]}