{"nature_results": {"Traffic Island Link At Junction": {"mae": 11.430241220330714, "mse": 199.79233361231422, "best_function": 1, "parameters": [0.051593383142840787, 0.99844462263362543, 1.0011836243010737, 0.97080034532940429, 1.0116455715184496, -1.6673690182788254, 1.0, 25.255232221076088]}, "Single Carriageway": {"mae": 6.7761220956469383, "mse": 78.494151742895824, "best_function": 2, "parameters": [-1.9834283706145386, 3.3652990799075941, -2.8072185998162742, 1.0, 0.0051992379491810903, -0.27633715758502508, 1.8582799737179716, -2.1676092392327755, 39.439207655964509]}, "Dual Carriageway": {"mae": 32.387198966558636, "mse": 1094.4137037462372, "best_function": 0, "parameters": [1.0, 1.0, 1.0, 1.0, 1.0, 1.0, 1.0]}, "Roundabout": {"mae": 5.0924816720857491, "mse": 51.151577785126413, "best_function": 2, "parameters": [6.8277692294008743, 0.00084825012376377185, -0.6733759027230275, 1.0, 0.022708892638964584, -0.4906206528359196, 3.0619918121800724, -5.0287630254321201, 22.424319127701121]}}, "street_tally": [1.0, 1.0, 2.0]}