{"nature_results": {"Traffic Island Link At Junction": {"mae": 7.6410387138020628, "mse": 117.57942725801814, "best_function": 0, "parameters": [1.0, 1.0, 1.0, 1.0, 1.0, 1.0, 1.0]}, "Single Carriageway": {"mae": 26.269313556778503, "mse": 746.31075525335427, "best_function": 0, "parameters": [1.0, 1.0, 1.0, 1.0, 1.0, 1.0, 1.0]}, "Dual Carriageway": {"mae": 5.8751806045181576, "mse": 61.74744939018197, "best_function": 2, "parameters": [3.233750310371927, 3.0127697805778411, 1.9082572630770465, 1.0, 0.014368798592929721, -0.088868916894226047, -0.23025544137626919, 1.5687883475399449, 29.885893706991308]}, "Traffic Island Link": {"mae": 8.7214088161407766, "mse": 118.77054736643387, "best_function": 1, "parameters": [2.5375671016620336, 0.98316130353397924, 1.0228515546648809, -0.22257906849284881, 1.4469976534545097, -1.1944716129990862, 1.0, 24.741536599148276]}}, "street_tally": [2.0, 1.0, 1.0]}