{"nature_results": {"Traffic Island Link At Junction": {"mae": 25.65134493876289, "mse": 770.19070674676186, "best_function": 0, "parameters": [1.0, 1.0, 1.0, 1.0, 1.0, 1.0, 1.0]}, "Single Carriageway": {"mae": 5.7183211641528668, "mse": 56.448107876272815, "best_function": 2, "parameters": [1.4462197036165265, 1.6264394456261999, -1.528520306243625, 1.0, -0.10079159822160588, 1.2576864921124213, -4.8889983257899745, 5.7547357945736195, 30.183983962282703]}, "Dual Carriageway": {"mae": 9.0588856409616678, "mse": 112.9428871413706, "best_function": 2, "parameters": [24.669561707341931, 17.956971886495424, -1.9727334024917509, 1.0, -0.19088792530769583, 2.3161340964000035, -8.4752085614643118, 8.1725612208974088, 24.298368579788928]}, "Traffic Island Link": {"mae": 26.478260027661964, "mse": 788.23120572863661, "best_function": 0, "parameters": [1.0, 1.0, 1.0, 1.0, 1.0, 1.0, 1.0]}}, "street_tally": [2.0, 0.0, 2.0]}