{"nature_results": {"Traffic Island Link At Junction": {"mae": 21.63685195732371, "mse": 468.15336262314287, "best_function": 0, "parameters": [1.0, 1.0, 1.0, 1.0, 1.0, 1.0, 1.0]}, "Single Carriageway": {"mae": 22.31564376074833, "mse": 497.98795645662585, "best_function": 0, "parameters": [1.0, 1.0, 1.0, 1.0, 1.0, 1.0, 1.0]}}, "street_tally": [2.0, 0.0, 0.0]}