{"nature_results": {"Dual Carriageway": {"mae": 34.124373883669669, "mse": 1266.6142801520077, "best_function": 0, "parameters": [1.0, 1.0, 1.0, 1.0, 1.0, 1.0, 1.0]}}, "street_tally": [1.0, 0.0, 0.0]}