{"nature_results": {"Traffic Island Link At Junction": {"mae": 7.5988998319415133, "mse": 87.372814882234564, "best_function": 0, "parameters": [1.0, 1.0, 1.0, 1.0, 1.0, 1.0, 1.0]}, "Single Carriageway": {"mae": 294.91652805900145, "mse": 181939.58823222065, "best_function": 1, "parameters": [1.0, 1.0, 1.0, 1.0, 1.0, 1.0, 1.0, 1.0]}}, "street_tally": [1.0, 1.0, 0.0]}