{"nature_results": {"Traffic Island Link At Junction": {"mae": 11.848123732915385, "mse": 209.36397102590323, "best_function": 0, "parameters": [1.0, 1.0, 1.0, 1.0, 1.0, 1.0, 1.0]}, "Single Carriageway": {"mae": 5.230386681677782, "mse": 48.998449416874607, "best_function": 1, "parameters": [1.8868692241913037, 0.9912190844589408, 0.9951733653258682, 0.11893032583193597, 1.3167734854137696, 1.4999280500416778, 1.0, 20.793061380917063]}, "Traffic Island Link": {"mae": 4.9379009432258103, "mse": 42.69592827465425, "best_function": 1, "parameters": [2.3909611189476667, 0.97855459138112644, 1.0079894094038959, -0.15610236965342383, 1.4236282269322271, 1.4132506665037448, 1.0, 27.893040217467753]}}, "street_tally": [1.0, 2.0, 0.0]}