{"nature_results": {"Single Carriageway": {"mae": 14.926474620346115, "mse": 240.82814544355566, "best_function": 0, "parameters": [1.0, 1.0, 1.0, 1.0, 1.0, 1.0, 1.0]}}, "street_tally": [1.0, 0.0, 0.0]}