{"nature_results": {"Single Carriageway": {"mae": 8.1411962386086767, "mse": 85.409225238112256, "best_function": 1, "parameters": [2.8240152387022985, 1.2327679713454902, 1.1444645547544734, -0.32917586072614524, 1.479975587200473, 2.5274462848170716, 1.0, 10.096203301268039]}}, "street_tally": [0.0, 1.0, 0.0]}