{"nature_results": {"Single Carriageway": {"mae": 9.1693874826645398, "mse": 151.19357420772505, "best_function": 2, "parameters": [4.4947746159018962, 6.0699273857620133, -0.80275543754367118, 1.0, -0.0092839472598231776, 0.074632800797595822, -0.51106131904786922, 2.2800508187251696, 17.955006193763104]}, "Dual Carriageway": {"mae": 7.3521767563855853, "mse": 93.380294453712466, "best_function": 2, "parameters": [-0.056996182878520596, 3.6795163951523802, 0.14098279886404719, 1.0, -0.00047727870115776838, -0.067269466352469554, 0.24891626419645241, 0.9522584967658454, 24.291995901633857]}, "Slip Road": {"mae": 7.0268667891861538, "mse": 80.928609819299794, "best_function": 2, "parameters": [5.5285846719790319, 6.2471654894553046, -0.40941477659867576, 1.0, 0.043143089270954116, -0.53645373895438864, 1.9055328311213375, -1.509251648860503, 24.627282607375758]}}, "street_tally": [0.0, 0.0, 3.0]}