{"nature_results": {"Traffic Island Link At Junction": {"mae": 6.0918270091793048, "mse": 63.96588660205844, "best_function": 1, "parameters": [2.5903989561139031, 0.99231112067326865, 1.0023584593353048, -0.26343492664283441, 1.463923207468985, -0.50682753379572376, 1.0, 21.966778854554995]}, "Single Carriageway": {"mae": 5.2969300384099567, "mse": 48.382164822244839, "best_function": 2, "parameters": [-1.2049717758462934, 3.4305688338864972, 0.69458933873594475, 1.0, -0.028086230071442397, 0.26041436403746043, -1.2141196011150064, 3.5644312848135993, 26.878372480990361]}, "Traffic Island Link": {"mae": 6.816549328954145, "mse": 85.187788312910143, "best_function": 2, "parameters": [-0.69405680257624125, 4.7044671250376116, -0.47911915541367467, 1.0, -0.008087257642094503, 0.01202500264058759, -0.2508452968540773, 2.1347347275262152, 31.794863443279709]}}, "street_tally": [0.0, 1.0, 2.0]}