{"nature_results": {"Single Carriageway": {"mae": 20.498240893018618, "mse": 457.49094456645946, "best_function": 0, "parameters": [1.0, 1.0, 1.0, 1.0, 1.0, 1.0, 1.0]}}, "street_tally": [1.0, 0.0, 0.0]}