{"nature_results": {"Traffic Island Link At Junction": {"mae": 8.4710321952375924, "mse": 88.475605119448304, "best_function": 0, "parameters": [1.0, 1.0, 1.0, 1.0, 1.0, 1.0, 1.0]}, "Single Carriageway": {"mae": 6.7658852072215838, "mse": 73.83732443319461, "best_function": 2, "parameters": [-0.3168276430872512, 7.506778159874111, 1.8952228978153833, 1.0, -0.011858338221753417, 0.1163190117368178, -0.31571507013368127, -0.095803379774500153, 22.758229571850741]}}, "street_tally": [1.0, 0.0, 1.0]}