{"nature_results": {"Single Carriageway": {"mae": 5.9503594412229033, "mse": 60.766490243766626, "best_function": 2, "parameters": [5.7182399393656986, 1.9888585854422534, 0.52049557858996276, 1.0, 0.017203640564875444, -0.24302713012492627, 0.77256952054684747, 0.45507537887960281, 19.316531664985956]}, "Slip Road": {"mae": 10.570394242419129, "mse": 137.01712525211158, "best_function": 0, "parameters": [1.0, 1.0, 1.0, 1.0, 1.0, 1.0, 1.0]}}, "street_tally": [1.0, 0.0, 1.0]}