{"nature_results": {"Single Carriageway": {"mae": 25.782132537067056, "mse": 692.50700081510445, "best_function": 0, "parameters": [1.0, 1.0, 1.0, 1.0, 1.0, 1.0, 1.0]}, "Roundabout": {"mae": 7.0399675459094091, "mse": 84.325704966504958, "best_function": 2, "parameters": [0.16117299903687921, 2.244289614449098, 0.46757493540473183, 1.0, 0.13744437845731516, -1.5467470630179232, 4.0385497135215402, 2.1652981177461395, 20.844017968661998]}, "Traffic Island Link": {"mae": 24.170182733654688, "mse": 683.49140559770206, "best_function": 0, "parameters": [1.0, 1.0, 1.0, 1.0, 1.0, 1.0, 1.0]}, "Traffic Island Link At Junction": {"mae": 16.931481025246512, "mse": 329.00715015530562, "best_function": 0, "parameters": [1.0, 1.0, 1.0, 1.0, 1.0, 1.0, 1.0]}, "Slip Road": {"mae": 14.673970641411328, "mse": 230.13216649836585, "best_function": 0, "parameters": [1.0, 1.0, 1.0, 1.0, 1.0, 1.0, 1.0]}, "Dual Carriageway": {"mae": 24.685633556268218, "mse": 739.81598032201282, "best_function": 0, "parameters": [1.0, 1.0, 1.0, 1.0, 1.0, 1.0, 1.0]}}, "street_tally": [5.0, 0.0, 1.0]}