{"nature_results": {"Single Carriageway": {"mae": 4.7154209588470684, "mse": 39.133285363616828, "best_function": 2, "parameters": [3.1875357544379139, 4.1608087066027268, -1.1719251491166136, 1.0, -0.14952349839987877, 1.8632530659619619, -7.6547083054849558, 11.59892692746355, 29.762141271659534]}, "Dual Carriageway": {"mae": 7.9204489810594492, "mse": 106.34829413133616, "best_function": 2, "parameters": [-2.7735636740920153, 7.7300438479746836, -3.2721200803329085, 1.0, 0.0040262801679596949, -0.19956264600970552, 0.98778894423270081, 0.86377770509609242, 26.403097331473898]}, "Traffic Island Link": {"mae": 5.115644540302644, "mse": 44.039005707980806, "best_function": 2, "parameters": [-7.7984710705017157, 3.6641902245673346, -2.5935549671833562, 1.0, -0.035083011790758123, 0.44246011021579079, -2.3107667687087243, 6.5789254138251376, 32.325467600844497]}}, "street_tally": [0.0, 0.0, 3.0]}