{"nature_results": {"Single Carriageway": {"mae": 6.187097260329617, "mse": 62.811590294210013, "best_function": 0, "parameters": [17.200245663921226, 16.276977300837217, 0.53910107911493732, 1.0, 1.7509215713642141, 0.099446765580618934, 26.882213275547215]}}, "street_tally": [1.0, 0.0, 0.0]}