{"nature_results": {"Single Carriageway": {"mae": 6.6363462548301646, "mse": 74.613830166289119, "best_function": 2, "parameters": [75.341649514772385, 76.668880452879208, -7.2753607708229922, 1.0, -0.16560333329717358, 2.4027276916497158, -11.040350012784291, 17.513893624744746, 22.100233236495058]}, "Dual Carriageway": {"mae": 6.6514754143178667, "mse": 68.889425389361818, "best_function": 0, "parameters": [4.1075519224913482, 12.94447665274811, -1.504014043715769, 1.0, 1.9963867966579838, 0.40278154239807962, 16.86823830299771]}, "Traffic Island Link": {"mae": 7.7685643968607883, "mse": 103.06147274857624, "best_function": 2, "parameters": [106.76960771263724, 74.700910326629767, 6.0453654287483696, 1.0, -0.39324637744569912, 5.1548469016653442, -20.643088078286997, 23.727795702872253, 22.284788793856926]}}, "street_tally": [1.0, 0.0, 2.0]}