{"nature_results": {"Dual Carriageway": {"mae": 7.1449928509389311, "mse": 138.89434354079793, "best_function": 2, "parameters": [2.6755547710018774, 4.3495987767050472, -0.69363686588639739, 1.0, 0.039057519637248017, -0.63905273909577831, 2.8970780329763368, -3.2259024239878284, 27.614216513142416]}}, "street_tally": [0.0, 0.0, 1.0]}