{"nature_results": {"Traffic Island Link At Junction": {"mae": 3.8554454571510783, "mse": 25.764003468737883, "best_function": 0, "parameters": [6.1118318987654163, 3.7659622099632988, 0.41661856199374103, 1.0, 1.0233595060591913, 0.31328687334514349, 22.574221825273739]}, "Single Carriageway": {"mae": 7.9493631483641387, "mse": 108.43517331235749, "best_function": 2, "parameters": [13.314402429525767, 9.0763017077154817, -0.7653004167910793, 1.0, 0.047710180019710724, -0.39914974837675055, 0.29019893074421921, 2.072138097549419, 27.470096492000039]}, "Dual Carriageway": {"mae": 6.6473476282615458, "mse": 78.41211783621975, "best_function": 2, "parameters": [11.387853041903666, 4.0035675818774745, -0.23168192693577438, 1.0, -0.065073999495017576, 0.72244777401596694, -2.4748032106725106, 2.5930348982392415, 30.955063644156475]}}, "street_tally": [1.0, 0.0, 2.0]}