{"nature_results": {"Traffic Island Link At Junction": {"mae": 2.8211098604946834, "mse": 15.384829577950546, "best_function": 2, "parameters": [0.60944813112330776, 0.31113052446678324, 0.37556743589338959, 1.0, 0.019040679465232357, -0.29976950591522944, 1.1605993645670654, -0.81784704421455667, 18.4328653145052]}, "Single Carriageway": {"mae": 23.415378160956369, "mse": 594.93843961847256, "best_function": 0, "parameters": [1.0, 1.0, 1.0, 1.0, 1.0, 1.0, 1.0]}, "Slip Road": {"mae": 7.9365835253232957, "mse": 90.052193467644258, "best_function": 0, "parameters": [1.0, 1.0, 1.0, 1.0, 1.0, 1.0, 1.0]}}, "street_tally": [2.0, 0.0, 1.0]}