{"nature_results": {"Traffic Island Link At Junction": {"mae": 4.6723716384256884, "mse": 29.88782293775737, "best_function": 2, "parameters": [467.38773773792462, 179.39910992232396, -5.6242218354748994, 1.0, -31.339085069369915, 438.45480118181496, -1971.6447695895015, 2813.4597180084297, 26.533661011455695]}, "Single Carriageway": {"mae": 9.3819862494396649, "mse": 113.85398376552176, "best_function": 0, "parameters": [564.33612175553537, 205.90866450694472, 2.7093452781981653, 1.0, 0.27920601836683911, 0.31126806442451471, 26.032876644861837]}}, "street_tally": [1.0, 0.0, 1.0]}