{"nature_results": {"Single Carriageway": {"mae": 22.108988214453976, "mse": 549.35075254996309, "best_function": 0, "parameters": [1.0, 1.0, 1.0, 1.0, 1.0, 1.0, 1.0]}, "Slip Road": {"mae": 17.545387647926294, "mse": 348.77471348866777, "best_function": 0, "parameters": [1.0, 1.0, 1.0, 1.0, 1.0, 1.0, 1.0]}}, "street_tally": [2.0, 0.0, 0.0]}