{"nature_results": {"Single Carriageway": {"mae": 15.568447967881623, "mse": 308.53311300080804, "best_function": 0, "parameters": [1.0, 1.0, 1.0, 1.0, 1.0, 1.0, 1.0]}, "Dual Carriageway": {"mae": 24.950851027007399, "mse": 657.36865003661171, "best_function": 0, "parameters": [1.0, 1.0, 1.0, 1.0, 1.0, 1.0, 1.0]}}, "street_tally": [2.0, 0.0, 0.0]}