{"nature_results": {"Traffic Island Link At Junction": {"mae": 33.539714877800968, "mse": 4131.6773480611937, "best_function": 1, "parameters": [0.38540546460911751, 0.98083667801390706, 1.019969437731981, 0.92833304421007845, 1.0042188819195259, 1.7197217765810575, 1.0, 15.53605384097999]}, "Single Carriageway": {"mae": 17.262250098451418, "mse": 23639.853641668593, "best_function": 0, "parameters": [23.764806891750954, 12.240908358783821, 3.1714666169032024, 1.0, -0.012373891639739343, 0.98652365855882085, 22.718309045529182]}, "Slip Road": {"avg_speed": {"mae": 17.262250098451418, "mse": 23639.853641668593, "best_function": 0, "parameters": [23.764806891750954, 12.240908358783821, 3.1714666169032024, 1.0, -0.012373891639739343, 0.98652365855882085, 22.718309045529182]}}}, "street_tally": [1.0, 1.0, 0.0]}