{"nature_results": {"Single Carriageway": {"mae": 32.253483812700487, "mse": 1106.9370732933633, "best_function": 0, "parameters": [1.0, 1.0, 1.0, 1.0, 1.0, 1.0, 1.0]}, "Slip Road": {"mae": 7.3919996195801057, "mse": 98.302406190992031, "best_function": 2, "parameters": [-0.92823763761484757, 8.2867293432596298, -0.60109286490925595, 1.0, -0.36228481995290918, 3.8683561194804073, -12.543434810415961, 13.507588756570621, 12.810175872192621]}, "Dual Carriageway": {"mae": 6.5557621371480108, "mse": 78.836410344430021, "best_function": 2, "parameters": [4.1093087586320216, 4.8002705531112166, -1.6460624435122209, 1.0, -0.15685323112741467, 1.8266477533833383, -6.8275462400687452, 8.9483355404935789, 34.30849175655424]}, "Traffic Island Link": {"mae": 35.768515791410444, "mse": 1365.4413743457033, "best_function": 0, "parameters": [1.0, 1.0, 1.0, 1.0, 1.0, 1.0, 1.0]}}, "street_tally": [2.0, 0.0, 2.0]}