{"nature_results": {"Dual Carriageway": {"mae": 14.826816738774788, "mse": 421.67015323098479, "best_function": 0, "parameters": [1.0, 1.0, 1.0, 1.0, 1.0, 1.0, 1.0]}}, "street_tally": [1.0, 0.0, 0.0]}