{"nature_results": {"Traffic Island Link At Junction": {"mae": 12.352529348884218, "mse": 196.50306829141505, "best_function": 0, "parameters": [1.0, 1.0, 1.0, 1.0, 1.0, 1.0, 1.0]}, "Single Carriageway": {"mae": 23.828906239151827, "mse": 615.02434850349903, "best_function": 0, "parameters": [1.0, 1.0, 1.0, 1.0, 1.0, 1.0, 1.0]}}, "street_tally": [2.0, 0.0, 0.0]}