{"nature_results": {"Traffic Island Link At Junction": {"mae": 8.7766456937020223, "mse": 94.753275756394515, "best_function": 2, "parameters": [177.98797059049105, 109.15794119391316, -0.42534758483547996, 1.0, 0.1791852864273572, -2.2394135454348274, 8.3136111503991312, -8.3360889164563456, 14.850988231167868]}, "Single Carriageway": {"mae": 4.5399827619226105, "mse": 36.763398332959667, "best_function": 2, "parameters": [26.364371583950206, 12.312548223648184, -2.1042316529666207, 1.0, 0.043297180793065326, -0.77056996125699206, 4.0644050690075595, -5.7915313535989341, 26.956593202033542]}}, "street_tally": [0.0, 0.0, 2.0]}