{"nature_results": {"Single Carriageway": {"mae": 6.1520975681736783, "mse": 61.571036312380421, "best_function": 2, "parameters": [-6.9113738515118035, 0.19555657074256672, 1.3005178728675697, 1.0, -0.0042937739573563061, -0.23373276178961899, 1.9714286169689781, -2.8440614367552679, 30.236697137566136]}}, "street_tally": [0.0, 0.0, 1.0]}