{"nature_results": {"Single Carriageway": {"mae": 5.5599511351648605, "mse": 73.625867169578541, "best_function": 2, "parameters": [1.8914093907828302, 2.7577684658220409, -3.2862571403349525, 1.0, -0.0015434837357419795, -0.047034784309040178, 0.095801798112026049, 1.5098328058193689, 35.962993214417118]}, "Dual Carriageway": {"mae": 10.086048773512125, "mse": 150.52685156376361, "best_function": 1, "parameters": [2.4985656400699421, 1.0212169800585205, 1.0233481543794241, -0.17699320238630345, 1.4258777549035475, -1.8636428156145044, 1.0, 22.329270130454322]}}, "street_tally": [0.0, 1.0, 1.0]}