{"nature_results": {"Traffic Island Link At Junction": {"mae": 21.380271220651167, "mse": 538.33026817652944, "best_function": 0, "parameters": [1.0, 1.0, 1.0, 1.0, 1.0, 1.0, 1.0]}, "Single Carriageway": {"mae": 8.863838143689069, "mse": 114.06178816331426, "best_function": 1, "parameters": [2.8210666747010062, 1.0235598305680558, 1.0229175824462031, -0.31998569669203536, 1.4750621497877887, -2.8033624478027805, 1.0, 31.923730370898706]}, "Roundabout": {"mae": 23.148136335483642, "mse": 664.43799246852154, "best_function": 0, "parameters": [1.0, 1.0, 1.0, 1.0, 1.0, 1.0, 1.0]}, "Dual Carriageway": {"mae": 4.7330310575725454, "mse": 121.52113127657557, "best_function": 2, "parameters": [2.9081337869527495, 4.0841423380830886, -3.6003209365298261, 1.0, 0.11857501796115033, -1.5662960789961682, 6.1592427077316954, -6.1718537210693407, 32.533403134367362]}, "Traffic Island Link": {"mae": 10.394582117286685, "mse": 154.70665324978893, "best_function": 1, "parameters": [2.8224198773970697, 1.0468535853904635, 1.0366554758360782, -0.34301916731503113, 1.4874819100523733, -4.396138793296716, 1.0, 33.215857604058677]}}, "street_tally": [2.0, 2.0, 1.0]}