{"nature_results": {"Single Carriageway": {"mae": 6.5822189752326885, "mse": 75.099283359442907, "best_function": 2, "parameters": [1.4913192268175388, 1.7480616572736078, -0.083100652867566627, 1.0, 0.0083437106577822773, -0.13344577197114815, 0.32496933145019125, 0.95117593848154991, 21.100771325921507]}}, "street_tally": [0.0, 0.0, 1.0]}