{"nature_results": {"Traffic Island Link At Junction": {"mae": 7.7316177717459569, "mse": 115.77387038246273, "best_function": 2, "parameters": [9.2992093936476934, 2.5526239729614946, 0.32328720140592859, 1.0, -0.0091653881076847465, 0.064014374839927002, -0.47365871859780695, 2.5449496562482827, 30.963537285444353]}, "Single Carriageway": {"mae": 5.8389583415209598, "mse": 62.406747603441715, "best_function": 2, "parameters": [3.4705451559906626, 3.6992919094017664, -1.4936276265933803, 1.0, 0.013774071470513571, -0.29466941062365271, 1.4938884727897817, -1.4914117221356813, 27.919234476236063]}, "Dual Carriageway": {"mae": 8.0596209770740863, "mse": 116.00151307776841, "best_function": 1, "parameters": [1.9097128531336796, 1.0122443221469113, 1.0251512335952317, 0.10037586616311345, 1.3252278723536741, -1.0780414467752251, 1.0, 22.226088295871023]}}, "street_tally": [0.0, 1.0, 2.0]}