{"nature_results": {"Single Carriageway": {"mae": 5.7208528541344732, "mse": 61.731388831475222, "best_function": 2, "parameters": [147.05864315126743, 83.713274488187835, 3.4518305218693022, 1.0, -0.09702332956751003, 1.0169627691262906, -2.6019809017822388, -0.69480946401975974, 23.010512366934378]}}, "street_tally": [0.0, 0.0, 1.0]}