{"nature_results": {"Traffic Island Link At Junction": {"mae": 4.9441965994093025, "mse": 43.629500750853687, "best_function": 2, "parameters": [4.5008249343896702, 1.1609388525121371, 0.81188837819835702, 1.0, -0.0032248205731972845, 0.083686284710557834, -0.82552192018922077, 1.9010675904341612, 23.41991895825339]}, "Single Carriageway": {"mae": 4.6396801029934664, "mse": 37.331009648737577, "best_function": 2, "parameters": [3.1285509587534266, 2.3818332272661507, 0.61542199309837708, 1.0, -0.037098455241879158, 0.45759021088818541, -1.9315053654318937, 3.0924332218145261, 39.115862771306666]}, "Dual Carriageway": {"mae": 6.3759434146411644, "mse": 73.373519740143749, "best_function": 2, "parameters": [0.49917271376732075, 0.71960200523605411, 0.27320089676991832, 1.0, -0.052471940045460297, 0.56637351716136308, -1.944086722232953, 2.4501089588596416, 37.603123684585427]}, "Slip Road": {"avg_speed": {"mae": 6.3759434146411644, "mse": 73.373519740143749, "best_function": 2, "parameters": [0.49917271376732075, 0.71960200523605411, 0.27320089676991832, 1.0, -0.052471940045460297, 0.56637351716136308, -1.944086722232953, 2.4501089588596416, 37.603123684585427]}}}, "street_tally": [0.0, 0.0, 3.0]}