{"nature_results": {"Single Carriageway": {"mae": 3.4995725108873459, "mse": 20.708245362709398, "best_function": 2, "parameters": [12.157655277183395, 2.3912664353332476, 3.0386134550715904, 1.0, 0.031372293790944417, -0.32350880654091108, 0.61729952470052862, 0.6212859966462394, 16.186197977325808]}}, "street_tally": [0.0, 0.0, 1.0]}