{"nature_results": {"Single Carriageway": {"mae": 17.184212849101417, "mse": 314.72926997659425, "best_function": 0, "parameters": [1.0, 1.0, 1.0, 1.0, 1.0, 1.0, 1.0]}}, "street_tally": [1.0, 0.0, 0.0]}