{"nature_results": {"Traffic Island Link At Junction": {"mae": 12.988749310371849, "mse": 217.41172301537173, "best_function": 0, "parameters": [1.0, 1.0, 1.0, 1.0, 1.0, 1.0, 1.0]}, "Single Carriageway": {"mae": 21.965490750935722, "mse": 553.82565277756578, "best_function": 0, "parameters": [1.0, 1.0, 1.0, 1.0, 1.0, 1.0, 1.0]}, "Roundabout": {"mae": 12.561809756097619, "mse": 239.82275705247056, "best_function": 1, "parameters": [2.7574051461643232, 0.8348388368115095, 0.91243200659204904, -0.23127020639756557, 1.433171365650928, 10.748911305555126, 1.0, 10.786281396260151]}}, "street_tally": [2.0, 1.0, 0.0]}