{"nature_results": {"Roundabout": {"mae": 7.4546116538067668, "mse": 102.22436401269364, "best_function": 1, "parameters": [-0.02638803805534784, 0.98991229607384257, 0.96028951318463684, 0.92317001332039361, 1.0436697138773603, 2.3620720223990941, 1.0, 28.481990363248705]}}, "street_tally": [0.0, 1.0, 0.0]}