{"nature_results": {"Traffic Island Link At Junction": {"mae": 15.292033118255858, "mse": 330.42688894003743, "best_function": 0, "parameters": [1.0, 1.0, 1.0, 1.0, 1.0, 1.0, 1.0]}, "Single Carriageway": {"mae": 18.073000548491102, "mse": 388.00004486529912, "best_function": 0, "parameters": [1.0, 1.0, 1.0, 1.0, 1.0, 1.0, 1.0]}}, "street_tally": [2.0, 0.0, 0.0]}