{"nature_results": {"Traffic Island Link At Junction": {"mae": 7.8100234394907107, "mse": 83.113710881361385, "best_function": 0, "parameters": [-4.6804475696356125, 0.51497298498770783, -0.6093767423808516, 1.0, 1.3550339724749105, 0.21165853527277412, 24.747867426345849]}, "Single Carriageway": {"mae": 6.2103255192695928, "mse": 65.685343906038426, "best_function": 2, "parameters": [4.7645168428406555, 5.9204643127976029, -0.50931893464094502, 1.0, 0.020953963441348145, -0.26457313460255416, 0.56937245465718767, 1.8853447032867194, 30.077813908667459]}, "Traffic Island Link": {"mae": 7.4173758334231881, "mse": 94.496336161807122, "best_function": 2, "parameters": [14.003433753109263, 12.491667390386976, -0.81919022480933856, 1.0, 0.035785776452270546, -0.36259361998914597, 0.46031231808540907, 3.0611855944948574, 30.939102270850896]}}, "street_tally": [1.0, 0.0, 2.0]}