{"nature_results": {"Single Carriageway": {"mae": 20.615037403901674, "mse": 462.47340009643176, "best_function": 0, "parameters": [1.0, 1.0, 1.0, 1.0, 1.0, 1.0, 1.0]}}, "street_tally": [1.0, 0.0, 0.0]}