{"nature_results": {"Single Carriageway": {"mae": 7.444482880254605, "mse": 85.606100311975425, "best_function": 0, "parameters": [390.48573206738314, 177.51884233053326, -5.8555429239129611, 1.0, -0.12569647164008213, 1.5869113357638349, 26.329984106419172]}}, "street_tally": [1.0, 0.0, 0.0]}