{"nature_results": {"Single Carriageway": {"mae": 17.919110571923376, "mse": 412.83660737374987, "best_function": 0, "parameters": [1.0, 1.0, 1.0, 1.0, 1.0, 1.0, 1.0]}, "Dual Carriageway": {"mae": 24.415920263920235, "mse": 669.12103770517547, "best_function": 0, "parameters": [1.0, 1.0, 1.0, 1.0, 1.0, 1.0, 1.0]}}, "street_tally": [2.0, 0.0, 0.0]}