{"nature_results": {"Single Carriageway": {"mae": 16.415667834419789, "mse": 309.90965785302075, "best_function": 0, "parameters": [1.0, 1.0, 1.0, 1.0, 1.0, 1.0, 1.0]}}, "street_tally": [1.0, 0.0, 0.0]}