{"nature_results": {"Traffic Island Link At Junction": {"mae": 27.969464590796058, "mse": 46392.814727699508, "best_function": 2, "parameters": [2.3656130362406018, 12.776485990418493, -0.58572779470498304, 1.0, -0.11703801569157646, 1.5532101261258298, -6.4256894298596281, 7.5428670970261216, 17.5228368916714]}, "Single Carriageway": {"mae": 13.376119186117295, "mse": 257.36660350514381, "best_function": 0, "parameters": [1.0, 1.0, 1.0, 1.0, 1.0, 1.0, 1.0]}}, "street_tally": [1.0, 0.0, 1.0]}