{"nature_results": {"Traffic Island Link At Junction": {"mae": 5.4397912441989495, "mse": 48.703101160412992, "best_function": 1, "parameters": [2.0577593731219346, 1.0078086676432032, 0.99851005368748047, 0.035280294749458929, 1.3477303873859687, 2.6942414708846014, 1.0, 19.554619127361907]}, "Single Carriageway": {"mae": 21.674973681468384, "mse": 694.77467822040046, "best_function": 1, "parameters": [0.093222366216111352, 0.96791714809812479, 0.98750860447923849, 0.95985597331002204, 1.0139485522912408, 0.45127731255544912, 1.0, 30.712374380841492]}, "Roundabout": {"mae": 4.9080149382239098, "mse": 41.288801832306525, "best_function": 2, "parameters": [-2.4219078352343071, 6.7180565779530745, 1.095136318538066, 1.0, -0.058654252257769768, 0.79679448339551695, -3.4988932549494383, 5.2794662230175495, 21.684668860631579]}, "Traffic Island Link": {"mae": 8.9415049324737303, "mse": 117.45115302030599, "best_function": 2, "parameters": [21.062187980812912, 31.0051278030361, -1.6467833124987417, 1.0, 0.4562352818685057, -5.808131498506258, 22.066601429264466, -21.710577842115921, 18.941409047393876]}}, "street_tally": [0.0, 2.0, 2.0]}