{"nature_results": {"Single Carriageway": {"mae": 10.310207098540493, "mse": 129.30069726993418, "best_function": 1, "parameters": [3.6273757631497063, 0.85380577592726048, 0.91431868221715884, -0.68980378932485031, 1.6081868118100173, -0.64387429609472036, 1.0, 17.835688980001581]}}, "street_tally": [0.0, 1.0, 0.0]}