{"nature_results": {"Single Carriageway": {"mae": 5.2013493336067773, "mse": 53.733216467198794, "best_function": 2, "parameters": [-0.041688631862920822, 1.1330303581991565, 0.44043959840618585, 1.0, -0.031805037499540667, 0.2342424112649254, -0.57244284310891791, 1.7141156814650698, 25.947715489592227]}}, "street_tally": [0.0, 0.0, 1.0]}