{"nature_results": {"Traffic Island Link At Junction": {"mae": 9.2765190488118385, "mse": 177.37756499874058, "best_function": 2, "parameters": [-1.7395603164326205, 3.6099895779950106, -0.30720670921090787, 1.0, 0.019430407444039233, -0.31789319031842833, 1.3557076564478214, -0.89283664077441038, 29.391474971403873]}, "Single Carriageway": {"mae": 6.483068607783971, "mse": 259.10273067539043, "best_function": 0, "parameters": [2.7645558986638696, 4.2068562758649026, 0.44903518604287196, 1.0, 1.5081395711911734, 0.18597184643716025, 29.456488110190691]}, "Slip Road": {"mae": 4.9738517342288153, "mse": 48.180811262530547, "best_function": 2, "parameters": [1.6232677672353955, 4.4947307360450246, -0.25754042792526, 1.0, 0.011625362131293837, -0.23923721531521469, 1.3858058649905123, -2.6319951797625993, 18.591884776812659]}, "Dual Carriageway": {"mae": 7.574394981989939, "mse": 96.058416482735339, "best_function": 2, "parameters": [2.3400739459518451, 0.76053982344555782, 0.2788716667899056, 1.0, -0.056730951560178378, 0.58725868880938203, -1.8646703751556846, 2.2113185660216557, 25.354471339045659]}, "Traffic Island Link": {"mae": 6.4276796605985016, "mse": 81.044361911310318, "best_function": 0, "parameters": [2.5417111075819236, 2.68671476063012, 0.2552489802093848, 1.0, 0.79503978301209688, 0.54947302737139303, 32.453013964243823]}}, "street_tally": [2.0, 0.0, 3.0]}