{"nature_results": {"Traffic Island Link At Junction": {"mae": 8.4730408746808266, "mse": 108.94992082961329, "best_function": 2, "parameters": [24.289554449432121, 17.867344456518975, -2.8984952216937687, 1.0, 0.22516597834209029, -2.5177085050994865, 7.2613205705628552, -0.81736985099943693, 19.095699074778025]}, "Single Carriageway": {"mae": 5.981401653185535, "mse": 70.253204402211267, "best_function": 2, "parameters": [18.351231700505686, 6.7716765543208757, 1.8155585452880034, 1.0, -0.10214239030317218, 1.0309622175235171, -2.9534895447195582, 2.5735322528251188, 26.877392619572301]}}, "street_tally": [0.0, 0.0, 2.0]}