{"nature_results": {"Single Carriageway": {"mae": 6.8487814419026884, "mse": 77.063197675956957, "best_function": 1, "parameters": [2.4868179912410473, 1.0026265952638247, 1.0072278231349188, -0.17899549685849125, 1.4276174523137415, -1.036309597552501, 1.0, 17.010768022897704]}, "Dual Carriageway": {"mae": 15.707823240329921, "mse": 381.03691950408927, "best_function": 0, "parameters": [1.0, 1.0, 1.0, 1.0, 1.0, 1.0, 1.0]}}, "street_tally": [1.0, 1.0, 0.0]}