{"nature_results": {"Single Carriageway": {"mae": 7.6717369987945458, "mse": 103.87586250099619, "best_function": 2, "parameters": [9.1061904500152693, 9.304768923565101, -0.32413818038631814, 1.0, -0.73725889255301635, 8.5933732966490322, -29.052059222210783, 23.930207179075367, 29.480648776873757]}, "Dual Carriageway": {"mae": 8.7505089846689241, "mse": 108.33890342802516, "best_function": 2, "parameters": [9.2671842126521184, 6.1614675380032873, -4.6318461217545215, 1.0, 0.28285099131959346, -4.0666119870767981, 17.586313097657744, -19.148007024981318, 16.179219828805408]}, "Slip Road": {"mae": 8.5152244697424777, "mse": 164.96971460214158, "best_function": 0, "parameters": [1.0, 1.0, 1.0, 1.0, 1.0, 1.0, 1.0]}}, "street_tally": [1.0, 0.0, 2.0]}