{"nature_results": {"Single Carriageway": {"mae": 7.8169514642193407, "mse": 106.18339495608009, "best_function": 2, "parameters": [229.31342583499162, 122.34566903147332, 5.5304959076246183, 1.0, 0.66979724695112763, -7.0247024812681271, 20.27738144072481, -13.235009415685168, 20.096693445081602]}}, "street_tally": [0.0, 0.0, 1.0]}