{"nature_results": {"Single Carriageway": {"mae": 8.1144917207986094, "mse": 180.11556474786707, "best_function": 0, "parameters": [1.0, 1.0, 1.0, 1.0, 1.0, 1.0, 1.0]}}, "street_tally": [1.0, 0.0, 0.0]}