{"nature_results": {"Single Carriageway": {"mae": 5.8430913122132111, "mse": 56.363537685363433, "best_function": 1, "parameters": [2.1724662037376721, 0.98725007853336233, 1.0010366150639567, -0.03026929022221414, 1.3738115314198236, -0.21401164777247872, 1.0, 27.207221511303857]}, "Traffic Island Link": {"mae": 5.7011924434439312, "mse": 55.214767986038112, "best_function": 2, "parameters": [13.95745050153228, 6.0194668315267528, -0.90795579882637978, 1.0, 0.033884057186504335, -0.3486972185210504, 0.53772731436669352, 2.4150320551321149, 31.860908287554704]}}, "street_tally": [0.0, 1.0, 1.0]}