{"nature_results": {"Single Carriageway": {"mae": 11.750739431439596, "mse": 159.0267577726176, "best_function": 0, "parameters": [1.0, 1.0, 1.0, 1.0, 1.0, 1.0, 1.0]}}, "street_tally": [1.0, 0.0, 0.0]}