{"nature_results": {"Single Carriageway": {"mae": 11.334380404249076, "mse": 183.27341699690376, "best_function": 1, "parameters": [1.5328534880084177, 0.66569033909701525, 0.79468423071415506, 0.26876561565656398, 1.2654293287749412, -3.7464848514883178, 1.0, 22.450281943886104]}}, "street_tally": [0.0, 1.0, 0.0]}