{"nature_results": {"Single Carriageway": {"mae": 6.2327308722304462, "mse": 63.098515776954351, "best_function": 2, "parameters": [-1.8239996459113668, 3.7340046709659691, -0.82588555180767176, 1.0, 0.0038588709940633459, -0.12974605947750972, 0.49494073860411436, 1.0069932065748792, 18.46054543546305]}, "Dual Carriageway": {"mae": 5.692643981722294, "mse": 49.594154850763218, "best_function": 2, "parameters": [-1.1983409746399416, 2.8205089649819106, -0.71132158195770079, 1.0, -0.0081401462714796313, -0.026728819369356893, 0.3581167028972827, 0.57538724175120604, 19.642405083102584]}}, "street_tally": [0.0, 0.0, 2.0]}