{"nature_results": {"Single Carriageway": {"mae": 7.8347586227096082, "mse": 87.786892342787269, "best_function": 1, "parameters": [2.9749256062377527, 0.99295274664304434, 1.0028301520883822, -0.40360073391799434, 1.5077103229691666, -2.3919876343517132, 1.0, 26.213006060987844]}, "Roundabout": {"mae": 25.23349423326518, "mse": 736.95801259484688, "best_function": 0, "parameters": [1.0, 1.0, 1.0, 1.0, 1.0, 1.0, 1.0]}}, "street_tally": [1.0, 1.0, 0.0]}