{"nature_results": {"Single Carriageway": {"mae": 22.489183445507205, "mse": 634.49079958388154, "best_function": 0, "parameters": [1.0, 1.0, 1.0, 1.0, 1.0, 1.0, 1.0]}, "Traffic Island Link": {"mae": 9.2829124152514737, "mse": 142.23675907935512, "best_function": 1, "parameters": [1.8914012230513964, 1.0076084763125766, 0.95721196514505813, 0.085418591458274351, 1.3352271672639036, -0.70860478363569168, 1.0, 16.470296579516855]}}, "street_tally": [1.0, 1.0, 0.0]}