{"nature_results": {"Single Carriageway": {"mae": 3.0430043733059242, "mse": 17.825257777286936, "best_function": 2, "parameters": [4.0877360226808594, 7.0515571258780012, 1.0722894488825052, 1.0, 0.17738440906360953, -2.1329511431896924, 7.237873026186489, -5.0729128712709421, 29.922150452121482]}}, "street_tally": [0.0, 0.0, 1.0]}