{"nature_results": {"Single Carriageway": {"mae": 5.2996599874756773, "mse": 48.229392312992985, "best_function": 0, "parameters": [-2.4003468478914378, 0.14396024656734119, -2.4944726672214128, 1.0, 0.5653989380066754, 1.0471945783082339, 25.798260691079392]}, "Dual Carriageway": {"mae": 16.229136473522527, "mse": 335.41687337934599, "best_function": 0, "parameters": [1.0, 1.0, 1.0, 1.0, 1.0, 1.0, 1.0]}}, "street_tally": [2.0, 0.0, 0.0]}