{"nature_results": {"Single Carriageway": {"mae": 5.7081263920315024, "mse": 65.674220877762849, "best_function": 2, "parameters": [-8.8156273120561686, 1.1204068640358513, 1.6901017447697799, 1.0, -0.045503258193548612, 0.42892533826381152, -1.1931190775369194, 1.7036148814135328, 23.58567608968875]}, "Traffic Island Link": {"mae": 6.1256442903060178, "mse": 81.434999445303063, "best_function": 2, "parameters": [9.818539913774444, 17.266955392024595, 3.3812850608719596, 1.0, -0.045237012409683253, 0.38596470672700911, -0.86171690464308215, 1.4050853292489962, 26.720905144105036]}}, "street_tally": [0.0, 0.0, 2.0]}