{"nature_results": {"Single Carriageway": {"mae": 6.6652428410176281, "mse": 67.526767858557236, "best_function": 1, "parameters": [3.4750235836098859, 5.1042019803989573, 3.8993802904825072, -0.60822545994903998, 1.5753441161377095, -0.19127799348310992, 1.0, 23.524520261793125]}, "Traffic Island Link": {"mae": 6.4373134401179977, "mse": 68.658409911654843, "best_function": 1, "parameters": [1.8928357133862965, 4.2081668750926138, 3.1863759442913637, 0.20522457861387033, 1.2686454123065856, -0.78046731520716617, 1.0, 25.164023278216458]}}, "street_tally": [0.0, 2.0, 0.0]}