{"nature_results": {"Traffic Island Link At Junction": {"mae": 8.9133265006631248, "mse": 129.6116749099269, "best_function": 2, "parameters": [-0.16912655716917158, 5.2936951283804135, -0.81920540947334586, 1.0, -0.052299210563682141, 0.62468902291875839, -2.6475725741852014, 4.5007959144624969, 28.234477252535815]}, "Single Carriageway": {"mae": 4.9954638063773364, "mse": 48.913707903903301, "best_function": 2, "parameters": [-0.34420644175224702, 1.050433380825107, -0.023823534166330651, 1.0, -0.020492151139629433, 0.23783424195311553, -1.1507567223335502, 2.7012565388432264, 28.547500097314995]}, "Slip Road": {"mae": 6.7189383095223683, "mse": 82.764112247156959, "best_function": 2, "parameters": [2.2173377038156223, 11.86042668533705, 1.2497863244541096, 1.0, 0.054531121862733345, -0.45353336668094979, 0.95040374124880034, -0.084965556394454023, 13.702752259833556]}, "Dual Carriageway": {"mae": 7.1988654458683019, "mse": 92.756122014466968, "best_function": 2, "parameters": [0.69075165169012287, 1.317375168930196, 0.58028888358232678, 1.0, 0.012313020356478854, -0.088123258275634386, -0.38691954118510652, 2.9701055812872084, 25.048839546299405]}, "Traffic Island Link": {"mae": 5.6462938884584197, "mse": 55.527606318939661, "best_function": 2, "parameters": [2.5777125890579544, 2.2635775069498298, -0.10838829816070628, 1.0, 0.041580609507181898, -0.54449405165328257, 1.8404813091278536, -0.46094882427843187, 34.071241646923177]}}, "street_tally": [0.0, 0.0, 5.0]}