{"nature_results": {"Single Carriageway": {"mae": 25.601338442465646, "mse": 734.43681910641521, "best_function": 0, "parameters": [1.0, 1.0, 1.0, 1.0, 1.0, 1.0, 1.0]}, "Dual Carriageway": {"mae": 25.832064354894765, "mse": 721.62509506818617, "best_function": 0, "parameters": [1.0, 1.0, 1.0, 1.0, 1.0, 1.0, 1.0]}}, "street_tally": [2.0, 0.0, 0.0]}