{"nature_results": {"Single Carriageway": {"mae": 6.853679011819465, "mse": 83.264398627573968, "best_function": 2, "parameters": [0.68786029730264886, 6.5912032838026793, 0.66823859747131242, 1.0, -0.030714195364396568, 0.40292005063144487, -1.8195467836957673, 3.1903694468537274, 27.614219688615812]}, "Dual Carriageway": {"mae": 16.994341645855886, "mse": 317.20476670095314, "best_function": 0, "parameters": [1.0, 1.0, 1.0, 1.0, 1.0, 1.0, 1.0]}, "Traffic Island Link": {"mae": 9.2529006752931462, "mse": 179.611033980191, "best_function": 2, "parameters": [5.2618724242555377, 6.4165282795202243, -1.0232428161390414, 1.0, 0.049390108146997069, -0.64767712117990417, 1.7677054458562234, 2.4973476937903412, 26.727337526653869]}}, "street_tally": [1.0, 0.0, 2.0]}