{"nature_results": {"Single Carriageway": {"mae": 21.969573929528224, "mse": 564.4691733107561, "best_function": 0, "parameters": [1.0, 1.0, 1.0, 1.0, 1.0, 1.0, 1.0]}, "Slip Road": {"mae": 32.622612214206846, "mse": 1124.7265397195602, "best_function": 0, "parameters": [1.0, 1.0, 1.0, 1.0, 1.0, 1.0, 1.0]}, "Traffic Island Link": {"mae": 24.882516268672749, "mse": 702.19983844461569, "best_function": 0, "parameters": [1.0, 1.0, 1.0, 1.0, 1.0, 1.0, 1.0]}}, "street_tally": [3.0, 0.0, 0.0]}