{"nature_results": {"Single Carriageway": {"mae": 5.9487880568288256, "mse": 60.337785272647395, "best_function": 2, "parameters": [12.574552382192703, 15.926033630404021, -0.47451143135145646, 1.0, -0.040664877968126678, 0.38909467908251105, -0.61705992551870414, -2.0205341612511689, 31.339113411074415]}}, "street_tally": [0.0, 0.0, 1.0]}