{"nature_results": {"Single Carriageway": {"mae": 7.6608741917369079, "mse": 3648.1339286706398, "best_function": 2, "parameters": [13.805192477169761, 8.1263996146893831, 1.8023481240792474, 1.0, -0.15899413167628129, 1.9483892117713579, -7.5408704936831992, 9.6472725778389616, 23.319522197430732]}, "Traffic Island Link": {"mae": 7.4720577231257135, "mse": 103.11325441532848, "best_function": 2, "parameters": [2.9596487076997002, 0.37583261890716957, 1.25330293329627, 1.0, -0.15220340977238545, 2.0207093726858067, -8.6252604364600565, 11.829529142189974, 26.719267980252901]}}, "street_tally": [0.0, 0.0, 2.0]}