{"nature_results": {"Traffic Island Link At Junction": {"mae": 6.7444060527714011, "mse": 81.805868580926656, "best_function": 1, "parameters": [4.6352968573401263, 0.37279758230873272, 0.78464373067272808, -1.3689994774490595, 1.8923502417338143, -3.6198373093223912, 1.0, 10.664092369183649]}, "Single Carriageway": {"mae": 6.4588303061057477, "mse": 67.525707182610887, "best_function": 1, "parameters": [1.7690371582368076, 17.549173690055135, 5.9216535095095724, 0.031092551023343851, 1.3779957118717658, -4.2697270610610234, 1.0, 24.800084194748912]}}, "street_tally": [0.0, 2.0, 0.0]}