{"nature_results": {"Single Carriageway": {"mae": 16.539597275573037, "mse": 301.01430527386538, "best_function": 0, "parameters": [1.0, 1.0, 1.0, 1.0, 1.0, 1.0, 1.0]}}, "street_tally": [1.0, 0.0, 0.0]}