{"nature_results": {"Single Carriageway": {"mae": 3.5619218781746644, "mse": 21.747150082875237, "best_function": 2, "parameters": [3.9612784512705752, 4.0187132281822215, -0.44060686996969167, 1.0, -0.030209871305412639, 0.28048379126701639, -0.74934030612915881, 0.44358867459689411, 27.118748988365791]}}, "street_tally": [0.0, 0.0, 1.0]}