{"nature_results": {"Single Carriageway": {"mae": 7.2972935436279602, "mse": 105.21615710900213, "best_function": 2, "parameters": [-1.6333474842015336, 2.8589973583003352, -8.5365267856496221, 1.0, -0.21600774735330064, 3.1828357729364884, -15.22018626415392, 27.095405345017152, 14.603485860623689]}, "Slip Road": {"avg_speed": {"mae": 7.2972935436279602, "mse": 105.21615710900213, "best_function": 2, "parameters": [-1.6333474842015336, 2.8589973583003352, -8.5365267856496221, 1.0, -0.21600774735330064, 3.1828357729364884, -15.22018626415392, 27.095405345017152, 14.603485860623689]}}}, "street_tally": [0.0, 0.0, 1.0]}