{"nature_results": {"Traffic Island Link At Junction": {"mae": 14.453697564416382, "mse": 281.53898863701238, "best_function": 0, "parameters": [1.0, 1.0, 1.0, 1.0, 1.0, 1.0, 1.0]}, "Single Carriageway": {"mae": 7.689825974825399, "mse": 96.719507163437882, "best_function": 2, "parameters": [-3.0002588577195208, 2.5625816757351738, 1.2656293439042194, 1.0, 0.12128917120713245, -1.6735252790482309, 6.4977820499271077, -4.9241158280673227, 28.795450368917045]}}, "street_tally": [1.0, 0.0, 1.0]}