{"nature_results": {"Single Carriageway": {"mae": 12.599242038002183, "mse": 177.78267752950677, "best_function": 0, "parameters": [1.0, 1.0, 1.0, 1.0, 1.0, 1.0, 1.0]}}, "street_tally": [1.0, 0.0, 0.0]}