{"nature_results": {"Single Carriageway": {"mae": 11.062444473991468, "mse": 136.37101131853927, "best_function": 0, "parameters": [1.0, 1.0, 1.0, 1.0, 1.0, 1.0, 1.0]}}, "street_tally": [1.0, 0.0, 0.0]}