{"nature_results": {"Single Carriageway": {"mae": 24.564175669191687, "mse": 677.64648535812955, "best_function": 0, "parameters": [1.0, 1.0, 1.0, 1.0, 1.0, 1.0, 1.0]}}, "street_tally": [1.0, 0.0, 0.0]}