{"nature_results": {"Traffic Island Link At Junction": {"mae": 14.622176594573542, "mse": 269.230141976249, "best_function": 0, "parameters": [1.0, 1.0, 1.0, 1.0, 1.0, 1.0, 1.0]}, "Single Carriageway": {"mae": 12.053373014037948, "mse": 1845.6577413313273, "best_function": 0, "parameters": [-0.56243940764231204, 6.8799314957629925, -1.144338476620407, 1.0, 0.96300820781779428, 0.71233767970925665, 26.537103116007437]}, "Dual Carriageway": {"mae": 8.851106733360588, "mse": 1212.3404122132042, "best_function": 0, "parameters": [-2.4477652614033167, 5.6667531299679279, 1.5768357295829163, 1.0, 0.79980635880197526, 0.7162117858437318, 33.742456659674019]}, "Traffic Island Link": {"mae": 6.7935757284162417, "mse": 73.485055562201495, "best_function": 1, "parameters": [0.0024187688463473966, 1.0163695605324399, 0.98182420837390361, 0.98509369353859821, 1.0077584506466115, -2.6554602872374042, 1.0, 21.911268748933288]}}, "street_tally": [3.0, 1.0, 0.0]}