{"nature_results": {"Traffic Island Link At Junction": {"mae": 6.8362572676732496, "mse": 66.911350273196106, "best_function": 0, "parameters": [21.892836360032728, 9.3984532428147549, -0.62093856836185379, 1.0, 0.20512928068716352, 1.1118814049777497, 21.233742366368677]}, "Single Carriageway": {"mae": 8.3966917953993363, "mse": 103.00152989743158, "best_function": 1, "parameters": [1.5828253851389968, 1.0525458373480021, 1.0369212365724481, 0.21758695186209198, 1.2903689011585666, -1.1867012792311233, 1.0, 24.73734167214829]}, "Roundabout": {"mae": 6.7793409767326214, "mse": 78.079019925058375, "best_function": 1, "parameters": [2.3397793571856624, 1.259013283186917, 1.0263731476574405, -0.16273552252240275, 1.4318900924234552, -0.13525618721951593, 1.0, 20.155079382742613]}, "Traffic Island Link": {"mae": 6.0455396707881262, "mse": 62.547371303306761, "best_function": 1, "parameters": [5.2562685417506021, 1.657662491194932, 1.2087857323624804, -1.5758899532414361, 1.9497999770742849, 0.341443412857661, 1.0, 26.732097176623665]}}, "street_tally": [1.0, 3.0, 0.0]}