{"nature_results": {"Single Carriageway": {"mae": 4.4667194164839801, "mse": 32.548010173846912, "best_function": 1, "parameters": [2.3055027580825147, 0.93635065368471326, 0.90794347416512955, -0.14707710563741139, 1.4257655060066825, -4.754579377000951, 1.0, 10.69623661540429]}}, "street_tally": [0.0, 1.0, 0.0]}