{"nature_results": {"Traffic Island Link At Junction": {"mae": 6.7184153325887284, "mse": 75.358612942052588, "best_function": 2, "parameters": [4.9970571098176499, 10.850156620877479, -3.1331428086673236, 1.0, 0.11285870875160542, -1.2852306811440255, 4.5024900713829048, -5.8458012585023305, 30.845426688931617]}, "Single Carriageway": {"mae": 7.008300789131118, "mse": 78.124426675341027, "best_function": 2, "parameters": [23.474999755019315, 32.742806488274439, -4.5026515031708776, 1.0, 0.016155923182619603, -0.21761882874046967, 1.4808850196890899, -4.931052225376499, 33.84146310699758]}}, "street_tally": [0.0, 0.0, 2.0]}