{"nature_results": {"Traffic Island Link At Junction": {"mae": 8.4635702482900079, "mse": 109.68359686374622, "best_function": 2, "parameters": [43.105858804560981, 31.221218346335373, 1.8237371580338413, 1.0, -0.5692623522666127, 6.6589021586153621, -23.591568648815482, 23.470938559967692, 20.684409541897192]}, "Single Carriageway": {"mae": 5.5697235909439264, "mse": 57.152146637842748, "best_function": 2, "parameters": [3.0472616733520779, 2.65177190352422, 1.7390811941643758, 1.0, -0.079449867258178486, 0.80054197415830053, -2.226578932376639, 1.7961337974565708, 31.608107405070935]}, "Traffic Island Link": {"mae": 33.702284887146348, "mse": 1196.0349717800991, "best_function": 0, "parameters": [1.0, 1.0, 1.0, 1.0, 1.0, 1.0, 1.0]}}, "street_tally": [1.0, 0.0, 2.0]}