{"nature_results": {"Single Carriageway": {"mae": 22.474323838590728, "mse": 632.59756979735005, "best_function": 0, "parameters": [1.0, 1.0, 1.0, 1.0, 1.0, 1.0, 1.0]}}, "street_tally": [1.0, 0.0, 0.0]}