{"nature_results": {"Single Carriageway": {"mae": 147.45537616451122, "mse": 1520349.0012212181, "best_function": 0, "parameters": [607.88806631292925, 145.69253731365762, 0.03990063159906454, 1.0, -0.099421095571064155, 1.5415161349801545, 29.380319662342426]}, "Traffic Island Link": {"mae": 298.32347326634641, "mse": 120205.48987208576, "best_function": 1, "parameters": [1.0, 1.0, 1.0, 1.0, 1.0, 1.0, 1.0, 1.0]}}, "street_tally": [1.0, 1.0, 0.0]}