{"nature_results": {"Traffic Island Link At Junction": {"mae": 6.612985033829669, "mse": 77.902693311529646, "best_function": 0, "parameters": [-6.2016363158551702, 1.0238199722488284, 0.56999054292535956, 1.0, 1.5296669876286468, 0.30162406434022859, 16.964938216371813]}, "Single Carriageway": {"mae": 5.8032336320506177, "mse": 59.137796004354783, "best_function": 2, "parameters": [0.29739751772396084, 1.9032247629953556, -0.07521108117537767, 1.0, -0.05812851013554754, 0.679170463784186, -2.5890518293948417, 3.9838831610663763, 22.856496845263933]}, "Traffic Island Link": {"mae": 20.916680303284529, "mse": 526.38163736412343, "best_function": 0, "parameters": [1.0, 1.0, 1.0, 1.0, 1.0, 1.0, 1.0]}}, "street_tally": [2.0, 0.0, 1.0]}