{"nature_results": {"Traffic Island Link At Junction": {"mae": 6.9512872189585311, "mse": 72.581718451096279, "best_function": 2, "parameters": [1.0034524647633252, 3.6022301849672518, 0.61268940442609909, 1.0, -0.10742111486874184, 1.2859702913957531, -5.1226540091523383, 7.3545386161064634, 20.619870776985735]}, "Single Carriageway": {"mae": 24.806948270356948, "mse": 679.32032417483208, "best_function": 0, "parameters": [1.0, 1.0, 1.0, 1.0, 1.0, 1.0, 1.0]}, "Traffic Island Link": {"mae": 9.3888010325528644, "mse": 137.17504144157022, "best_function": 2, "parameters": [-2.7508619341563239, 0.83367659628732171, 1.5723899156426815, 1.0, 0.065220022583756698, -0.5017307478746853, -0.059996584766016881, 4.5744209109343794, 20.998083225006845]}}, "street_tally": [1.0, 0.0, 2.0]}