{"nature_results": {"Single Carriageway": {"mae": 4.8377454496362393, "mse": 40.302888887705201, "best_function": 2, "parameters": [0.77857840542868217, 2.9508864141538642, 0.27765864989183175, 1.0, -0.094249265105432078, 1.2639020331048652, -5.4083730330678979, 7.1124011028214928, 24.340039263184469]}}, "street_tally": [0.0, 0.0, 1.0]}