{"nature_results": {"Single Carriageway": {"mae": 15.687077565702751, "mse": 291.08697916954412, "best_function": 0, "parameters": [1.0, 1.0, 1.0, 1.0, 1.0, 1.0, 1.0]}}, "street_tally": [1.0, 0.0, 0.0]}