{"nature_results": {"Single Carriageway": {"mae": 34.909680922174445, "mse": 1285.254639904691, "best_function": 0, "parameters": [1.0, 1.0, 1.0, 1.0, 1.0, 1.0, 1.0]}, "Dual Carriageway": {"mae": 10.625196449071627, "mse": 172.71822493522939, "best_function": 1, "parameters": [2.3635561044845499, 1.0001834097756324, 1.0167691015610376, -0.20611208215141841, 1.4532152242421956, 2.3031235474733851, 1.0, 45.784390839222731]}, "Slip Road": {"mae": 6.4294573709566354, "mse": 61.820905113644955, "best_function": 0, "parameters": [-13.369510488764247, 2.5153801780833209, 2.5413733800750293, 1.0, 0.10365767539948612, 0.47767554353018471, 50.194521814335552]}}, "street_tally": [2.0, 1.0, 0.0]}