{"nature_results": {"Single Carriageway": {"mae": 6.5603946155585637, "mse": 71.376144577389937, "best_function": 2, "parameters": [-6.6144705730401387, 2.320218743093954, 0.90357018229099495, 1.0, 0.16434565856982863, -1.8082612581848392, 5.4933399277542536, -2.6624989516410262, 20.448639358396537]}, "Traffic Island Link": {"mae": 13.35060249666617, "mse": 209.82636977588356, "best_function": 1, "parameters": [3.28304265271478, 0.90735579249068588, 0.92735938941861429, -0.53122460979637087, 1.5517803220387969, 3.1992235137508325, 1.0, 8.7614464387633006]}}, "street_tally": [0.0, 1.0, 1.0]}