{"nature_results": {"Single Carriageway": {"mae": 14.167726067315435, "mse": 228.22202037606945, "best_function": 0, "parameters": [1.0, 1.0, 1.0, 1.0, 1.0, 1.0, 1.0]}}, "street_tally": [1.0, 0.0, 0.0]}