{"nature_results": {"Single Carriageway": {"mae": 21.351707475291651, "mse": 516.78836392435699, "best_function": 0, "parameters": [1.0, 1.0, 1.0, 1.0, 1.0, 1.0, 1.0]}}, "street_tally": [1.0, 0.0, 0.0]}