{"nature_results": {"Traffic Island Link At Junction": {"mae": 12.108154550410857, "mse": 229.6242464206737, "best_function": 0, "parameters": [1.0, 1.0, 1.0, 1.0, 1.0, 1.0, 1.0]}, "Single Carriageway": {"mae": 17.126617496351507, "mse": 341.11544254925832, "best_function": 0, "parameters": [1.0, 1.0, 1.0, 1.0, 1.0, 1.0, 1.0]}}, "street_tally": [2.0, 0.0, 0.0]}