{"nature_results": {"Single Carriageway": {"mae": 5.1397580925032376, "mse": 51.925474979692147, "best_function": 0, "parameters": [1.0, 1.0, 1.0, 1.0, 1.0, 1.0, 1.0]}}, "street_tally": [1.0, 0.0, 0.0]}