{"nature_results": {"Traffic Island Link At Junction": {"mae": 15.991131678760009, "mse": 300.70552733747337, "best_function": 0, "parameters": [1.0, 1.0, 1.0, 1.0, 1.0, 1.0, 1.0]}, "Single Carriageway": {"mae": 16.514116723427517, "mse": 485.10996946817818, "best_function": 1, "parameters": [1.4288858237118625, 1.0025499649401874, 0.99547447205975204, 0.33212901364660663, 1.2399606270830443, -1.2567359139797323, 1.0, 26.388834942185646]}, "Slip Road": {"mae": 10.341964667123435, "mse": 138.73289401530272, "best_function": 0, "parameters": [1.0, 1.0, 1.0, 1.0, 1.0, 1.0, 1.0]}, "Traffic Island Link": {"mae": 9.3217450867145093, "mse": 126.98946425843012, "best_function": 0, "parameters": [1.0, 1.0, 1.0, 1.0, 1.0, 1.0, 1.0]}}, "street_tally": [3.0, 1.0, 0.0]}