{"nature_results": {"Traffic Island Link At Junction": {"mae": 5.493033399462921, "mse": 910.98078254147856, "best_function": 2, "parameters": [2.6961152836955415, 6.1679435221161389, -1.5896598716642587, 1.0, -0.10278552588122358, 1.3099661763326922, -5.1780986811297787, 6.5150548328636466, 21.759471532973325]}, "Single Carriageway": {"mae": 5.4472428501442973, "mse": 82.85830365447103, "best_function": 2, "parameters": [8.0198916022503433, 9.1184023642221579, -1.353753464367204, 1.0, -0.0032256126672660645, 0.2475091644038967, -1.8879867216509276, 3.3495498031049054, 34.379814844047644]}, "Dual Carriageway": {"mae": 6.0926863040276418, "mse": 220.26053182583647, "best_function": 2, "parameters": [9.8344226352552297, 11.048962195205497, -2.6101476185076313, 1.0, 0.080346067993551484, -0.60459655702113047, 0.20674318895997934, 3.8247074967518544, 35.980963384884248]}, "Roundabout": {"mae": 7.7575132461697374, "mse": 94.375046815217615, "best_function": 1, "parameters": [1.9855055733551554, 0.99796893115118945, 1.0364630456605819, 0.13610977472275021, 1.3004371786187079, -0.83575611138693517, 1.0, 15.365895900693801]}}, "street_tally": [0.0, 1.0, 3.0]}