{"nature_results": {"Single Carriageway": {"mae": 11.370135403628639, "mse": 255.93360324125223, "best_function": 0, "parameters": [1.0, 1.0, 1.0, 1.0, 1.0, 1.0, 1.0]}}, "street_tally": [1.0, 0.0, 0.0]}