{"nature_results": {"Single Carriageway": {"mae": 5.9698743567989689, "mse": 67.414780100851132, "best_function": 2, "parameters": [13.977852998450748, 10.19210776811706, -0.068865901885849068, 1.0, -0.165462795970857, 1.9615654834821354, -6.6530744232030896, 4.5026272306040642, 23.592370387741312]}}, "street_tally": [0.0, 0.0, 1.0]}