{"nature_results": {"Traffic Island Link At Junction": {"mae": 19.507892374610197, "mse": 448.69614297563959, "best_function": 0, "parameters": [1.0, 1.0, 1.0, 1.0, 1.0, 1.0, 1.0]}, "Single Carriageway": {"mae": 22.409383819749227, "mse": 556.98441083920193, "best_function": 0, "parameters": [1.0, 1.0, 1.0, 1.0, 1.0, 1.0, 1.0]}, "Dual Carriageway": {"mae": 4.5902778972853815, "mse": 39.984700365771509, "best_function": 2, "parameters": [5.3754215181980358, 1.2464722142556877, -0.8899674154890842, 1.0, 0.048365923722742177, -0.55027007945946993, 1.7260351840339303, -1.2985215581155174, 30.159576960113817]}, "Roundabout": {"mae": 10.951867090215259, "mse": 195.87624589715276, "best_function": 2, "parameters": [-13.233782094426969, 16.539942505673977, 1.4434198989204383, 1.0, -0.027342680683081211, 0.361019342061491, -1.9328025522823347, 4.0474588311220998, 31.543476059702268]}}, "street_tally": [2.0, 0.0, 2.0]}