{"nature_results": {"Dual Carriageway": {"mae": 9.1966901234530134, "mse": 141.18392593612921, "best_function": 1, "parameters": [2.763314427872916, 0.46022156154654803, 0.80516302169714238, -0.35014620110654837, 1.4989091051722192, -6.4848338664694793, 1.0, 34.014903030624296]}}, "street_tally": [0.0, 1.0, 0.0]}