{"nature_results": {"Traffic Island Link At Junction": {"mae": 8.4626814195249072, "mse": 121.01820407011327, "best_function": 2, "parameters": [2.4907737786946318, 8.5962930448257797, 4.0957186852793059, 1.0, -0.059302103916480053, 0.84675288518213221, -3.4894806237719127, 2.0944072812783463, 15.839516945523561]}, "Single Carriageway": {"mae": 5.8685595664048851, "mse": 60.472650325297437, "best_function": 0, "parameters": [-5.6074220753642914, 2.0408891353442824, -0.71921934478251548, 1.0, 0.5978053934997829, 0.82380074563876193, 18.18890706063543]}}, "street_tally": [1.0, 0.0, 1.0]}