{"nature_results": {"Single Carriageway": {"mae": 8.5572183944825966, "mse": 110.40885064922269, "best_function": 0, "parameters": [48.580792878589193, 14.785491031432155, 3.4238797801532344, 1.0, 0.37136351270166068, 0.45911325735954944, 17.088127976290028]}}, "street_tally": [1.0, 0.0, 0.0]}