{"nature_results": {"Single Carriageway": {"mae": 5.7416891633873703, "mse": 52.466394617960056, "best_function": 2, "parameters": [42.364430544614152, 43.379612388670893, -0.47010604135160827, 1.0, -0.24906595774014195, 3.1259979506128133, -12.867368721990429, 19.727385951691026, 15.44599782480257]}}, "street_tally": [0.0, 0.0, 1.0]}