{"nature_results": {"Single Carriageway": {"mae": 6.2190864531343539, "mse": 68.043222669767658, "best_function": 2, "parameters": [24.627447152289058, 22.175833849439666, -3.7855905191827199, 1.0, -0.013155621069633083, -0.3385322593472746, 3.0684936324283889, -3.5669952876080044, 29.155015765110601]}}, "street_tally": [0.0, 0.0, 1.0]}