{"nature_results": {"Traffic Island Link At Junction": {"mae": 5.5098276738779468, "mse": 39.64009581357513, "best_function": 1, "parameters": [0.003139315393941966, 0.97823083683436263, 0.95221536883744307, 0.95180384985385991, 1.0266518529430779, 1.149925133520763, 1.0, 8.9056094674708035]}, "Single Carriageway": {"mae": 2.7407345144983601, "mse": 13.840991928229114, "best_function": 2, "parameters": [19.474829232913244, 9.2242026620697324, -0.69560805338253173, 1.0, 0.018637563174470184, -0.17089210326922966, 0.4246902710139755, -0.6378094381103574, 21.542024435625333]}}, "street_tally": [0.0, 1.0, 1.0]}