{"nature_results": {"Traffic Island Link At Junction": {"mae": 4.8561884893656, "mse": 41.592582123298683, "best_function": 2, "parameters": [6.2843941690598699, 14.130203973894059, 0.59359287970447117, 1.0, 0.075370796013430219, -1.0463956560047354, 4.0137929763786175, -2.4416808201607778, 20.163522889623014]}, "Single Carriageway": {"mae": 5.2872497144667312, "mse": 48.565203358298767, "best_function": 2, "parameters": [2.9975544469238162, 8.1228852794356818, 0.81999241430742043, 1.0, 0.075891940929090018, -0.94467161316892789, 2.9712890023096872, -0.37202133320359754, 29.728433992108251]}, "Dual Carriageway": {"mae": 4.0074197612795208, "mse": 24.261578658859186, "best_function": 2, "parameters": [10.051820780988432, 15.829738483515458, 0.45234816019854474, 1.0, 0.029980502374234108, -0.25496068439728337, -0.038109775297958892, 3.2129112496951744, 26.63119255646907]}}, "street_tally": [0.0, 0.0, 3.0]}