{"nature_results": {"Single Carriageway": {"mae": 4.7191616480892522, "mse": 39.31416212390161, "best_function": 1, "parameters": [2.0075260193653999, 0.97436584628265754, 0.9668519834869963, 0.023412271994687095, 1.3584055481273118, 0.71698443076533835, 1.0, 20.761688396870547]}}, "street_tally": [0.0, 1.0, 0.0]}