{"nature_results": {"Traffic Island Link At Junction": {"mae": 10.852030946739978, "mse": 194.11901196155884, "best_function": 0, "parameters": [1.0, 1.0, 1.0, 1.0, 1.0, 1.0, 1.0]}, "Single Carriageway": {"mae": 13.155027906029817, "mse": 191.13528821598823, "best_function": 0, "parameters": [1.0, 1.0, 1.0, 1.0, 1.0, 1.0, 1.0]}}, "street_tally": [2.0, 0.0, 0.0]}