{"nature_results": {"Traffic Island Link At Junction": {"mae": 24.355691169725244, "mse": 643.69025756876135, "best_function": 0, "parameters": [1.0, 1.0, 1.0, 1.0, 1.0, 1.0, 1.0]}, "Single Carriageway": {"mae": 19.520403453819569, "mse": 442.11484678176453, "best_function": 0, "parameters": [1.0, 1.0, 1.0, 1.0, 1.0, 1.0, 1.0]}, "Traffic Island Link": {"mae": 20.266016907660635, "mse": 530.71743341265733, "best_function": 0, "parameters": [1.0, 1.0, 1.0, 1.0, 1.0, 1.0, 1.0]}}, "street_tally": [3.0, 0.0, 0.0]}