{"nature_results": {"Traffic Island Link At Junction": {"mae": 6.5801086914112581, "mse": 63.667080132014874, "best_function": 1, "parameters": [2.4580492390459305, 0.98271808806944283, 1.0089396629167582, -0.14555634041280374, 1.4115866103875994, -0.12908899849205091, 1.0, 20.538587990403581]}, "Single Carriageway": {"mae": 17.488891914798764, "mse": 394.49405106006753, "best_function": 0, "parameters": [1.0, 1.0, 1.0, 1.0, 1.0, 1.0, 1.0]}, "Slip Road": {"mae": 8.0915030664606871, "mse": 79.740774982631976, "best_function": 0, "parameters": [1.0, 1.0, 1.0, 1.0, 1.0, 1.0, 1.0]}}, "street_tally": [2.0, 1.0, 0.0]}