{"nature_results": {"Traffic Island Link At Junction": {"mae": 464895.76826209499, "mse": 25490176619326.238, "best_function": 1, "parameters": [1.0, 1.0, 1.0, 1.0, 1.0, 1.0, 1.0, 1.0]}, "Single Carriageway": {"mae": 2317941.0444366084, "mse": 597339786259734.0, "best_function": 1, "parameters": [0.20172778627076726, 1.1014754996203719, 1.062249055541818, 0.92537221872033881, 1.0230174191948467, -1.4210875391687305, 1.0, 24.877932810239756]}, "Slip Road": {"avg_speed": {"mae": 26.407605767885265, "mse": 813.72169282373136, "best_function": 0, "parameters": [1.0, 1.0, 1.0, 1.0, 1.0, 1.0, 1.0]}}, "Traffic Island Link": {"mae": 26.407605767885265, "mse": 813.72169282373136, "best_function": 0, "parameters": [1.0, 1.0, 1.0, 1.0, 1.0, 1.0, 1.0]}}, "street_tally": [1.0, 2.0, 0.0]}