{"nature_results": {"Single Carriageway": {"mae": 4.2478017556129322, "mse": 37.038982886195669, "best_function": 2, "parameters": [-1.6944507849340513, 1.537326257760149, 2.0971244452501066, 1.0, 0.0049000727654593401, -0.099466721767828004, 0.55212254698809282, -0.54711611179147579, 17.838149302400542]}}, "street_tally": [0.0, 0.0, 1.0]}