{"nature_results": {"Dual Carriageway": {"mae": 10.972433816207383, "mse": 202.53687182256868, "best_function": 2, "parameters": [19.863930214908351, 29.469275855187185, -1.0688420278987998, 1.0, 0.070699561587052817, -0.9995483924575197, 5.0941618459954654, -10.23733355859825, 51.839707597947765]}, "Roundabout": {"mae": 6.825139942715519, "mse": 82.271038367154802, "best_function": 2, "parameters": [7.0307960215841225, 12.236148691598073, -2.1997911612611225, 1.0, 0.022682526445925166, -0.19792712570221394, -0.36842740556471321, 4.0341646128128019, 29.208818944840875]}}, "street_tally": [0.0, 0.0, 2.0]}