{"nature_results": {"Traffic Island Link At Junction": {"mae": 6.8764387724720883, "mse": 81.829073761198927, "best_function": 1, "parameters": [-0.028168509823509602, 1.0036588978157357, 0.99409995438303889, 1.0297228507859515, 0.98572330024062893, 0.071534551973049476, 1.0, 21.204618056312519]}, "Single Carriageway": {"mae": 27.52453666744638, "mse": 820.77498233301401, "best_function": 0, "parameters": [1.0, 1.0, 1.0, 1.0, 1.0, 1.0, 1.0]}, "Roundabout": {"mae": 12.043229855056703, "mse": 222.99576566890141, "best_function": 2, "parameters": [5.2928822218356117, 6.8169146104352425, 1.0320991106645452, 1.0, -0.046511752812949281, 0.11141668184269837, 1.8631112531191114, -5.8948712810571529, 32.171547983726903]}, "Dual Carriageway": {"mae": 10.178737011344424, "mse": 181.41705079910807, "best_function": 2, "parameters": [-1.1033797156212093, 4.7485932644763658, 0.78604422824608322, 1.0, -0.092527385199609569, 1.0653185598207482, -3.6185812880406338, 3.7793891906683719, 33.108606158142599]}, "Traffic Island Link": {"mae": 4.310353192006863, "mse": 30.964207602457119, "best_function": 2, "parameters": [7.9054678380175281, 2.6510624649653289, 0.096600462288518374, 1.0, -0.088206275519869592, 1.1366358543501425, -5.1674526917651171, 9.2018472097213326, 27.406966955698493]}}, "street_tally": [1.0, 1.0, 3.0]}