{"nature_results": {"Traffic Island Link At Junction": {"mae": 13.709901889789833, "mse": 280.96502554570765, "best_function": 0, "parameters": [1.0, 1.0, 1.0, 1.0, 1.0, 1.0, 1.0]}, "Single Carriageway": {"mae": 7.1718974871075334, "mse": 80.003584195942167, "best_function": 1, "parameters": [2.6626210577090799, 0.98820021881114584, 0.99320605602234302, -0.26982376191328661, 1.4617767729361069, -0.73520155495387862, 1.0, 31.504770062659347]}}, "street_tally": [1.0, 1.0, 0.0]}