{"nature_results": {"Traffic Island Link At Junction": {"mae": 5.5821998341861452, "mse": 58.587137295240233, "best_function": 1, "parameters": [2.6344455825715469, 1.0356368613123459, 1.0263063543109294, -0.28733073884507365, 1.4746782095860744, -0.82082006744096425, 1.0, 6.1010341507858774]}, "Single Carriageway": {"mae": 26.413484516491099, "mse": 761.03847455088919, "best_function": 0, "parameters": [1.0, 1.0, 1.0, 1.0, 1.0, 1.0, 1.0]}, "Traffic Island Link": {"mae": 9.6757783568042424, "mse": 302.32196044229522, "best_function": 1, "parameters": [1.380347835071281, 0.91139170452258444, 0.95402650228989527, 0.40042412139656902, 1.2063272902828932, 1.6924229349093511, 1.0, 26.907017097277553]}}, "street_tally": [1.0, 2.0, 0.0]}