{"nature_results": {"Traffic Island Link At Junction": {"mae": 5.3679597596886479, "mse": 49.47893149230336, "best_function": 2, "parameters": [2.1503532476513909, 2.0294879124163816, 1.1409683827602823, 1.0, -0.077176107015181961, 0.85621953860254685, -3.0401275438877544, 3.9939734097548287, 20.251585301620882]}, "Single Carriageway": {"mae": 23.369348294031308, "mse": 600.08307124146177, "best_function": 0, "parameters": [1.0, 1.0, 1.0, 1.0, 1.0, 1.0, 1.0]}, "Roundabout": {"mae": 38.782768537391547, "mse": 25663.06914623698, "best_function": 1, "parameters": [0.13790338266101743, 0.99192880352062718, 0.97285877972064172, 0.95645367567012252, 1.0112599089616159, 1.6505421586834572, 1.0, 32.206057236828542]}, "Dual Carriageway": {"mae": 24.866237108900222, "mse": 680.96153513331001, "best_function": 0, "parameters": [1.0, 1.0, 1.0, 1.0, 1.0, 1.0, 1.0]}, "Slip Road": {"mae": 2.504764273184843, "mse": 10.67181537078085, "best_function": 2, "parameters": [-0.49337101927251226, 8.1635826300748224, -0.43805872733519502, 1.0, -0.038374074921494916, 0.41255274730442615, -1.457725728285542, 2.2568105906787079, 17.759815886465162]}}, "street_tally": [2.0, 1.0, 2.0]}