{"nature_results": {"Traffic Island Link At Junction": {"mae": 11.284506465452518, "mse": 202.33458949766381, "best_function": 0, "parameters": [1.0, 1.0, 1.0, 1.0, 1.0, 1.0, 1.0]}, "Single Carriageway": {"mae": 4.4283792446609791, "mse": 35.323323550548579, "best_function": 2, "parameters": [4.6503851088204726, 1.7658127328477224, 2.3162373391644389, 1.0, -0.027296629384053972, 0.4633708806498168, -2.8643787091967918, 6.7459613565828427, 16.61224017481009]}, "Dual Carriageway": {"mae": 11.252613132159878, "mse": 209.92971103488304, "best_function": 0, "parameters": [1.0, 1.0, 1.0, 1.0, 1.0, 1.0, 1.0]}}, "street_tally": [2.0, 0.0, 1.0]}