{"nature_results": {"Traffic Island Link At Junction": {"mae": 10.503932871234642, "mse": 149.71580240772207, "best_function": 0, "parameters": [1.0, 1.0, 1.0, 1.0, 1.0, 1.0, 1.0]}, "Single Carriageway": {"mae": 7.0918999997220089, "mse": 87.280968440442066, "best_function": 1, "parameters": [3.1832891785958397, 0.95461118640469722, 0.97245791051770658, -0.5164634433668307, 1.5508557834561845, 1.3206800599043145, 1.0, 20.317208201663092]}}, "street_tally": [1.0, 1.0, 0.0]}