{"nature_results": {"Single Carriageway": {"mae": 8.8595239120631444, "mse": 92.632439506223335, "best_function": 1, "parameters": [4.3833618855204559, 1.0989626386198774, 1.0542457322548784, -1.0357292125392639, 1.7304472938090509, 0.095193921291455097, 1.0, 13.946964041141632]}}, "street_tally": [0.0, 1.0, 0.0]}