{"nature_results": {"Traffic Island Link At Junction": {"mae": 9.6070631533424464, "mse": 156.42643482717975, "best_function": 1, "parameters": [1.7862280822983381, 7.2450053648755111, 2.7078375138573687, 0.1615898929319165, 1.3019055913925142, 1.5481978610222484, 1.0, 22.762374914447438]}, "Single Carriageway": {"mae": 25.729605456875511, "mse": 748.47101887060001, "best_function": 0, "parameters": [1.0, 1.0, 1.0, 1.0, 1.0, 1.0, 1.0]}, "Traffic Island Link": {"mae": 6.371613311585941, "mse": 82.860955478335228, "best_function": 0, "parameters": [51.800648327102245, 17.7175927204615, -1.7527124384546857, 1.0, 1.0290424387198125, 0.55796475124389344, 32.267357829258771]}}, "street_tally": [2.0, 1.0, 0.0]}