{"nature_results": {"Single Carriageway": {"mae": 10.798628358611454, "mse": 163.22969028100425, "best_function": 0, "parameters": [1.0, 1.0, 1.0, 1.0, 1.0, 1.0, 1.0]}}, "street_tally": [1.0, 0.0, 0.0]}