{"nature_results": {"Single Carriageway": {"mae": 4.9910574136995152, "mse": 48.155999922812498, "best_function": 2, "parameters": [1.5491874373269869, 3.0139702331618237, 0.68374024820446466, 1.0, 0.040795935011330164, -0.53407795702747207, 1.8256675892136391, -0.60245240898262198, 19.972624170490754]}}, "street_tally": [0.0, 0.0, 1.0]}