{"nature_results": {"Single Carriageway": {"mae": 8.265718283916053, "mse": 111.23664147774626, "best_function": 2, "parameters": [88.421429880272854, 33.261007559597992, -8.7002778646039847, 1.0, 0.5854894230448473, -7.4289815499948233, 28.921554964649282, -33.486012122121416, 31.979843005168117]}, "Slip Road": {"mae": 3.5251837183259043, "mse": 22.460776770522905, "best_function": 0, "parameters": [1.0, 1.0, 1.0, 1.0, 1.0, 1.0, 1.0]}}, "street_tally": [1.0, 0.0, 1.0]}