{"nature_results": {"Traffic Island Link At Junction": {"mae": 3.0674464816425253, "mse": 17.521378110690968, "best_function": 2, "parameters": [1.3936847830038768, 1.5410867157658146, -1.4678033547059646, 1.0, -0.047898897310420185, 0.62236107601345381, -2.6918299708402693, 4.036780525747135, 21.021098429675039]}, "Single Carriageway": {"mae": 16.178092242470942, "mse": 292.11722771466094, "best_function": 0, "parameters": [1.0, 1.0, 1.0, 1.0, 1.0, 1.0, 1.0]}}, "street_tally": [1.0, 0.0, 1.0]}