{"nature_results": {"Single Carriageway": {"mae": 6.9012522034557415, "mse": 81.992762279310583, "best_function": 1, "parameters": [2.7739075477338098, 0.61947762386155225, 0.83453231436862962, -0.32652628592811705, 1.4830160258232117, -0.69651465814105085, 1.0, 20.259673461728632]}}, "street_tally": [0.0, 1.0, 0.0]}