{"nature_results": {"Single Carriageway": {"mae": 18.547573913599678, "mse": 458.73870744049725, "best_function": 0, "parameters": [1.0, 1.0, 1.0, 1.0, 1.0, 1.0, 1.0]}}, "street_tally": [1.0, 0.0, 0.0]}