{"nature_results": {"Traffic Island Link At Junction": {"mae": 7.7613174802624698, "mse": 110.64246162347078, "best_function": 0, "parameters": [502.529094601618, 193.89633397008825, 1.0927371089357432, 1.0, -0.50674050912837276, 1.4604631216422814, 21.11249672158608]}, "Single Carriageway": {"mae": 5.9831603830911222, "mse": 62.567607814629064, "best_function": 2, "parameters": [-0.87618719591727379, 1.8166077147498823, -0.05787398493201712, 1.0, 0.02504897677356499, -0.30012345184044098, 0.91781336267829117, -0.03214417494861932, 22.419667059722222]}, "Dual Carriageway": {"mae": 6.6168418121749264, "mse": 79.226044857513955, "best_function": 0, "parameters": [-0.18809082699394675, 6.3493237542862229, 0.47008976538370417, 1.0, -0.66601232574591518, 1.3232324224633112, 26.453950334258831]}}, "street_tally": [2.0, 0.0, 1.0]}