{"nature_results": {"Single Carriageway": {"mae": 6.4285740143081584, "mse": 68.007871739646006, "best_function": 0, "parameters": [-5.9705956249046785, 2.5711205557940202, 0.078239037371432119, 1.0, -0.24145482380940342, 1.0734183853237276, 25.368749211316903]}}, "street_tally": [1.0, 0.0, 0.0]}