{"nature_results": {"Single Carriageway": {"mae": 14.861489933578076, "mse": 282.68663380491085, "best_function": 0, "parameters": [1.0, 1.0, 1.0, 1.0, 1.0, 1.0, 1.0]}, "Dual Carriageway": {"mae": 7.7195806994499803, "mse": 128.69446740861233, "best_function": 2, "parameters": [-3.8400830232023404, 3.3741086753719114, -0.71589228512809155, 1.0, -0.075291512663111293, 0.96194167885502435, -4.1659133724693884, 7.137575299854876, 14.418868290602902]}}, "street_tally": [1.0, 0.0, 1.0]}