{"nature_results": {"Single Carriageway": {"mae": 6.0303806866811884, "mse": 47.675391303591553, "best_function": 2, "parameters": [30.767393124646848, 14.532757445054521, -3.3608717824609231, 1.0, 0.023999584045352185, -0.17529480489839289, 0.28648769640549521, -0.98424004589022585, 15.207842795970413]}}, "street_tally": [0.0, 0.0, 1.0]}