{"nature_results": {"Single Carriageway": {"mae": 11.812497556075549, "mse": 195.74998986894965, "best_function": 0, "parameters": [1.0, 1.0, 1.0, 1.0, 1.0, 1.0, 1.0]}}, "street_tally": [1.0, 0.0, 0.0]}