{"nature_results": {"Traffic Island Link At Junction": {"mae": 24.282857057256741, "mse": 670.74495175110724, "best_function": 0, "parameters": [1.0, 1.0, 1.0, 1.0, 1.0, 1.0, 1.0]}, "Single Carriageway": {"mae": 5.7288880200738346, "mse": 67.780025309726867, "best_function": 2, "parameters": [12.238708224208102, 5.6586826134064099, 1.0294538616244779, 1.0, -0.017524938257934997, 0.13884330379947718, -0.34558792328515975, 0.67585748353931563, 25.897636004074396]}}, "street_tally": [1.0, 0.0, 1.0]}