{"nature_results": {"Traffic Island Link At Junction": {"mae": 6.4955657095592194, "mse": 94.119981794762211, "best_function": 1, "parameters": [3.1944691231051729, 0.99166600080340628, 1.0182224901399164, -0.56992082775759645, 1.5796909798944321, 3.1275119925106125, 1.0, 16.44038630053457]}, "Single Carriageway": {"mae": 6.3318858816945776, "mse": 72.35962937673159, "best_function": 0, "parameters": [0.081442612835691541, 3.2883312569869299, -0.016540270645514221, 1.0, 1.4873646387048005, 0.27081156707183107, 22.205053681663319]}, "Traffic Island Link": {"mae": 12.38602084778293, "mse": 208.65217316012482, "best_function": 0, "parameters": [1.0, 1.0, 1.0, 1.0, 1.0, 1.0, 1.0]}}, "street_tally": [2.0, 1.0, 0.0]}