{"nature_results": {"Traffic Island Link At Junction": {"mae": 3.4919575366876296, "mse": 18.682738031461458, "best_function": 2, "parameters": [-3.0772332808195024, 4.3784657224769088, -1.0797286450285091, 1.0, -0.019752856248574036, 0.016955795937230622, 0.63451264456943024, -0.74864455324012935, 22.436510566203967]}, "Single Carriageway": {"mae": 6.9410816670322122, "mse": 74.383812240698788, "best_function": 1, "parameters": [4.5004397423035165, 0.99243973521682527, 0.99454238320683142, -1.193948834037768, 1.8061133127923594, 1.4079039796295554, 1.0, 23.202952194107851]}, "Slip Road": {"mae": 7.3782082456535489, "mse": 79.147791939962502, "best_function": 0, "parameters": [1.0, 1.0, 1.0, 1.0, 1.0, 1.0, 1.0]}}, "street_tally": [1.0, 1.0, 1.0]}