{"nature_results": {"Single Carriageway": {"mae": 5.0534931587233016, "mse": 39.25856735819869, "best_function": 2, "parameters": [15.540003039265537, 5.7217877996978173, -1.9059915375778194, 1.0, -0.059006704062589899, 0.87519019631707939, -4.2948739698088829, 8.0077493734951233, 20.184003939439805]}, "Slip Road": {"avg_speed": {"mae": 5.0534931587233016, "mse": 39.25856735819869, "best_function": 2, "parameters": [15.540003039265537, 5.7217877996978173, -1.9059915375778194, 1.0, -0.059006704062589899, 0.87519019631707939, -4.2948739698088829, 8.0077493734951233, 20.184003939439805]}}}, "street_tally": [0.0, 0.0, 1.0]}