{"nature_results": {"Traffic Island Link At Junction": {"mae": 9.7912378526461215, "mse": 155.08630978006994, "best_function": 1, "parameters": [1.6565202088041979, 0.9914608962151259, 1.0071723501643535, 0.21712032834632655, 1.283905116149741, 2.8672345791113214, 1.0, 21.758193620555506]}, "Single Carriageway": {"mae": 6.9639571609831323, "mse": 82.334497521573354, "best_function": 2, "parameters": [9.6100868056428315, 9.0826492950999871, 0.33712967662416538, 1.0, 0.069468586669332311, -0.7599636416872988, 1.9133461213281902, 1.3806161206670924, 25.60380633844267]}, "Dual Carriageway": {"mae": 10.515333830924826, "mse": 146.96437571034286, "best_function": 1, "parameters": [3.0816177977275419, 0.98423321221284576, 0.97464491195048997, -0.47286072914389177, 1.535631562156659, -0.64215866886269146, 1.0, 24.972466761541494]}}, "street_tally": [0.0, 2.0, 1.0]}