{"nature_results": {"Traffic Island Link At Junction": {"mae": 4.8601258643892136, "mse": 35.097122340819311, "best_function": 0, "parameters": [-0.010956381323660391, 0.88279398770649709, 0.33088737373936594, 1.0, -0.41364460547749116, 1.2501502281221268, 20.571502970495274]}, "Single Carriageway": {"mae": 27.098679037018748, "mse": 804.39859866909012, "best_function": 0, "parameters": [1.0, 1.0, 1.0, 1.0, 1.0, 1.0, 1.0]}, "Slip Road": {"avg_speed": {"mae": 21.314619997287831, "mse": 556.02500031336899, "best_function": 0, "parameters": [1.0, 1.0, 1.0, 1.0, 1.0, 1.0, 1.0]}}, "Dual Carriageway": {"mae": 21.314619997287831, "mse": 556.02500031336899, "best_function": 0, "parameters": [1.0, 1.0, 1.0, 1.0, 1.0, 1.0, 1.0]}, "Traffic Island Link": {"mae": 6.7970623302123778, "mse": 80.57124721932216, "best_function": 2, "parameters": [-4.0082060040236325, 1.3385536789390424, -1.9528190795141764, 1.0, 0.054816992938871767, -0.53160513617352367, 1.0427029625007844, 1.7823711569271876, 33.760160828294374]}}, "street_tally": [3.0, 0.0, 1.0]}