{"nature_results": {"Traffic Island Link At Junction": {"mae": 30.45664081329522, "mse": 1000.7434012657998, "best_function": 0, "parameters": [1.0, 1.0, 1.0, 1.0, 1.0, 1.0, 1.0]}, "Single Carriageway": {"mae": 7.0272494167879795, "mse": 96.946769364125586, "best_function": 0, "parameters": [8.9855254186465743, 4.4895084424243663, -1.0109669841234683, 1.0, 0.48037727564859067, 0.87707336213037745, 35.156239680859372]}}, "street_tally": [2.0, 0.0, 0.0]}