{"nature_results": {"Single Carriageway": {"mae": 6.8945237261192194, "mse": 82.093965294130356, "best_function": 2, "parameters": [-0.38127864789912791, 1.6199474490982602, 1.0873147453702778, 1.0, 0.014815287069689265, -0.22779346276192713, 0.66444417040299453, 1.1088220620951976, 20.045212063890641]}, "Traffic Island Link": {"mae": 11.822001840345575, "mse": 180.43588420690764, "best_function": 1, "parameters": [2.1830189199259316, 0.98607873807833701, 0.96406328252781404, -0.060623720080767107, 1.388589815565302, -0.91228260762224367, 1.0, 20.746550322523788]}}, "street_tally": [0.0, 1.0, 1.0]}