{"nature_results": {"Slip Road": {"mae": 14.458620659521214, "mse": 357.543580605057, "best_function": 1, "parameters": [1.3974969184271546, 0.67959448968620428, 0.79524693331704976, 0.35665962020848252, 1.2306046754656856, -3.1310939030285976, 1.0, 45.031531550016652]}}, "street_tally": [0.0, 1.0, 0.0]}