{"nature_results": {"Single Carriageway": {"mae": 16.022516945583689, "mse": 319.53766883965068, "best_function": 0, "parameters": [1.0, 1.0, 1.0, 1.0, 1.0, 1.0, 1.0]}, "Roundabout": {"mae": 6.5044335164349274, "mse": 73.318376080513474, "best_function": 2, "parameters": [-1.5833303729028816, 3.2727455172001827, -1.5258544960983724, 1.0, -0.0021085355162782093, -0.062860246918063689, 0.48515490974401221, -0.2474812264670827, 23.730936508106804]}, "Dual Carriageway": {"mae": 9.7240516345282213, "mse": 160.90311323711907, "best_function": 2, "parameters": [-0.75580270220348544, 1.0311518479726776, -1.9184821257634201, 1.0, -0.062373096245883275, 0.61919555652521829, -1.8782513842435504, 2.1516819353982957, 34.481514305693992]}, "Slip Road": {"mae": 5.1847829532540937, "mse": 50.20366028546691, "best_function": 0, "parameters": [12.225905598105106, 14.780449252567374, 1.0946619035323017, 1.0, 1.794582615694206, 0.22163354760647391, 4.6747756194363745]}}, "street_tally": [2.0, 0.0, 2.0]}