{"nature_results": {"Single Carriageway": {"mae": 7.2531347535891211, "mse": 95.012063266583326, "best_function": 2, "parameters": [6.4058242990947143, 4.3735347217183413, -0.51231321387995021, 1.0, -0.11866891990049999, 1.4699072003299978, -5.3576650718649823, 4.7898624088943009, 18.739418948115553]}}, "street_tally": [0.0, 0.0, 1.0]}