{"nature_results": {"Single Carriageway": {"mae": 3.7950749821456915, "mse": 23.785204577936216, "best_function": 2, "parameters": [5.6636609315820028, 7.1844590212953801, -0.87180367730420527, 1.0, 0.065440013761669968, -0.82542265758071753, 3.0779583781174784, -2.8574928952619523, 27.972054303585001]}, "Dual Carriageway": {"mae": 31.723317864406621, "mse": 1069.5908650339752, "best_function": 0, "parameters": [1.0, 1.0, 1.0, 1.0, 1.0, 1.0, 1.0]}, "Slip Road": {"mae": 4.9523035580677952, "mse": 40.599208830819116, "best_function": 1, "parameters": [2.8423059999979019, 1.0554675730254937, 1.0545386759828017, -0.38722626775363223, 1.5101126282929069, -1.3201081134491948, 1.0, 32.668797197609024]}}, "street_tally": [1.0, 1.0, 1.0]}