{"nature_results": {"Single Carriageway": {"mae": 3.4422346759883466, "mse": 27.176799611834571, "best_function": 0, "parameters": [1.0, 1.0, 1.0, 1.0, 1.0, 1.0, 1.0]}}, "street_tally": [1.0, 0.0, 0.0]}