{"nature_results": {"Single Carriageway": {"mae": 9.7392344097496455, "mse": 172.38379090807663, "best_function": 0, "parameters": [1.0, 1.0, 1.0, 1.0, 1.0, 1.0, 1.0]}, "Dual Carriageway": {"mae": 9.4323865877055759, "mse": 158.77664016016527, "best_function": 2, "parameters": [-1.5622324665417922, 0.10926930534501711, -0.76497806470302376, 1.0, -0.0696251120682716, 0.86182791637821943, -3.6294592895626998, 5.6036626246486074, 40.470274286245605]}, "Slip Road": {"mae": 15.602116378285624, "mse": 378.26007165004319, "best_function": 1, "parameters": [1.474385474745934, 0.93648622992842023, 0.96462873899886514, 0.30397536030714845, 1.2526115110072291, -2.6023167942807883, 1.0, 29.698205123410492]}}, "street_tally": [1.0, 1.0, 1.0]}