{"nature_results": {"Traffic Island Link At Junction": {"mae": 18.524617321568812, "mse": 651.55163788587288, "best_function": 1, "parameters": [-0.08888985184261311, 1.1587735367973062, 1.0903673562294027, 1.0772538236907854, 0.96559390398239864, 2.4936560683515019, 1.0, 24.058905552758993]}, "Single Carriageway": {"mae": 7.612450695944843, "mse": 200.22785947556676, "best_function": 2, "parameters": [5.6566182878175635, 5.5158697321962284, 0.56437027920609439, 1.0, -0.14557649616717372, 1.9946749909637949, -8.8431360289831087, 13.584807329611674, 19.382450122603139]}, "Dual Carriageway": {"mae": 9.21899862700716, "mse": 136.5001675049877, "best_function": 0, "parameters": [1.0, 1.0, 1.0, 1.0, 1.0, 1.0, 1.0]}, "Traffic Island Link": {"mae": 20.843362397077641, "mse": 481.2923509148776, "best_function": 0, "parameters": [1.0, 1.0, 1.0, 1.0, 1.0, 1.0, 1.0]}}, "street_tally": [2.0, 1.0, 1.0]}