{"nature_results": {"Single Carriageway": {"mae": 6.4371374958415828, "mse": 77.133951704103211, "best_function": 2, "parameters": [-7.1092535952448088, 0.053697420391200512, -0.09775898276680195, 1.0, -0.28230063212289802, 3.2980353358043937, -11.825831845037248, 13.323303665273167, 22.744230244274711]}, "Traffic Island Link": {"mae": 6.3855680331377469, "mse": 77.957817041126916, "best_function": 2, "parameters": [65.654096545155014, 29.342842762578979, 1.2278077329658392, 1.0, -0.019155851922195266, -0.26287236847904127, 3.7890829678168521, -10.51810062402247, 20.656500040801649]}}, "street_tally": [0.0, 0.0, 2.0]}