{"nature_results": {"Traffic Island Link At Junction": {"mae": 18.828640964694038, "mse": 470.71634936130908, "best_function": 0, "parameters": [1.0, 1.0, 1.0, 1.0, 1.0, 1.0, 1.0]}, "Single Carriageway": {"mae": 22.411476172103129, "mse": 565.4832142466903, "best_function": 0, "parameters": [1.0, 1.0, 1.0, 1.0, 1.0, 1.0, 1.0]}, "Dual Carriageway": {"mae": 8.0841368093216541, "mse": 86.813678271692567, "best_function": 2, "parameters": [-0.69391928643838208, 0.027653999463015388, -0.54734441244961562, 1.0, -0.010363826290035627, 0.057211742497456197, 0.091493321008533468, -0.83571617985515911, 17.907503915239495]}, "Traffic Island Link": {"mae": 5.2330203957677313, "mse": 48.386452408597783, "best_function": 1, "parameters": [2.1599159277290374, 0.99067141576039575, 0.98401395522283763, -0.043993911164788679, 1.3821033903463933, -0.3807366593699093, 1.0, 31.482133747821834]}}, "street_tally": [2.0, 1.0, 1.0]}