{"nature_results": {"Traffic Island Link At Junction": {"mae": 10.100955460726698, "mse": 228.77475875561541, "best_function": 0, "parameters": [1.0, 1.0, 1.0, 1.0, 1.0, 1.0, 1.0]}, "Single Carriageway": {"mae": 6.2726517654986136, "mse": 69.552605063384121, "best_function": 0, "parameters": [15.020937609118066, 14.051691495471482, 0.90916027415482314, 1.0, 0.077900983124752798, 1.1640010111021206, 14.938116608854147]}, "Slip Road": {"mae": 7.6154864622628322, "mse": 81.487696644522018, "best_function": 2, "parameters": [9.8363699288695479, 2.8166450544095394, 0.29354446934760958, 1.0, 0.07509420222058738, -1.1239859918888477, 5.2847085135163656, -7.9911205868940982, 15.780245775325868]}}, "street_tally": [2.0, 0.0, 1.0]}