{"nature_results": {"Traffic Island Link At Junction": {"mae": 6.5344285294758633, "mse": 72.833830407025388, "best_function": 0, "parameters": [1.0, 1.0, 1.0, 1.0, 1.0, 1.0, 1.0]}, "Single Carriageway": {"mae": 6.8844501835504133, "mse": 310.92773571370583, "best_function": 2, "parameters": [-9.7664126613514046, 1.6281458292808755, -1.5138565558252446, 1.0, 0.0050438749109114056, -0.084435016882486336, 0.47934913414881075, -1.0076747037902676, 18.143021294649728]}}, "street_tally": [1.0, 0.0, 1.0]}