{"nature_results": {"Traffic Island Link At Junction": {"mae": 30.242508199495578, "mse": 996.64789401839175, "best_function": 0, "parameters": [1.0, 1.0, 1.0, 1.0, 1.0, 1.0, 1.0]}, "Single Carriageway": {"mae": 6.5685661268142237, "mse": 104.32292049350254, "best_function": 2, "parameters": [1.1610796181246044, 7.2369470999913608, 1.7425832597125637, 1.0, -0.025923404043257658, 0.23112266305712448, -0.98740357048781546, 3.2309660603018258, 30.971554732524673]}, "Traffic Island Link": {"mae": 6.3829471962279012, "mse": 73.193423354315357, "best_function": 1, "parameters": [2.1103566755138159, 0.95767964458705646, 0.97010511497382068, 0.046203087728355463, 1.3364803542856214, 2.7753314376816252, 1.0, 34.33616451939757]}}, "street_tally": [1.0, 1.0, 1.0]}