{"nature_results": {"Slip Road": {"mae": 16.203566177655109, "mse": 367.57502944528352, "best_function": 0, "parameters": [1.0, 1.0, 1.0, 1.0, 1.0, 1.0, 1.0]}, "Dual Carriageway": {"mae": 31.230890880114803, "mse": 1174.3061663024087, "best_function": 0, "parameters": [1.0, 1.0, 1.0, 1.0, 1.0, 1.0, 1.0]}}, "street_tally": [2.0, 0.0, 0.0]}