{"nature_results": {"Traffic Island Link At Junction": {"mae": 5.1043625270721051, "mse": 45.829490096499384, "best_function": 1, "parameters": [-0.0075432855481936123, 0.93586469629067781, 0.91584142166607241, 1.0318209357127599, 0.98148140557266683, 1.8860664722855858, 1.0, 20.474405230793938]}, "Single Carriageway": {"mae": 7.3821238343434876, "mse": 100.73184190750484, "best_function": 1, "parameters": [2.5329304593273103, 1.0224720289326261, 1.0207290300104701, -0.22912274177136482, 1.4503012069882466, 3.2390054503513515, 1.0, 24.772948816171592]}, "Roundabout": {"mae": 9.8213702654613506, "mse": 150.27882961929552, "best_function": 0, "parameters": [3.0013101886578566, 6.9398670089474495, 1.693784644591789, 1.0, 0.21249345503320272, 1.0336861324573372, 20.948140158352889]}, "Dual Carriageway": {"mae": 18.535927504760796, "mse": 430.18542144571137, "best_function": 0, "parameters": [1.0, 1.0, 1.0, 1.0, 1.0, 1.0, 1.0]}, "Slip Road": {"mae": 12.200309652242517, "mse": 195.49924595917685, "best_function": 0, "parameters": [1.0, 1.0, 1.0, 1.0, 1.0, 1.0, 1.0]}}, "street_tally": [3.0, 2.0, 0.0]}