{"nature_results": {"Slip Road": {"mae": 48.669797260329709, "mse": 7997.5559362440408, "best_function": 1, "parameters": [0.46794409302601936, 0.98139045775511169, 1.0078081841942614, 0.76633039494542843, 1.0865101555635375, -1.0853825067297413, 1.0, 32.389958036742115]}, "Dual Carriageway": {"mae": 8.1391619663440125, "mse": 132.78520145079085, "best_function": 2, "parameters": [-3.6178342060685074, 2.8293896505622884, -1.3182755862032862, 1.0, 0.003812367519346771, -0.10487884887683374, 0.37429040560426186, 0.49113468164800755, 36.772433347051646]}, "Roundabout": {"mae": 15.502571285141354, "mse": 326.77399770139459, "best_function": 0, "parameters": [1.0, 1.0, 1.0, 1.0, 1.0, 1.0, 1.0]}}, "street_tally": [1.0, 1.0, 1.0]}