{"nature_results": {"Single Carriageway": {"mae": 6.9025798270049661, "mse": 82.69815825940131, "best_function": 2, "parameters": [10.256165570162652, 4.5685581638249984, -0.28501984918281265, 1.0, -0.039672552600308997, 0.20254656526106551, 0.23895818177052752, -1.0767285396976236, 36.564566657758554]}, "Slip Road": {"mae": 14.558642998430713, "mse": 486.86579680442816, "best_function": 1, "parameters": [1.5478297642081911, 0.9270411178819935, 0.96297552327318425, 0.2810471321613377, 1.2587120639571898, 1.9672422304526271, 1.0, 29.028215143374112]}, "Dual Carriageway": {"mae": 38.787151428487547, "mse": 1685.080831090019, "best_function": 0, "parameters": [1.0, 1.0, 1.0, 1.0, 1.0, 1.0, 1.0]}, "Traffic Island Link": {"mae": 5.479539197849884, "mse": 71.934357123743311, "best_function": 2, "parameters": [17.251044652168094, 14.727471175600458, -0.1676961795940235, 1.0, 0.047039575178666304, -0.67288865284745381, 2.7366070402774145, -2.6599835384526243, 33.91528314521728]}}, "street_tally": [1.0, 1.0, 2.0]}