{"nature_results": {"Single Carriageway": {"mae": 4.9210818654822619, "mse": 41.339866053773612, "best_function": 2, "parameters": [10.767711651115606, 13.090498924085725, -0.60305371449821599, 1.0, 0.019910267209600541, -0.31799919865502524, 1.4165836366948139, -1.4318326340442353, 26.850355290560273]}, "Dual Carriageway": {"mae": 3.2985087142999379, "mse": 25.023343273925754, "best_function": 2, "parameters": [-0.30175860258399689, 2.3428515657391933, 0.014721472094557098, 1.0, 0.03309557848642608, -0.45039498462536698, 2.039939871167519, -2.9033828464064442, 19.964085730819772]}}, "street_tally": [0.0, 0.0, 2.0]}