{"nature_results": {"Traffic Island Link At Junction": {"mae": 8.8012318258899054, "mse": 126.83625816355416, "best_function": 0, "parameters": [1.0, 1.0, 1.0, 1.0, 1.0, 1.0, 1.0]}, "Single Carriageway": {"mae": 3.5758724592644113, "mse": 29.575166891448106, "best_function": 2, "parameters": [0.31249760461456177, 3.9463375048295619, 2.428840908963831, 1.0, -0.099388336156971402, 1.2383073740162724, -5.090061323395731, 7.9518050348755462, 14.245780208743602]}}, "street_tally": [1.0, 0.0, 1.0]}