{"nature_results": {"Traffic Island Link At Junction": {"mae": 9.4018089509609588, "mse": 117.73905798322504, "best_function": 1, "parameters": [3.9806752414304336, 1.1498856802216901, 1.1562491651900193, -1.1068272070453316, 1.8056336773229331, -0.55966561194484332, 1.0, 14.849437926654234]}, "Single Carriageway": {"mae": 22.505260574815662, "mse": 589.61685469842678, "best_function": 0, "parameters": [1.0, 1.0, 1.0, 1.0, 1.0, 1.0, 1.0]}, "Slip Road": {"avg_speed": {"mae": 226.29921764786585, "mse": 73614.975303445899, "best_function": 1, "parameters": [1.0, 1.0, 1.0, 1.0, 1.0, 1.0, 1.0, 1.0]}}, "Traffic Island Link": {"mae": 226.29921764786585, "mse": 73614.975303445899, "best_function": 1, "parameters": [1.0, 1.0, 1.0, 1.0, 1.0, 1.0, 1.0, 1.0]}}, "street_tally": [1.0, 2.0, 0.0]}