{"nature_results": {"Traffic Island Link At Junction": {"mae": 7.6860381154918285, "mse": 85.326148068362727, "best_function": 2, "parameters": [15.671813363491614, 1.2570720139030445, -0.5152501891367478, 1.0, 0.0072500803123296542, -0.73334918279092887, 5.9962289171880654, -12.595245429596661, 22.607740047139476]}, "Single Carriageway": {"mae": 5.5849622631581513, "mse": 53.709492404845967, "best_function": 0, "parameters": [-9.7089054262285366, 4.4453707784174572, 2.6549574973994416, 1.0, 0.044415972321794506, 0.91790435611603849, 23.211125689730263]}, "Slip Road": {"mae": 8.5369019173994971, "mse": 99.778901599998051, "best_function": 0, "parameters": [1.0, 1.0, 1.0, 1.0, 1.0, 1.0, 1.0]}, "Traffic Island Link": {"mae": 4.6993325028476667, "mse": 37.517605337944545, "best_function": 2, "parameters": [48.311238813191125, 32.230029960036958, -0.99788311083200476, 1.0, 0.12449917652414877, -1.7040252089831172, 7.1553852752509313, -8.0302085655918667, 23.839009107352787]}}, "street_tally": [2.0, 0.0, 2.0]}