{"nature_results": {"Traffic Island Link At Junction": {"mae": 7.2705679966282677, "mse": 80.992942928012098, "best_function": 2, "parameters": [-2.5733698849998001, 4.977902212137538, 2.02165157246074, 1.0, -0.11072733306091775, 1.2489552877395598, -4.3686672307824574, 5.5079865424214791, 23.472169764650594]}, "Single Carriageway": {"mae": 5.5872061131370803, "mse": 54.795422216236751, "best_function": 2, "parameters": [-1.0839336518046592, 2.1877279856068768, -0.054461970536764381, 1.0, -0.063920951530792136, 0.77604162293859846, -3.1784891468276362, 5.1011580282176503, 26.088726003372365]}, "Slip Road": {"mae": 13.623921547187463, "mse": 224.71843260908145, "best_function": 0, "parameters": [1.0, 1.0, 1.0, 1.0, 1.0, 1.0, 1.0]}, "Dual Carriageway": {"mae": 11.443556471561113, "mse": 173.61185446123156, "best_function": 1, "parameters": [5.5299902750247307, 0.98417711174968792, 0.9904480192116365, -1.6285373403418961, 1.9549400035377402, 1.415619205456035, 1.0, 10.253630008949292]}, "Traffic Island Link": {"mae": 26.329778651072289, "mse": 736.8857643950538, "best_function": 0, "parameters": [1.0, 1.0, 1.0, 1.0, 1.0, 1.0, 1.0]}}, "street_tally": [2.0, 1.0, 2.0]}