{"nature_results": {"Single Carriageway": {"mae": 6.3128716006741712, "mse": 74.383533981926746, "best_function": 2, "parameters": [1.0385476324256431, 0.089927794587264853, -0.2444636318426967, 1.0, 1.6022073593413566e-05, -0.056303212635057109, 0.29559313257304332, 0.53171545732911418, 25.389100346419742]}, "Roundabout": {"mae": 7.202934053967974, "mse": 88.004883631789411, "best_function": 1, "parameters": [2.1666818542475519, 0.8079482991417779, 0.88461692854979934, -0.046045353908520825, 1.3832797035651956, 0.56090401890407104, 1.0, 22.611817584954043]}, "Traffic Island Link": {"mae": 22.674145415349471, "mse": 617.93104909364945, "best_function": 0, "parameters": [1.0, 1.0, 1.0, 1.0, 1.0, 1.0, 1.0]}, "Traffic Island Link At Junction": {"mae": 8.3338987858505629, "mse": 120.44760918771837, "best_function": 2, "parameters": [3.6471396586447198, 1.1223216595965853, -0.30268359570184189, 1.0, -0.010663807515433499, -0.051875280561601844, 1.1009562732175422, -2.5022426315405726, 27.645901071318097]}, "Slip Road": {"mae": 9.8953099481248135, "mse": 134.41700026563154, "best_function": 0, "parameters": [1.0, 1.0, 1.0, 1.0, 1.0, 1.0, 1.0]}, "Dual Carriageway": {"mae": 15.581103653439218, "mse": 332.63110369948902, "best_function": 0, "parameters": [1.0, 1.0, 1.0, 1.0, 1.0, 1.0, 1.0]}}, "street_tally": [3.0, 1.0, 2.0]}