{"nature_results": {"Single Carriageway": {"mae": 6.5746158244252708, "mse": 74.506671046698287, "best_function": 2, "parameters": [5.2299008415803367, 0.088836122935850637, 2.548804406870635, 1.0, -0.061978581701826796, 0.91341024475163723, -4.5208297006163063, 7.8285807339142437, 22.670875761468498]}, "Dual Carriageway": {"mae": 11.564363225741678, "mse": 177.57714952733753, "best_function": 1, "parameters": [4.9420481259750737, 1.0143893381007989, 1.0146888446044373, -1.3821937225052321, 1.8715451396585592, 1.3207970229087058, 1.0, 15.295134098457341]}, "Traffic Island Link": {"mae": 24.513117217258198, "mse": 691.06611856436359, "best_function": 0, "parameters": [1.0, 1.0, 1.0, 1.0, 1.0, 1.0, 1.0]}}, "street_tally": [1.0, 1.0, 1.0]}