{"nature_results": {"Single Carriageway": {"mae": 10.482918639832858, "mse": 198.46219054466312, "best_function": 1, "parameters": [0.039426491132455999, 0.98152994899676571, 0.9791628593735564, 1.0116226682455731, 0.98907662594211598, -1.1692379179717789, 1.0, 30.840654309760268]}, "Traffic Island Link": {"mae": 27.672807131918159, "mse": 828.77812668407103, "best_function": 0, "parameters": [1.0, 1.0, 1.0, 1.0, 1.0, 1.0, 1.0]}, "Roundabout": {"mae": 8.8991042315862945, "mse": 135.21462980592045, "best_function": 1, "parameters": [0.035030259785721829, 0.97315625417807183, 0.97137310009866551, 0.97320136246632172, 1.0114797441239214, -2.4787817705567021, 1.0, 21.586882391350919]}, "Dual Carriageway": {"mae": 7.2083299126287885, "mse": 90.574907628163913, "best_function": 2, "parameters": [-3.1542021854692379, 2.1025244136186041, -2.9694721871326983, 1.0, 0.0077230414241755696, -0.045395736424219901, 0.23865529398528118, -1.8425285574590227, 31.889223803045606]}, "Slip Road": {"mae": 8.6439588163865118, "mse": 107.97057896409184, "best_function": 2, "parameters": [66.833531552589321, 20.332305317716546, -0.59411631077069926, 1.0, -0.51041148513680801, 5.8067358791876424, -20.301966743059214, 22.596996326971297, 13.455257498594266]}}, "street_tally": [1.0, 2.0, 2.0]}