{"nature_results": {"Single Carriageway": {"mae": 10.873837117641528, "mse": 144.06893825273553, "best_function": 0, "parameters": [1.0, 1.0, 1.0, 1.0, 1.0, 1.0, 1.0]}}, "street_tally": [1.0, 0.0, 0.0]}