{"nature_results": {"Single Carriageway": {"mae": 6.4080168239909669, "mse": 69.668616345395463, "best_function": 2, "parameters": [0.14856019470291482, 2.7209654342087388, 1.6687224514691172, 1.0, 0.085546553088667765, -1.2514652886586957, 5.5355824205010444, -7.1465696785348936, 25.425564980685479]}, "Dual Carriageway": {"mae": 4.2061210395097604, "mse": 28.793053314661709, "best_function": 2, "parameters": [-1.2394540049946681, 6.5133671558562618, -0.19072657608953514, 1.0, 0.12304918291467593, -1.6277452869155544, 6.3366992858455724, -6.700943587391202, 27.919862600242443]}, "Slip Road": {"avg_speed": {"mae": 4.2061210395097604, "mse": 28.793053314661709, "best_function": 2, "parameters": [-1.2394540049946681, 6.5133671558562618, -0.19072657608953514, 1.0, 0.12304918291467593, -1.6277452869155544, 6.3366992858455724, -6.700943587391202, 27.919862600242443]}}}, "street_tally": [0.0, 0.0, 2.0]}