{"nature_results": {"Traffic Island Link At Junction": {"mae": 8.0123793626910338, "mse": 84.56434639140538, "best_function": 1, "parameters": [3.108765022651319, 1.0361504984929544, 1.0537760209953668, -0.4984319562584012, 1.5486537091313863, -2.4878251689219613, 1.0, 14.645304356054918]}, "Single Carriageway": {"mae": 5.1281174896038824, "mse": 43.49534308131188, "best_function": 1, "parameters": [2.8822921417180534, 1.0159178107610904, 1.0190997206116486, -0.42545995963982275, 1.528075239601455, -1.2243915133136678, 1.0, 23.579748591596672]}, "Dual Carriageway": {"mae": 12.629270010296125, "mse": 206.95631446498709, "best_function": 1, "parameters": [4.4220776924950904, 0.94914216210491309, 1.0371308086763444, -1.0527960856592999, 1.7373226101314763, -1.6349923462747102, 1.0, 11.456684293765946]}}, "street_tally": [0.0, 3.0, 0.0]}