{"nature_results": {"Single Carriageway": {"mae": 12.252415857846069, "mse": 208.53188021661381, "best_function": 0, "parameters": [1.0, 1.0, 1.0, 1.0, 1.0, 1.0, 1.0]}}, "street_tally": [1.0, 0.0, 0.0]}