{"nature_results": {"Traffic Island Link At Junction": {"mae": 6.0379497283000747, "mse": 54.350068450053108, "best_function": 2, "parameters": [8.6244360312858177, 7.5124109275580047, 1.6433280588619117, 1.0, -0.042325484171784389, 0.84929133981515015, -5.0119436132168955, 8.7510735845509675, 5.9780053179753478]}, "Single Carriageway": {"mae": 5.7252693089129529, "mse": 54.811795777758547, "best_function": 1, "parameters": [-0.010499152983172388, 0.95444489991118431, 0.97143655713818, 0.98021120417285468, 1.0114363170205478, 2.6201897946857069, 1.0, 22.557737190591347]}, "Traffic Island Link": {"mae": 8.6648304958742592, "mse": 123.58646212730731, "best_function": 1, "parameters": [4.8120717169455753, 0.93280596524389259, 0.89672796314051217, -1.345557865314591, 1.8648747699550472, 4.9910381073372321, 1.0, 14.316486768774096]}}, "street_tally": [0.0, 2.0, 1.0]}