{"nature_results": {"Slip Road": {"avg_speed": {"mae": 7.4167948615179, "mse": 91.497093187204598, "best_function": 2, "parameters": [16.185373125998531, 3.9821411093151835, 1.2949852634441941, 1.0, 0.21657567216261042, -2.6798519779032777, 9.9015055018957057, -10.16637366105042, 26.734825048785183]}}}, "street_tally": [0.0, 0.0, 0.0]}