{"nature_results": {"Traffic Island Link At Junction": {"mae": 7.7981477176634737, "mse": 84.616003475457646, "best_function": 0, "parameters": [-4.2895001036286864, 0.69125817192896255, -7.3660953586825464, 1.0, -1.3541570301829768, 1.2538638496178318, 25.664424647551698]}, "Single Carriageway": {"mae": 2.7639868346462908, "mse": 14.659131637004672, "best_function": 2, "parameters": [46.405291778628886, 23.585639272981762, 1.1534830973072456, 1.0, 0.29669472287123133, -4.1962988686559468, 19.008112222918104, -27.273567674169136, 23.882809476089562]}}, "street_tally": [1.0, 0.0, 1.0]}