{"nature_results": {"Single Carriageway": {"mae": 5.8644428960734825, "mse": 76.268973811306296, "best_function": 1, "parameters": [2.2544625219766772, 0.99196184106488094, 0.99726324600877814, -0.095642010724873883, 1.4018298773127373, -1.6824994296581943, 1.0, 20.178402425751528]}, "Traffic Island Link": {"mae": 16.099830145334185, "mse": 343.93102522553573, "best_function": 0, "parameters": [1.0, 1.0, 1.0, 1.0, 1.0, 1.0, 1.0]}}, "street_tally": [1.0, 1.0, 0.0]}