{"nature_results": {"Single Carriageway": {"mae": 19.708347716811588, "mse": 453.46166292783886, "best_function": 0, "parameters": [1.0, 1.0, 1.0, 1.0, 1.0, 1.0, 1.0]}}, "street_tally": [1.0, 0.0, 0.0]}