{"nature_results": {"Single Carriageway": {"mae": 4.6377475432540791, "mse": 34.863384681926696, "best_function": 0, "parameters": [58.615123357008365, 16.415461353337225, 3.9924855110100479, 1.0, 1.8488142000631482, 0.27763469585838496, 15.247106050948474]}}, "street_tally": [1.0, 0.0, 0.0]}