{"nature_results": {"Traffic Island Link At Junction": {"mae": 3.6993357594113565, "mse": 24.646829229306185, "best_function": 2, "parameters": [2.2984232140792518, 2.0653743948492531, -2.3260711101927227, 1.0, 0.069357014615681778, -0.87521612968917273, 3.0104937666228162, -1.0118981747437781, 21.813807200334736]}, "Single Carriageway": {"mae": 2.8143137430054477, "mse": 13.858001802367628, "best_function": 2, "parameters": [3.4870210238440711, 3.2263579468235362, -2.6128731703771999, 1.0, 0.08582140375339542, -1.0230713213897249, 3.2330253558951423, -1.0219110625690919, 30.66575420856303]}}, "street_tally": [0.0, 0.0, 2.0]}