{"nature_results": {"Traffic Island Link At Junction": {"mae": 9.4123464291852841, "mse": 137.71244311166862, "best_function": 2, "parameters": [-0.060584214917409618, 2.8817707135117536, -0.16596566165422755, 1.0, 0.094898867679384491, -1.2911841535664985, 5.0973681470401608, -4.4414158346794776, 23.318687277447978]}, "Single Carriageway": {"mae": 4.5047877611959981, "mse": 39.247541522590296, "best_function": 2, "parameters": [-0.66699929321830265, 2.0517575767542109, -0.016548784279687645, 1.0, 0.0043362108053293102, -0.26204365246641625, 1.5896659192471878, -1.0958178233122196, 29.259255424922266]}, "Dual Carriageway": {"mae": 6.6270416602714395, "mse": 102.05966107313454, "best_function": 2, "parameters": [-1.2220942035418827, 0.087806176827413096, -0.31065239161079883, 1.0, -0.034599951675005958, 0.37090541970777557, -1.4590960419856973, 2.7758881021507031, 25.400283188330839]}}, "street_tally": [0.0, 0.0, 3.0]}