{"nature_results": {"Single Carriageway": {"mae": 6.363656520764839, "mse": 65.451141597602174, "best_function": 2, "parameters": [9.9107215292140314, 0.66533584080622088, -0.40657843383196779, 1.0, -0.029154620651995478, 0.35226882880675037, -1.1579284896615429, 1.1491841726912049, 18.04268790241013]}}, "street_tally": [0.0, 0.0, 1.0]}