{"nature_results": {"Single Carriageway": {"mae": 7.4138175758104445, "mse": 76.400822669766924, "best_function": 2, "parameters": [2.801850577636412, 0.82071571943102384, -0.62483931706724838, 1.0, 0.016706649001484997, -0.29586019188136303, 1.4224871426086012, -1.6031512704576185, 20.479842373479148]}}, "street_tally": [0.0, 0.0, 1.0]}