{"nature_results": {"Single Carriageway": {"mae": 5.2624783938418709, "mse": 58.583771616961521, "best_function": 0, "parameters": [-5.0457404122289544, 2.0327747244130121, -0.70541986842363213, 1.0, 1.3604121827566678, 0.54258826060150911, 25.243916460504657]}, "Dual Carriageway": {"mae": 24.160524616032585, "mse": 614.70652393061505, "best_function": 0, "parameters": [1.0, 1.0, 1.0, 1.0, 1.0, 1.0, 1.0]}}, "street_tally": [2.0, 0.0, 0.0]}