{"nature_results": {"Single Carriageway": {"mae": 15.570304752446871, "mse": 324.2967457905421, "best_function": 0, "parameters": [1.0, 1.0, 1.0, 1.0, 1.0, 1.0, 1.0]}}, "street_tally": [1.0, 0.0, 0.0]}