{"nature_results": {"Traffic Island Link At Junction": {"mae": 9.9155539184741457, "mse": 165.21679395861383, "best_function": 2, "parameters": [0.80963424285895735, 3.2301340980986031, 0.45297520137091196, 1.0, -0.088169321936737211, 1.0621027721264413, -4.1889287657347225, 6.3088835287817755, 29.035364427851867]}, "Single Carriageway": {"mae": 36.396829987116256, "mse": 20096.209982560606, "best_function": 1, "parameters": [0.29116336389753295, 1.0027472813866418, 1.0012677697821066, 0.88530780114095564, 1.0369055830314782, 0.47469179098805947, 1.0, 26.473408749668931]}, "Slip Road": {"mae": 8.9278224846050183, "mse": 135.6637631427117, "best_function": 0, "parameters": [1.0, 1.0, 1.0, 1.0, 1.0, 1.0, 1.0]}}, "street_tally": [1.0, 1.0, 1.0]}