{"nature_results": {"Traffic Island Link At Junction": {"mae": 12.175020078988279, "mse": 196.21418098706519, "best_function": 0, "parameters": [1.0, 1.0, 1.0, 1.0, 1.0, 1.0, 1.0]}, "Single Carriageway": {"mae": 5.4636637379832829, "mse": 52.932935392635947, "best_function": 2, "parameters": [14.568932774779537, 20.414042320451628, 0.7823271945223661, 1.0, 0.13058569557483068, -1.5886941731069291, 5.7677940219524046, -5.7846379280190208, 32.620627234596313]}, "Dual Carriageway": {"mae": 9.7088809702386953, "mse": 137.24712828298166, "best_function": 0, "parameters": [1.0, 1.0, 1.0, 1.0, 1.0, 1.0, 1.0]}}, "street_tally": [2.0, 0.0, 1.0]}