{"nature_results": {"Traffic Island Link At Junction": {"mae": 9.9338302901704338, "mse": 145.01572969249833, "best_function": 1, "parameters": [4.5025815385303574, 0.95752026347724395, 1.0141387096917598, -1.1458073784872154, 1.7806068056487554, 1.013239946073599, 1.0, 15.407199875560742]}, "Single Carriageway": {"mae": 4.3601878841676536, "mse": 32.035700775763139, "best_function": 2, "parameters": [-7.7785733413573581, 0.92127566089451951, 0.25873012995571232, 1.0, -0.11461246064467945, 1.4314108376725212, -5.8598092958185548, 8.4091546630510443, 21.657956125819791]}, "Traffic Island Link": {"mae": 6.1687821405040646, "mse": 69.812987250383784, "best_function": 1, "parameters": [1.7095458060874662, 1.2732557943347163, 1.1491873553919922, 0.19947666870732805, 1.2884471474790804, -0.35721764042156012, 1.0, 20.593101186586775]}}, "street_tally": [0.0, 2.0, 1.0]}