{"nature_results": {"Traffic Island Link At Junction": {"mae": 6.1007651502929745, "mse": 58.748610060003543, "best_function": 0, "parameters": [16.121516469205837, 2.0863819130893457, 1.3773759562484482, 1.0, 1.1570289490492163, 0.17154894215513028, 20.849278228809773]}, "Single Carriageway": {"mae": 20.52327184783481, "mse": 487.01677981164312, "best_function": 0, "parameters": [1.0, 1.0, 1.0, 1.0, 1.0, 1.0, 1.0]}, "Traffic Island Link": {"mae": 20.647769602566996, "mse": 509.31733571717774, "best_function": 0, "parameters": [1.0, 1.0, 1.0, 1.0, 1.0, 1.0, 1.0]}}, "street_tally": [3.0, 0.0, 0.0]}