{"nature_results": {"Single Carriageway": {"mae": 17.118545866464736, "mse": 302.78601502430661, "best_function": 1, "parameters": [1.0, 1.0, 1.0, 1.0, 1.0, 1.0, 1.0, 1.0]}}, "street_tally": [0.0, 1.0, 0.0]}