{"nature_results": {"Traffic Island Link At Junction": {"mae": 8.1461572945499068, "mse": 116.33100141715616, "best_function": 2, "parameters": [-0.46363183369213323, 5.8306526762358715, -0.90008616643794359, 1.0, 0.027263343348491342, -0.27168811903253265, 0.6917302683263844, -0.55313828784861774, 24.736402326825957]}, "Single Carriageway": {"mae": 22.893756674892888, "mse": 577.35139357556761, "best_function": 0, "parameters": [1.0, 1.0, 1.0, 1.0, 1.0, 1.0, 1.0]}, "Roundabout": {"mae": 24.796628419232224, "mse": 757.98995098167643, "best_function": 0, "parameters": [1.0, 1.0, 1.0, 1.0, 1.0, 1.0, 1.0]}, "Traffic Island Link": {"mae": 4.0595687748062028, "mse": 29.464918696428775, "best_function": 2, "parameters": [0.50637137575313529, 4.3803098987571492, 1.7877342198536517, 1.0, 0.1071850949110118, -1.3611374019898159, 5.5005964061653385, -6.9093442815109434, 22.246520617627365]}}, "street_tally": [2.0, 0.0, 2.0]}