{"nature_results": {"Single Carriageway": {"mae": 5.6942847370418654, "mse": 62.105960135711541, "best_function": 2, "parameters": [-2.4743425239661549, 0.98014014404966221, 0.71082443470713153, 1.0, -0.037607813667295265, 0.32631331275873243, -0.75248711850879779, 0.88593474664338401, 25.522337544767346]}, "Roundabout": {"mae": 10.45306175550264, "mse": 164.88772856501231, "best_function": 1, "parameters": [1.7032791737756794, 0.99865881142231394, 0.98353649436994439, 0.18880309795821415, 1.2947185980119538, 0.81015956017668345, 1.0, 19.168561728860521]}, "Traffic Island Link": {"mae": 5.5192379000908538, "mse": 56.214990291273431, "best_function": 2, "parameters": [-4.9867937174265018, 0.94204958789390114, 1.9092598575650164, 1.0, -0.080791240452769308, 0.80791633691503995, -2.4434764823026716, 3.5253345584323199, 26.472585560203296]}, "Traffic Island Link At Junction": {"mae": 6.1163431460649438, "mse": 72.252979091225569, "best_function": 2, "parameters": [-0.58240344585267656, 1.7521079459160473, -0.9464196861721661, 1.0, -0.044279121536816568, 0.41751549207375283, -1.3279347318540631, 2.2672137407542179, 19.269168112175763]}, "Slip Road": {"mae": 5.7169378363125034, "mse": 64.981857731147954, "best_function": 0, "parameters": [1.0, 1.0, 1.0, 1.0, 1.0, 1.0, 1.0]}, "Dual Carriageway": {"mae": 18.270886231145433, "mse": 453.09942704472763, "best_function": 0, "parameters": [1.0, 1.0, 1.0, 1.0, 1.0, 1.0, 1.0]}}, "street_tally": [2.0, 1.0, 3.0]}