{"nature_results": {"Traffic Island Link At Junction": {"mae": 7.1525471388374164, "mse": 72.221697426723225, "best_function": 1, "parameters": [3.6904340275096335, -693.08743144749849, -197.06565391827169, -0.87954562758763166, 1.7058124894244013, -4.3533880486180818, 1.0, 20.290483213326517]}, "Single Carriageway": {"mae": 4.419701770907543, "mse": 33.320170753928167, "best_function": 1, "parameters": [2.1046994927060858, 0.71666000178751332, 0.90802968576870413, 0.018873350652164, 1.3527050918266628, -1.2815287016225523, 1.0, 24.393826711249542]}}, "street_tally": [0.0, 2.0, 0.0]}