{"nature_results": {"Traffic Island Link At Junction": {"mae": 5.8325228968526659, "mse": 52.019898640244371, "best_function": 2, "parameters": [-3.5427110782685611, 5.4785825874882388, 2.6350404863262042, 1.0, -0.15704487206868167, 1.6962251351985351, -5.7253653055639493, 7.3639327780511818, 16.104934851764359]}, "Single Carriageway": {"mae": 6.9433800311332723, "mse": 76.234531643896034, "best_function": 2, "parameters": [-2.5024773897614736, 2.722761032223548, -0.031880559531196839, 1.0, -0.054870819217081923, 0.38717491960633743, 0.39010826147532329, -5.1808558667420597, 31.63693772191893]}, "Slip Road": {"avg_speed": {"mae": 5.3824656995451257, "mse": 46.239873443331859, "best_function": 0, "parameters": [0.91264826854254499, 1.7761701534985392, 1.4820649916371136, 1.0, -0.17124304227952858, 0.75790971654970507, 30.086023144571698]}}, "Traffic Island Link": {"mae": 5.3824656995451257, "mse": 46.239873443331859, "best_function": 0, "parameters": [0.91264826854254499, 1.7761701534985392, 1.4820649916371136, 1.0, -0.17124304227952858, 0.75790971654970507, 30.086023144571698]}}, "street_tally": [1.0, 0.0, 2.0]}