{"nature_results": {"Traffic Island Link At Junction": {"mae": 4.4916251775502554, "mse": 34.543351192683396, "best_function": 1, "parameters": [1.986899129692719, 0.95595757144229476, 0.98178458858708673, 0.029357883105071814, 1.356916532850269, -0.12318190037969035, 1.0, 24.718964434288051]}, "Single Carriageway": {"mae": 6.5486788444536153, "mse": 72.49039434357617, "best_function": 2, "parameters": [11.749411258044104, 13.754494892495831, -1.8094894540355759, 1.0, 0.031655150113125141, -0.4127413980247816, 1.2812512511395429, 0.44738410809861373, 37.942653025553746]}, "Dual Carriageway": {"mae": 5.234069107679546, "mse": 50.873370427723088, "best_function": 0, "parameters": [6.4950294077374116, 9.3124849084424994, -3.9126906493711262, 1.0, 0.76260390342368467, 0.89440481421689866, 30.607781987133958]}, "Roundabout": {"mae": 7.80204509951378, "mse": 119.57860707412172, "best_function": 2, "parameters": [3.2040603657816598, 0.74773116599724621, 1.3262933486437718, 1.0, 0.051783641334298913, -0.5570246451897034, 1.8590565615321599, -2.9727353285555442, 29.264016416297945]}}, "street_tally": [1.0, 1.0, 2.0]}