{"nature_results": {"Traffic Island Link At Junction": {"mae": 5.7704175031869518, "mse": 59.563191881382167, "best_function": 1, "parameters": [3.8226857334176527, 1.0075661686199615, 1.009552056455115, -0.86615586973180148, 1.6867001163955746, -0.40752783121016045, 1.0, 22.742885115109271]}, "Single Carriageway": {"mae": 5.4116195467563735, "mse": 51.111840314307457, "best_function": 2, "parameters": [4.8061343151877978, 5.2591610127160822, -0.83904597781841561, 1.0, 0.02780489449824286, -0.38064116889784994, 1.4404134457899083, -1.1543275093463761, 21.970618384704686]}, "Traffic Island Link": {"mae": 5.1092100276478707, "mse": 43.691619913057508, "best_function": 2, "parameters": [15.528391231250405, 3.0379003237601694, 2.1479233134015465, 1.0, 0.1239177928201769, -1.4656386311217342, 5.2595538421103756, -5.9427915579342834, 14.10199674532366]}}, "street_tally": [0.0, 1.0, 2.0]}