{"nature_results": {"Single Carriageway": {"mae": 29.148231517848078, "mse": 910.99760625361262, "best_function": 0, "parameters": [1.0, 1.0, 1.0, 1.0, 1.0, 1.0, 1.0]}, "Dual Carriageway": {"mae": 25.570073394520843, "mse": 793.20178672469763, "best_function": 0, "parameters": [1.0, 1.0, 1.0, 1.0, 1.0, 1.0, 1.0]}, "Traffic Island Link": {"mae": 19.822362433743042, "mse": 832.41803342685625, "best_function": 1, "parameters": [1.2094510997830503, 0.98634701954013282, 0.9835520366381294, 0.42108754610197374, 1.2094716435483035, -1.6810380303819326, 1.0, 33.651125045117091]}}, "street_tally": [2.0, 1.0, 0.0]}