{"nature_results": {"Dual Carriageway": {"mae": 26.716099059743584, "mse": 763.41081649426314, "best_function": 0, "parameters": [1.0, 1.0, 1.0, 1.0, 1.0, 1.0, 1.0]}}, "street_tally": [1.0, 0.0, 0.0]}