{"nature_results": {"Traffic Island Link At Junction": {"mae": 11.471933678118646, "mse": 199.6971529633565, "best_function": 0, "parameters": [1.0, 1.0, 1.0, 1.0, 1.0, 1.0, 1.0]}, "Single Carriageway": {"mae": 6.328152653342543, "mse": 70.207455821766345, "best_function": 2, "parameters": [2.7584148023902006, 3.0182770787222233, 0.33773932919960736, 1.0, -0.048960600061405568, 0.4742579471889109, -1.552392041926046, 2.6672655196587103, 25.241677324121991]}}, "street_tally": [1.0, 0.0, 1.0]}