{"nature_results": {"Single Carriageway": {"mae": 5.2010846198229421, "mse": 42.940043914940759, "best_function": 2, "parameters": [2.5835379715660522, 6.4588013369828063, 1.0272770819292967, 1.0, -0.025375791731903297, 0.089425257662691826, -0.016656575921936589, 1.8565345138020808, 20.150047452331112]}}, "street_tally": [0.0, 0.0, 1.0]}