{"nature_results": {"Single Carriageway": {"mae": 4.5393122534314445, "mse": 34.093185145651944, "best_function": 2, "parameters": [3.2578734115917483, 3.3049148833775654, -1.5410183357537983, 1.0, 0.011157136828384928, -0.38959215624944443, 2.5947209395259518, -5.4756692289390365, 40.406290684660874]}, "Dual Carriageway": {"mae": 15.625298029441716, "mse": 293.1454052091018, "best_function": 0, "parameters": [1.0, 1.0, 1.0, 1.0, 1.0, 1.0, 1.0]}}, "street_tally": [1.0, 0.0, 1.0]}