{"nature_results": {"Traffic Island Link At Junction": {"mae": 8.9435876024728174, "mse": 123.54212319714763, "best_function": 2, "parameters": [-0.90697236956801142, 0.042975572870067591, 1.3341263884985466, 1.0, -0.025602479453587623, 0.30503791796609758, -1.2410235144921011, 2.3115777125172308, 21.902423193325539]}, "Single Carriageway": {"mae": 15.118834175503091, "mse": 433.47776959554483, "best_function": 1, "parameters": [1.4309688922501484, 0.99489364296594651, 1.0001502588552909, 0.35852799518350431, 1.2253013105515675, 2.0693535067500095, 1.0, 20.740342429884958]}, "Slip Road": {"mae": 7.1120326119336728, "mse": 83.251955396037729, "best_function": 0, "parameters": [1.0, 1.0, 1.0, 1.0, 1.0, 1.0, 1.0]}, "Dual Carriageway": {"mae": 6.7704081112920536, "mse": 71.981746107915825, "best_function": 2, "parameters": [4.4978283818146867, 2.0762663527879837, 0.21451458963339198, 1.0, 0.012594254477952926, -0.35619266347893941, 1.9146611877616238, -0.74113439004416959, 11.802519203354848]}, "Traffic Island Link": {"mae": 12.19348444103538, "mse": 207.71393408252311, "best_function": 1, "parameters": [5.3511559692768946, 0.99733680733761854, 1.0108840657964837, -1.5208738792708529, 1.9103356734906707, 2.2819811887288139, 1.0, 14.869661007022128]}}, "street_tally": [1.0, 2.0, 2.0]}