{"nature_results": {"Single Carriageway": {"mae": 12.217238779407605, "mse": 203.31080628123428, "best_function": 1, "parameters": [7.174178987665309, 1.1623978803182859, 1.0996015810808071, -2.4155292035571079, 2.2409856447491192, 0.031245466653432308, 1.0, 28.139543033556791]}}, "street_tally": [0.0, 1.0, 0.0]}