{"nature_results": {"Single Carriageway": {"mae": 6.7927393428050795, "mse": 77.782143400709842, "best_function": 1, "parameters": [3.1035534809008043, 1.2272620300279735, 1.1326248453375269, -0.4633775326047338, 1.5283218324352696, -1.0137799385479553, 1.0, 32.569156221809607]}, "Dual Carriageway": {"mae": 8.6447528677811825, "mse": 105.15181570975187, "best_function": 1, "parameters": [5.0865099891316063, 1.2741806968114726, 1.1640188558825366, -1.4403686924707308, 1.8901465599763776, -0.21881612096170722, 1.0, 26.511135124432545]}}, "street_tally": [0.0, 2.0, 0.0]}