{"nature_results": {"Single Carriageway": {"mae": 5.7926181379299235, "mse": 58.514502032719598, "best_function": 2, "parameters": [47.198131008672142, 42.190849676951203, -1.2627394334662068, 1.0, -0.093278713737727781, 1.2575369486117769, -5.1054942999910171, 4.9467090136570588, 27.13334925379031]}, "Slip Road": {"mae": 13.120087305970054, "mse": 194.11521297687366, "best_function": 0, "parameters": [1.0, 1.0, 1.0, 1.0, 1.0, 1.0, 1.0]}}, "street_tally": [1.0, 0.0, 1.0]}