{"nature_results": {"Single Carriageway": {"mae": 8.5083392575022945, "mse": 124.88931826898325, "best_function": 1, "parameters": [2.4723381150580481, 1.0153046535973691, 0.95232211635793584, -0.24816799677865942, 1.4652133617146921, 0.44454038576355492, 1.0, 29.222334303391069]}}, "street_tally": [0.0, 1.0, 0.0]}