{"nature_results": {"Traffic Island Link At Junction": {"mae": 18.065991217462287, "mse": 387.74601389055078, "best_function": 0, "parameters": [1.0, 1.0, 1.0, 1.0, 1.0, 1.0, 1.0]}, "Single Carriageway": {"mae": 25.661323973920965, "mse": 698.52399528300464, "best_function": 0, "parameters": [1.0, 1.0, 1.0, 1.0, 1.0, 1.0, 1.0]}}, "street_tally": [2.0, 0.0, 0.0]}