{"nature_results": {"Single Carriageway": {"mae": 7.2315372690410529, "mse": 92.972966012271968, "best_function": 2, "parameters": [2.3298498454253931, 0.54289934325484723, 1.1681133066017717, 1.0, 0.074994517077454192, -0.87055717167080582, 2.7842989822412649, -1.4315079868209724, 19.191021918872128]}, "Slip Road": {"mae": 8.779047852289926, "mse": 131.20478518328036, "best_function": 1, "parameters": [-0.041241310377265306, 1.0122477098173486, 1.018979285549485, 1.0214398643647795, 0.99167739910884101, -2.3190024374618838, 1.0, 23.032766506398197]}}, "street_tally": [0.0, 1.0, 1.0]}