{"nature_results": {"Single Carriageway": {"mae": 6.2913616829862056, "mse": 68.499074407746221, "best_function": 2, "parameters": [18.525018816324643, 8.1481778600507937, -0.72342413283236051, 1.0, -0.19288998962037063, 2.439232691742161, -9.396241922121547, 9.5196917567767176, 37.162309831190008]}}, "street_tally": [0.0, 0.0, 1.0]}