{"nature_results": {"Single Carriageway": {"mae": 20.306823708976118, "mse": 477.08399437062678, "best_function": 0, "parameters": [1.0, 1.0, 1.0, 1.0, 1.0, 1.0, 1.0]}}, "street_tally": [1.0, 0.0, 0.0]}