{"nature_results": {"Traffic Island Link At Junction": {"mae": 10.929247622397792, "mse": 161.53954367367189, "best_function": 0, "parameters": [1.0, 1.0, 1.0, 1.0, 1.0, 1.0, 1.0]}, "Single Carriageway": {"mae": 17.420356665978773, "mse": 373.37789802534735, "best_function": 0, "parameters": [1.0, 1.0, 1.0, 1.0, 1.0, 1.0, 1.0]}, "Dual Carriageway": {"mae": 13.873791654929361, "mse": 290.56783453895321, "best_function": 1, "parameters": [1.4983685510039251, 0.99372609274567725, 0.9909806171510086, 0.28413900710158502, 1.2601218338093227, 1.7460820635473482, 1.0, 18.925210289996446]}}, "street_tally": [2.0, 1.0, 0.0]}