{"nature_results": {"Single Carriageway": {"mae": 26.112008479239513, "mse": 744.64794187194866, "best_function": 0, "parameters": [1.0, 1.0, 1.0, 1.0, 1.0, 1.0, 1.0]}, "Roundabout": {"mae": 18.485371228581329, "mse": 426.33513037608816, "best_function": 0, "parameters": [1.0, 1.0, 1.0, 1.0, 1.0, 1.0, 1.0]}, "Traffic Island Link": {"mae": 27.353465191147929, "mse": 824.68690055148181, "best_function": 0, "parameters": [1.0, 1.0, 1.0, 1.0, 1.0, 1.0, 1.0]}, "Traffic Island Link At Junction": {"mae": 13.196606296089783, "mse": 236.19427789271978, "best_function": 0, "parameters": [1.0, 1.0, 1.0, 1.0, 1.0, 1.0, 1.0]}, "Slip Road": {"mae": 6.2817003401448579, "mse": 62.598685796698753, "best_function": 2, "parameters": [21.971058988493731, 26.468751804871538, -2.2831003196001598, 1.0, 0.016670473597936164, -0.44901692442225039, 3.6595966976292615, -9.7496383969496634, 22.677915252647992]}, "Dual Carriageway": {"mae": 24.398930138016219, "mse": 636.51283254779673, "best_function": 0, "parameters": [1.0, 1.0, 1.0, 1.0, 1.0, 1.0, 1.0]}}, "street_tally": [5.0, 0.0, 1.0]}