{"nature_results": {"Single Carriageway": {"mae": 13.087000108635916, "mse": 235.31359648379436, "best_function": 0, "parameters": [1.0, 1.0, 1.0, 1.0, 1.0, 1.0, 1.0]}}, "street_tally": [1.0, 0.0, 0.0]}