{"nature_results": {"Single Carriageway": {"mae": 5.8362683734143701, "mse": 144.35471675815091, "best_function": 2, "parameters": [2.9299425933580543, 5.6188880301100514, 0.28034799601141835, 1.0, -0.014167919980665467, 0.064659744812866848, 0.0395190572699049, 0.60557117044510411, 25.2825156395546]}, "Traffic Island Link": {"mae": 21.009538157300117, "mse": 580.3358958095979, "best_function": 0, "parameters": [1.0, 1.0, 1.0, 1.0, 1.0, 1.0, 1.0]}}, "street_tally": [1.0, 0.0, 1.0]}