{"nature_results": {"Traffic Island Link At Junction": {"mae": 6.2327959062728704, "mse": 61.190348543197061, "best_function": 2, "parameters": [0.47192751432732016, 1.6559348886083891, -1.6240127067724468, 1.0, -0.14680513978659704, 1.5758226203100794, -5.1766179586305094, 5.7668356587765839, 18.068626389124038]}, "Single Carriageway": {"mae": 7.0900663116296441, "mse": 98.666328282817389, "best_function": 2, "parameters": [8.67818927349634, 1.907983743884675, 1.0692803179867245, 1.0, -0.034682423401910745, 0.39550761741602336, -1.4770052128682738, 1.758430007420172, 26.036217546898083]}, "Dual Carriageway": {"mae": 5.8462130464448707, "mse": 51.249620700660422, "best_function": 2, "parameters": [-2.638895290110737, 0.83755493532471237, -0.10571624646383571, 1.0, -0.075089174009878912, 0.85471622142464443, -3.4319862755180601, 5.6121457028657247, 20.389790435148672]}, "Slip Road": {"mae": 78.330201062276501, "mse": 15111.680949795405, "best_function": 1, "parameters": [-0.33344739337996687, 0.87106208272252683, 0.96138066843543135, 1.1340811575670089, 0.95570042977328185, 0.67891629907586593, 1.0, 31.291853511238159]}}, "street_tally": [0.0, 1.0, 3.0]}