{"nature_results": {"Dual Carriageway": {"mae": 37.966563517583928, "mse": 1522.8548992896144, "best_function": 0, "parameters": [1.0, 1.0, 1.0, 1.0, 1.0, 1.0, 1.0]}}, "street_tally": [1.0, 0.0, 0.0]}