{"nature_results": {"Dual Carriageway": {"mae": 23.768513765535538, "mse": 637.731831221569, "best_function": 0, "parameters": [1.0, 1.0, 1.0, 1.0, 1.0, 1.0, 1.0]}}, "street_tally": [1.0, 0.0, 0.0]}