{"nature_results": {"Single Carriageway": {"mae": 4.6487956998894155, "mse": 40.77156672629954, "best_function": 2, "parameters": [10.731090209630407, 13.024094454584146, -1.8047927639878494, 1.0, 0.10399799848355451, -1.1605558570213654, 3.3794646683835365, -0.9841148258525767, 36.790167290783373]}}, "street_tally": [0.0, 0.0, 1.0]}