{"nature_results": {"Traffic Island Link At Junction": {"mae": 4.6305636710060405, "mse": 47.756753281697307, "best_function": 2, "parameters": [8.2178490129059121, 18.161052530835228, 0.95132552011588589, 1.0, 0.10870071026787953, -1.1496300816137719, 2.7766037759642854, 1.9722230768859728, 10.898060130984671]}, "Single Carriageway": {"mae": 5.5513171682641884, "mse": 59.06541563756187, "best_function": 2, "parameters": [-0.34703772388231902, 6.0593642846060076, 0.35026164028379103, 1.0, 0.0027723505715614438, 0.040790050312448312, -0.96545323459276799, 4.1016441703524222, 29.482997749595043]}, "Dual Carriageway": {"mae": 7.5781970941099965, "mse": 89.302063193983329, "best_function": 1, "parameters": [1.9424447958983873, 0.99192058943180994, 0.9747679434436709, 0.039068335613434924, 1.3566161831984167, -0.96893800958737719, 1.0, 17.251861778711884]}, "Traffic Island Link": {"mae": 6.5974925697830678, "mse": 79.441644344188958, "best_function": 2, "parameters": [-4.6288226737376359, 3.7404443269933658, -0.41408237848761287, 1.0, -0.025120340296888699, 0.42247201402760759, -2.589947051245868, 6.1781741780360839, 33.911964529296839]}}, "street_tally": [0.0, 1.0, 3.0]}