{"nature_results": {"Traffic Island Link At Junction": {"mae": 6.0866561098284739, "mse": 60.190837859579908, "best_function": 2, "parameters": [-1.6803618225149082, 2.3610530573976538, -0.71631945935994978, 1.0, -0.018293103683872713, 0.07048240296174757, 0.25062622006624935, -0.40464287435396917, 27.462363474519996]}, "Single Carriageway": {"mae": 5.2416313459400197, "mse": 49.037323015477682, "best_function": 2, "parameters": [-2.5560581689754942, 1.5320891814831934, 0.4611805924736706, 1.0, -0.035942332668309485, 0.37308707060752022, -1.645260284544825, 4.1272213920242962, 35.490956205283268]}, "Roundabout": {"mae": 25.298698735397927, "mse": 790.96653763359484, "best_function": 0, "parameters": [1.0, 1.0, 1.0, 1.0, 1.0, 1.0, 1.0]}, "Dual Carriageway": {"mae": 29.006648247780674, "mse": 923.01416054953597, "best_function": 0, "parameters": [1.0, 1.0, 1.0, 1.0, 1.0, 1.0, 1.0]}, "Traffic Island Link": {"mae": 5.2186949322912817, "mse": 52.715763048071288, "best_function": 2, "parameters": [2.0744093334176368, 7.3563274212796843, 1.4342851788543904, 1.0, 0.057464721128223761, -0.87841198085331329, 3.5990161566236982, -2.8712981392832759, 42.949335692915703]}}, "street_tally": [2.0, 0.0, 3.0]}