{"nature_results": {"Single Carriageway": {"mae": 13.138772796051732, "mse": 295.75976937465526, "best_function": 1, "parameters": [1.4901198303336145, 0.95882825847515341, 0.97694283077972655, 0.30018028426175136, 1.2524676278224915, -1.2495730230453006, 1.0, 29.345649967017508]}, "Dual Carriageway": {"mae": 6.9135478203229574, "mse": 76.871606846011829, "best_function": 2, "parameters": [33.883649324452797, 10.087618710631334, -3.8526573130929025, 1.0, -0.022509737861856838, 0.55237446453818717, -4.3679731605073941, 11.750153514664476, 19.089805296496852]}}, "street_tally": [0.0, 1.0, 1.0]}