{"nature_results": {"Single Carriageway": {"mae": 4.8071526062292111, "mse": 44.257257997652822, "best_function": 1, "parameters": [0.0090883719735831425, 0.97369066799787241, 1.0028282307124921, 1.055618299267403, 0.96816525262008057, -2.5025758167114982, 1.0, 33.417357442340887]}, "Dual Carriageway": {"mae": 6.6735333448784937, "mse": 68.026890740704516, "best_function": 2, "parameters": [-1.3168008457667226, 1.2157602352550243, -2.6322941022288937, 1.0, -0.20916357368326532, 2.3641865849232886, -8.5950506694306981, 11.141524892832335, 26.396172393993876]}}, "street_tally": [0.0, 1.0, 1.0]}