{"nature_results": {"Traffic Island Link At Junction": {"mae": 14.13654571401522, "mse": 241.46655904067364, "best_function": 0, "parameters": [1.0, 1.0, 1.0, 1.0, 1.0, 1.0, 1.0]}, "Single Carriageway": {"mae": 11.846127317080258, "mse": 218.48729932934589, "best_function": 1, "parameters": [0.041423923922196182, 0.989451219270019, 0.97224629515532868, 1.0265032173653115, 0.98078339073816756, -0.30159571659316309, 1.0, 32.179801662159178]}, "Roundabout": {"mae": 10.125745879053095, "mse": 206.2729335474512, "best_function": 2, "parameters": [34.401832755853988, 38.292859689734733, -3.7664964795662446, 1.0, -0.24939321931024927, 2.7922509372558348, -9.4050686067621125, 10.291912537179494, 23.945323375210453]}, "Traffic Island Link": {"mae": 29.830203646258738, "mse": 935.93359756508016, "best_function": 0, "parameters": [1.0, 1.0, 1.0, 1.0, 1.0, 1.0, 1.0]}}, "street_tally": [2.0, 1.0, 1.0]}