{"nature_results": {"Single Carriageway": {"mae": 5.9941190741024863, "mse": 63.640345769445972, "best_function": 2, "parameters": [-0.53759724712138612, 5.8059842513248991, 1.0645512430934603, 1.0, -0.12782261964883102, 1.4300236989699346, -5.1502223572046821, 6.8258714819388491, 27.045751171654739]}, "Dual Carriageway": {"mae": 8.8680089820439392, "mse": 126.29696780232545, "best_function": 2, "parameters": [0.3126172536674553, 4.3650192312480094, 0.19291676964401105, 1.0, -0.11030313029096428, 1.2371257530996296, -4.512148374271991, 5.5151512269135479, 25.590634281801837]}}, "street_tally": [0.0, 0.0, 2.0]}