{"nature_results": {"Single Carriageway": {"mae": 5.3662753815359183, "mse": 56.041500439674799, "best_function": 2, "parameters": [2.9194081571566821, 1.4918304303179908, -0.96488240717154228, 1.0, -0.049675107372906036, 0.40995425243227501, -0.97415685857998069, 0.98829967322565282, 32.767881962162022]}, "Roundabout": {"mae": 5.8487979124907445, "mse": 63.188940127929015, "best_function": 2, "parameters": [-0.11200326638957736, 3.6286054065882909, -0.56057994461914062, 1.0, -0.011898959647222984, 0.065742531859640296, -0.01616329752973833, -0.19242551717010947, 24.994241371888364]}, "Dual Carriageway": {"mae": 19.47170927213552, "mse": 494.79000545067055, "best_function": 0, "parameters": [1.0, 1.0, 1.0, 1.0, 1.0, 1.0, 1.0]}, "Slip Road": {"mae": 6.0004192931566838, "mse": 68.993936613300704, "best_function": 0, "parameters": [1.0, 1.0, 1.0, 1.0, 1.0, 1.0, 1.0]}}, "street_tally": [2.0, 0.0, 2.0]}