{"nature_results": {"Single Carriageway": {"mae": 5.0373573757779591, "mse": 46.835158738098237, "best_function": 2, "parameters": [11.791966256102173, 2.1985916829981424, -0.1069864565851335, 1.0, 0.0019270682595607935, 0.032589130548654976, -0.41766752572229282, 1.2347899026519815, 19.582871707636922]}}, "street_tally": [0.0, 0.0, 1.0]}