{"nature_results": {"Single Carriageway": {"mae": 5.8542205677792944, "mse": 59.656796871959472, "best_function": 2, "parameters": [16.222029405345872, 8.114653772754032, 0.23020000384930039, 1.0, -0.026899553128656217, 0.3160089576700279, -0.80856279820654575, -0.010014150746672223, 11.161913170505594]}}, "street_tally": [0.0, 0.0, 1.0]}