{"nature_results": {"Traffic Island Link At Junction": {"mae": 3.8990085660502598, "mse": 25.352050910620516, "best_function": 0, "parameters": [44506.260767561704, 15847.898080437593, 4.2155584414669809, 1.0, 0.49720473213779648, 0.7004171746351906, 14.226106177960144]}, "Single Carriageway": {"mae": 5.8971419785462276, "mse": 53.026555485161232, "best_function": 1, "parameters": [1.8598562785152812, -87151.206402583251, -30976.303555520077, 0.11710011802614606, 1.3205064192086413, 1.1271661737410439, 1.0, 20.110085039161252]}, "Traffic Island Link": {"mae": 7.2242165667283587, "mse": 63.332052690361202, "best_function": 1, "parameters": [1.3912330986786905, -76217.849860965318, -27089.83851412162, 0.41335220458634736, 1.1995537600235784, 1.2141026283025804, 1.0, 20.579554542189527]}}, "street_tally": [1.0, 2.0, 0.0]}