{"nature_results": {"Single Carriageway": {"mae": 6.5800156416368711, "mse": 55.598295042636153, "best_function": 2, "parameters": [23.67083090647451, 6.5181514486998609, 1.4680938668156625, 1.0, 0.0049099300835656612, 0.36054505310664653, -3.0364649290247332, 5.1891265699766693, 14.69446073623919]}}, "street_tally": [0.0, 0.0, 1.0]}