{"nature_results": {"Traffic Island Link At Junction": {"mae": 7.9677085087045629, "mse": 123.85089028208695, "best_function": 1, "parameters": [1.9649548272858364, 0.96270991704060926, 0.98846138665917138, 0.076750054008554947, 1.3336216223817967, 2.8659495417512071, 1.0, 23.577469442256461]}, "Single Carriageway": {"mae": 10.956383881266227, "mse": 300.37206611105842, "best_function": 1, "parameters": [1.6346819976383202, 1.0032189862355836, 1.0219269520217424, 0.22168193875614994, 1.2828214626049381, 0.22971594477597324, 1.0, 24.281392465612974]}, "Slip Road": {"mae": 5.6221306309956649, "mse": 31.608352831979712, "best_function": 0, "parameters": [1.0, 1.0, 1.0, 1.0, 1.0, 1.0, 1.0]}, "Dual Carriageway": {"mae": 7.3230615028703676, "mse": 90.455755533140064, "best_function": 1, "parameters": [2.5986553150071767, 0.75986640496578861, 0.87071163299075971, -0.23494639982603815, 1.446757504033277, 2.881319870152482, 1.0, 16.723388606005692]}, "Traffic Island Link": {"mae": 24.657184909245391, "mse": 692.23192579936108, "best_function": 0, "parameters": [1.0, 1.0, 1.0, 1.0, 1.0, 1.0, 1.0]}}, "street_tally": [2.0, 3.0, 0.0]}