{"nature_results": {"Traffic Island Link At Junction": {"mae": 3.488425795204007, "mse": 25.546716682270567, "best_function": 2, "parameters": [-0.4527061942251287, 3.1222866426222526, 0.68482869528005363, 1.0, 0.040557274248184783, -0.58498151420876487, 2.4811903691964781, -2.6847971752642001, 20.556889774694078]}, "Single Carriageway": {"mae": 2.0872852620617679, "mse": 8.4516096228328106, "best_function": 2, "parameters": [-1.135521896436519, 1.4654661622669292, -0.062165247443388472, 1.0, 0.066323112449120925, -0.86184971911246611, 3.4072726379620906, -4.0656575110239821, 24.878905427514635]}}, "street_tally": [0.0, 0.0, 2.0]}