{"nature_results": {"Single Carriageway": {"mae": 1.9900470574210367, "mse": 7.768688700139271, "best_function": 2, "parameters": [11.473976742286414, 5.0542564491593529, 0.4705471570851093, 1.0, -0.042051682564215875, 0.49657758782140093, -1.6852144515860452, 1.5656575308575347, 3.5427629513210905]}}, "street_tally": [0.0, 0.0, 1.0]}