{"nature_results": {"Dual Carriageway": {"mae": 18.337610318654303, "mse": 396.97032606468605, "best_function": 0, "parameters": [1.0, 1.0, 1.0, 1.0, 1.0, 1.0, 1.0]}}, "street_tally": [1.0, 0.0, 0.0]}