{"nature_results": {"Single Carriageway": {"mae": 5.931520206601923, "mse": 68.60336979416779, "best_function": 2, "parameters": [-1.5561295379153677, 3.773607574262714, 0.95019421213328836, 1.0, 0.022742565943385973, -0.27192054138097732, 0.5778406983233153, 1.4498262145400702, 20.353275772073477]}, "Traffic Island Link": {"mae": 8.7466895806280913, "mse": 105.64078461464337, "best_function": 1, "parameters": [2.1896782864226085, 0.99754746411692397, 1.0215372422705942, -0.037265799307339753, 1.3763208974168999, -0.65091805688688975, 1.0, 15.616553145380557]}}, "street_tally": [0.0, 1.0, 1.0]}