{"nature_results": {"Traffic Island Link At Junction": {"mae": 6.1583950906927116, "mse": 58.233319504146159, "best_function": 1, "parameters": [2.4423680771294407, 1.0117137179937161, 1.0024768600686529, -0.24502403700001829, 1.4673560661038785, -1.6355983120071844, 1.0, 21.354464316594989]}, "Single Carriageway": {"mae": 5.9342953618619818, "mse": 63.32079934546892, "best_function": 2, "parameters": [-5.4178669698249413, 3.0468766933229592, -0.30098980399670205, 1.0, 0.060242509958547297, -0.62631029197657417, 1.8811642884600688, -2.1954556174188968, 35.453430622710172]}, "Dual Carriageway": {"mae": 22.754316865827491, "mse": 741.189613118642, "best_function": 0, "parameters": [1.0, 1.0, 1.0, 1.0, 1.0, 1.0, 1.0]}, "Roundabout": {"mae": 18.647400453567258, "mse": 442.1097129384587, "best_function": 0, "parameters": [1.0, 1.0, 1.0, 1.0, 1.0, 1.0, 1.0]}}, "street_tally": [2.0, 1.0, 1.0]}