{"nature_results": {"Traffic Island Link At Junction": {"mae": 19.796571259470792, "mse": 480.58186819598802, "best_function": 0, "parameters": [1.0, 1.0, 1.0, 1.0, 1.0, 1.0, 1.0]}, "Single Carriageway": {"mae": 8.0664002580136014, "mse": 103.53511311417239, "best_function": 2, "parameters": [0.58305624283417501, 1.9200113097637934, -1.4888904428469583, 1.0, -0.14397025504640348, 1.692527737873464, -6.564371505381315, 8.8139084507549441, 28.876332561621037]}}, "street_tally": [1.0, 0.0, 1.0]}