{"nature_results": {"Traffic Island Link At Junction": {"mae": 51.954936976754986, "mse": 6699.5326863616201, "best_function": 1, "parameters": [0.33921418513913704, 1.0299698273005493, 1.0505088879551636, 0.94254604722624402, 1.0019428861581485, -3.7402115005284431, 1.0, 17.472378203926397]}, "Single Carriageway": {"mae": 5.5952733427920185, "mse": 55.851841639253031, "best_function": 2, "parameters": [1.9116853334730695, 3.3890756437279057, -1.5377029298005001, 1.0, 0.062202914918381702, -0.83637913439365219, 3.0696355928452288, -1.2643692076893149, 26.832442825330183]}, "Dual Carriageway": {"mae": 8.3176144570970809, "mse": 140.48652623512805, "best_function": 1, "parameters": [1.6965701771012132, 0.99608520621641372, 0.98080284896926218, 0.1276205267334698, 1.3291659346929774, -4.6706126716599572, 1.0, 28.168332714450724]}}, "street_tally": [0.0, 2.0, 1.0]}