{"nature_results": {"Single Carriageway": {"mae": 7.0574846818310606, "mse": 83.940252502791381, "best_function": 2, "parameters": [-3.6100351016024383, 4.0483927529812309, 1.113551398764919, 1.0, -0.0049980440181180974, -0.0067131257220134355, -0.040420630733598362, 1.2133960989809842, 19.563974347629017]}}, "street_tally": [0.0, 0.0, 1.0]}