{"nature_results": {"Traffic Island Link At Junction": {"mae": 10.558618321790192, "mse": 145.99543197231836, "best_function": 1, "parameters": [6.4923652309289883, 0.80469825218665769, 0.91637994743584494, -2.0529745041770409, 2.1020375238737286, -3.102808448453894, 1.0, 10.515750314445844]}, "Single Carriageway": {"mae": 29.418027391682923, "mse": 911.51477091904928, "best_function": 0, "parameters": [1.0, 1.0, 1.0, 1.0, 1.0, 1.0, 1.0]}}, "street_tally": [1.0, 1.0, 0.0]}