{"nature_results": {"Traffic Island Link At Junction": {"mae": 3.8243955366986224, "mse": 23.960533615232844, "best_function": 2, "parameters": [-0.12393282723023757, 3.1659084127783901, 0.99357393640566127, 1.0, 0.058364708011660049, -0.7483823015032689, 2.5325364434930138, -0.91886261064354113, 23.719053196578152]}, "Single Carriageway": {"mae": 4.7816170495936472, "mse": 42.24556215114351, "best_function": 2, "parameters": [-1.0382382370095686, 10.719366321741402, -1.0511371033714649, 1.0, 0.13212364662448606, -1.6646401994656035, 5.8974154477654768, -3.6875391988631243, 31.486849514372672]}, "Dual Carriageway": {"mae": 5.1670583827143544, "mse": 44.122273821421899, "best_function": 2, "parameters": [-0.85963591122404259, 6.3830507628794821, -0.22510130671354189, 1.0, -0.071516019339790571, 1.0401317578241736, -5.2660454091917739, 9.7558999646537963, 31.590237740784936]}, "Roundabout": {"mae": 5.3798088169324698, "mse": 54.423844666539907, "best_function": 2, "parameters": [-2.0819411207605523, 7.9115924916779532, -0.31932722393623636, 1.0, -0.040662627618450964, 0.46634930873728153, -1.9684200001157817, 3.6551375382798503, 24.859878340044254]}}, "street_tally": [0.0, 0.0, 4.0]}