{"nature_results": {"Traffic Island Link At Junction": {"mae": 8.0910245522723887, "mse": 128.35919648248012, "best_function": 0, "parameters": [-7.7173737710957173, 6.1675786809830306, -1.6453409531351628, 1.0, 1.0445327686210546, 0.45038953673233695, 28.182895393976686]}, "Single Carriageway": {"mae": 7.8747161459693054, "mse": 114.42599532708067, "best_function": 1, "parameters": [0.016453318526836958, 0.99522681222194942, 0.99816381922449693, 1.0604194359099084, 0.9650660039650989, -1.4871200470718673, 1.0, 28.115775158664434]}, "Dual Carriageway": {"mae": 13.752954084095171, "mse": 311.79081748081097, "best_function": 1, "parameters": [3.6983060226842519, 0.92081154043001645, 0.86975393848280436, -0.56049235104227457, 1.5281886063422068, -2.2338599056737238, 1.0, 7.6423561500831099]}, "Slip Road": {"mae": 6.8795201696257253, "mse": 71.208402491417516, "best_function": 2, "parameters": [18.613227077454574, 35.541750494646791, 0.24884922632549511, 1.0, 0.20854202609587824, -3.5292718572307562, 17.985870265406252, -26.073545796986167, 39.661574091980498]}}, "street_tally": [1.0, 2.0, 1.0]}