{"nature_results": {"Single Carriageway": {"mae": 3.5864608936846794, "mse": 20.654078591544682, "best_function": 1, "parameters": [1.962980484726017, 1.0611147966680425, 1.0912342436351992, 0.068641453023164156, 1.3388316073263611, 1.4154016366380988, 1.0, 13.717588194107663]}}, "street_tally": [0.0, 1.0, 0.0]}