{"nature_results": {"Single Carriageway": {"mae": 5.7128680848639366, "mse": 65.600646465464237, "best_function": 2, "parameters": [0.17090506822767892, 0.84562988803292127, 1.2603506255424708, 1.0, -0.0042042384862737148, -0.050624332998846722, 0.30156633172467306, 1.1447839546929026, 25.056304071061209]}, "Roundabout": {"mae": 369.79241678538722, "mse": 38035534.540982559, "best_function": 0, "parameters": [-5.6201654129279524, 4.6899580379024739, 2.7168544200377349, 1.0, 1.1078397012486367, 0.47508331345283683, 23.383318853102285]}, "Traffic Island Link": {"mae": 7.5518041631127355, "mse": 104.59870159218816, "best_function": 0, "parameters": [-3.16187061835394, 0.11676745970649094, -0.99098279108860954, 1.0, 1.1741886919592313, 0.45509350300908813, 29.880084365687427]}, "Traffic Island Link At Junction": {"mae": 8.1662524952768845, "mse": 119.74515457467453, "best_function": 2, "parameters": [1.7129399751970062, 6.5886229770953095, -0.13144748042913035, 1.0, -0.052858870422885618, 0.58497995565876582, -2.4198955664063022, 5.0314200970310035, 22.260935326229706]}, "Slip Road": {"mae": 12.780025542501807, "mse": 235.36538794639148, "best_function": 2, "parameters": [-2.2408501536222407, 11.595447565293274, 3.8463202315922143, 1.0, 0.12598620385544956, -1.5477832762133623, 5.29091950043646, -2.8600516141595698, 27.681522226373854]}, "Dual Carriageway": {"mae": 22.836249945469405, "mse": 615.89213137416777, "best_function": 0, "parameters": [1.0, 1.0, 1.0, 1.0, 1.0, 1.0, 1.0]}}, "street_tally": [3.0, 0.0, 3.0]}