{"nature_results": {"Single Carriageway": {"mae": 3.4921584368152088, "mse": 18.980699489142271, "best_function": 0, "parameters": [-6.1191665015122254, 1.408652705759881, 0.8021047234101053, 1.0, 1.5073919163535892, 0.25320926170043723, 21.707198142996514]}}, "street_tally": [1.0, 0.0, 0.0]}