{"nature_results": {"Single Carriageway": {"mae": 26.229697974420901, "mse": 753.93876115862531, "best_function": 0, "parameters": [1.0, 1.0, 1.0, 1.0, 1.0, 1.0, 1.0]}, "Dual Carriageway": {"mae": 23.867992130646567, "mse": 599.64565487762695, "best_function": 0, "parameters": [1.0, 1.0, 1.0, 1.0, 1.0, 1.0, 1.0]}}, "street_tally": [2.0, 0.0, 0.0]}