{"nature_results": {"Traffic Island Link At Junction": {"mae": 10.661851411481054, "mse": 182.61644801169541, "best_function": 0, "parameters": [1.0, 1.0, 1.0, 1.0, 1.0, 1.0, 1.0]}, "Single Carriageway": {"mae": 17.569813960459896, "mse": 354.9980159665547, "best_function": 0, "parameters": [1.0, 1.0, 1.0, 1.0, 1.0, 1.0, 1.0]}}, "street_tally": [2.0, 0.0, 0.0]}