{"nature_results": {"Roundabout": {"mae": 20.367129676729704, "mse": 525.77928433205034, "best_function": 0, "parameters": [1.0, 1.0, 1.0, 1.0, 1.0, 1.0, 1.0]}}, "street_tally": [1.0, 0.0, 0.0]}