{"nature_results": {"Traffic Island Link At Junction": {"mae": 12.427323874910316, "mse": 197.13042495384983, "best_function": 0, "parameters": [1.0, 1.0, 1.0, 1.0, 1.0, 1.0, 1.0]}, "Single Carriageway": {"mae": 6.405441096077146, "mse": 71.880780998968788, "best_function": 2, "parameters": [0.31548796266880141, 1.2665259579287382, -0.57313289154374392, 1.0, 0.012862063694839332, -0.20530038006197393, 0.46485684721502718, 1.805538477340646, 23.628507421247637]}}, "street_tally": [1.0, 0.0, 1.0]}