{"nature_results": {"Single Carriageway": {"mae": 7.033945502559364, "mse": 84.257155990291707, "best_function": 1, "parameters": [2.999260394617937, 0.97706271159782854, 1.0009795698771633, -0.43822850868581376, 1.524502089877783, 0.65727289067856498, 1.0, 29.989187764292819]}, "Dual Carriageway": {"mae": 7.1252205428213227, "mse": 86.232402599161574, "best_function": 1, "parameters": [2.6323488431426298, 1.0993414112037276, 1.0557466735236911, -0.2268216431628296, 1.4402589293105119, 2.3716802029426809, 1.0, 34.86242796688196]}}, "street_tally": [0.0, 2.0, 0.0]}