{"nature_results": {"Traffic Island Link At Junction": {"mae": 13.315139864238537, "mse": 222.08010388945675, "best_function": 0, "parameters": [1.0, 1.0, 1.0, 1.0, 1.0, 1.0, 1.0]}, "Single Carriageway": {"mae": 18.321415035486474, "mse": 397.71752083253347, "best_function": 0, "parameters": [1.0, 1.0, 1.0, 1.0, 1.0, 1.0, 1.0]}, "Slip Road": {"mae": 4.0736653356317749, "mse": 39.897723948599769, "best_function": 1, "parameters": [2.65203321623525, 0.60530815653571435, 0.76276582226815215, -0.31610513473335344, 1.4867645442775879, 0.92190399603504758, 1.0, 14.511736248903699]}}, "street_tally": [2.0, 1.0, 0.0]}