{"nature_results": {"Single Carriageway": {"mae": 6.8073211150209216, "mse": 104.02688934061163, "best_function": 1, "parameters": [1.4915528333124624, 0.98942854952384818, 1.009544657962822, 0.30951792069316819, 1.2470293394111784, 1.5772937120200279, 1.0, 23.40343087838459]}, "Dual Carriageway": {"mae": 16.124449492820691, "mse": 340.23945595218737, "best_function": 0, "parameters": [1.0, 1.0, 1.0, 1.0, 1.0, 1.0, 1.0]}, "Traffic Island Link": {"mae": 4.7015457925990001, "mse": 38.558266623646553, "best_function": 2, "parameters": [-0.36925008155500683, 4.0858811670158772, 1.285248588136729, 1.0, -0.059541607174953048, 0.70282694441219529, -2.9531148059523504, 5.5713248528658088, 29.155008394852263]}}, "street_tally": [1.0, 1.0, 1.0]}