{"nature_results": {"Traffic Island Link At Junction": {"mae": 4.2376233767983988, "mse": 32.688334532983703, "best_function": 2, "parameters": [10.377880787144344, 10.079994265616756, -3.6541115675158862, 1.0, 0.084633194787969601, -1.1233406925903737, 4.5340676711382937, -5.1722373406207502, 25.60616348470764]}, "Single Carriageway": {"mae": 6.4115902163884693, "mse": 90.366266016398896, "best_function": 0, "parameters": [9.0311814340049086, 15.121150027721725, -1.5827023552944541, 1.0, 0.78748862092274496, 0.63722661869843367, 22.661766639746279]}, "Roundabout": {"mae": 4.9525279901841381, "mse": 38.491541592104319, "best_function": 2, "parameters": [32.595385843928625, 32.233880338663496, -6.0093720143065692, 1.0, 0.020646678093288684, -0.37536909685802966, 1.9665700535685819, -2.6705560057596807, 22.417201705899295]}}, "street_tally": [1.0, 0.0, 2.0]}