{"nature_results": {"Single Carriageway": {"mae": 9.7058158508762595, "mse": 136.49073020764217, "best_function": 1, "parameters": [3.0074423649307653, 0.98445790925656829, 0.98835627292330186, -0.4108846861482609, 1.5088500677571799, -2.0309658568912727, 1.0, 18.015639629419987]}, "Slip Road": {"mae": 8.1682669439069979, "mse": 102.56807933778209, "best_function": 0, "parameters": [1.0, 1.0, 1.0, 1.0, 1.0, 1.0, 1.0]}}, "street_tally": [1.0, 1.0, 0.0]}