{"nature_results": {"Traffic Island Link At Junction": {"mae": 5.6880894715778041, "mse": 60.04313791499753, "best_function": 2, "parameters": [6.731822524788865, 12.509022683047121, 1.1703618430460412, 1.0, -0.033314318050731595, 0.45103546671653583, -2.3871398368005052, 5.3336890439077242, 15.854155248791161]}, "Single Carriageway": {"mae": 4.499760951960174, "mse": 31.014447199377404, "best_function": 2, "parameters": [-26.19964970392833, 2.7670080902906813, -1.0013617965276089, 1.0, 0.2313623821445796, -2.2004511794527812, 4.1748994533483295, 5.1846126273603899, 18.558057465098198]}, "Traffic Island Link": {"mae": 4.9217406535565722, "mse": 48.964452370919616, "best_function": 1, "parameters": [2.0111517583446874, 0.80893390747259142, 0.93706619274868252, -0.018657877976042681, 1.3829236597384531, -1.1053169616096739, 1.0, 19.53325683718116]}}, "street_tally": [0.0, 1.0, 2.0]}