{"nature_results": {"Traffic Island Link At Junction": {"mae": 14.67737090789876, "mse": 283.20991808701382, "best_function": 0, "parameters": [1.0, 1.0, 1.0, 1.0, 1.0, 1.0, 1.0]}, "Single Carriageway": {"mae": 19.474960041004142, "mse": 448.43568526332803, "best_function": 0, "parameters": [1.0, 1.0, 1.0, 1.0, 1.0, 1.0, 1.0]}, "Slip Road": {"mae": 13.591087910462734, "mse": 218.65931851133274, "best_function": 1, "parameters": [5.6182045694106382, 0.69982745117997525, 0.77384454693098992, -1.6822339477794039, 1.9766894318912769, 0.54943260861067555, 1.0, 6.4937362452233991]}}, "street_tally": [2.0, 1.0, 0.0]}