{"nature_results": {"Single Carriageway": {"mae": 8.6806664980807202, "mse": 161.86084320426062, "best_function": 1, "parameters": [0.01432321608039, 0.94843460768943932, 0.98114585161662227, 0.96418712709970034, 1.0202451981185536, -3.8264611047289234, 1.0, 28.397335486990684]}, "Traffic Island Link": {"mae": 9.4222907391893891, "mse": 135.85398298275584, "best_function": 1, "parameters": [7.1368070063489437, 1.1363811066128124, 1.0072754281298411, -2.4024250611813711, 2.2374494921011312, -2.4990605348117176, 1.0, 24.587504551377563]}}, "street_tally": [0.0, 2.0, 0.0]}