{"nature_results": {"Single Carriageway": {"mae": 3.2407516882418204, "mse": 16.230666053256982, "best_function": 2, "parameters": [-1.3775545556531115, 3.840442917787128, -0.81050885061272493, 1.0, -0.036980524818244875, 0.41095841928340116, -1.3137157666529862, 1.8653916708128879, 9.1455480132233706]}}, "street_tally": [0.0, 0.0, 1.0]}