{"nature_results": {"Single Carriageway": {"mae": 21.894396039186351, "mse": 519.76363323318367, "best_function": 0, "parameters": [1.0, 1.0, 1.0, 1.0, 1.0, 1.0, 1.0]}, "Dual Carriageway": {"mae": 22.840660516692889, "mse": 574.26953319389168, "best_function": 0, "parameters": [1.0, 1.0, 1.0, 1.0, 1.0, 1.0, 1.0]}}, "street_tally": [2.0, 0.0, 0.0]}