{"nature_results": {"Single Carriageway": {"mae": 4.969412249262283, "mse": 38.060983540719043, "best_function": 2, "parameters": [0.34121422297937232, 13.070012237614682, 3.0166773145764751, 1.0, 0.062597993689862963, -0.67149354158763552, 1.603969162032171, 0.86493516798971304, 24.21862067743178]}}, "street_tally": [0.0, 0.0, 1.0]}