{"nature_results": {"Traffic Island Link At Junction": {"mae": 5.2104935622877147, "mse": 47.074054149551102, "best_function": 2, "parameters": [-20.334467654467119, 2.6137243808388972, 9.8676003982132237, 1.0, 0.51983729185814753, -6.1822581726160264, 21.922506810173477, -22.749424601421509, 19.581129981749285]}, "Single Carriageway": {"mae": 5.5552615651930601, "mse": 52.621931012124769, "best_function": 2, "parameters": [-9.5835758766715333, 0.95475104315922787, -1.3513954677024476, 1.0, 0.042525468309321357, -0.48882745082543333, 1.4057807798121724, 0.34765341907565728, 23.615064015375289]}, "Dual Carriageway": {"mae": 17.647609759182263, "mse": 402.06791073619667, "best_function": 0, "parameters": [1.0, 1.0, 1.0, 1.0, 1.0, 1.0, 1.0]}}, "street_tally": [1.0, 0.0, 2.0]}