{"nature_results": {"Single Carriageway": {"mae": 7.1243417106511941, "mse": 113.82872544796057, "best_function": 2, "parameters": [8.5035913793661102, 8.5430119344302273, 0.91126052044875772, 1.0, -0.025773470255243902, 0.34346777999366918, -1.4579638274168474, 2.5305921183696327, 18.029535666044769]}}, "street_tally": [0.0, 0.0, 1.0]}