{"nature_results": {"Single Carriageway": {"mae": 6.7003381421508257, "mse": 76.429483495202248, "best_function": 2, "parameters": [10.501404408889297, 5.7356277503368966, -1.1157919069897204, 1.0, 0.092281161929007594, -1.070388526515186, 3.2603740667638688, -0.98788348219059352, 27.989997850753149]}, "Slip Road": {"mae": 4.3327828425374726, "mse": 28.576420719684588, "best_function": 0, "parameters": [1.0, 1.0, 1.0, 1.0, 1.0, 1.0, 1.0]}}, "street_tally": [1.0, 0.0, 1.0]}