{"nature_results": {"Traffic Island Link At Junction": {"mae": 6.3016494108909278, "mse": 74.462488744741336, "best_function": 1, "parameters": [2.07948409472138, 1.0217088879359231, 1.0276643762804587, 0.017907144968387634, 1.355427694909987, -1.7699743130883672, 1.0, 21.938077933061184]}, "Single Carriageway": {"mae": 7.5350156164172004, "mse": 85.739399050609563, "best_function": 1, "parameters": [3.1776598284751487, 1.0948137569479781, 1.0538402370383215, -0.52108637749554676, 1.5541289937968179, -0.77917925943259303, 1.0, 22.304357375633966]}, "Roundabout": {"mae": 10.831898601287604, "mse": 199.96182874884096, "best_function": 1, "parameters": [3.069455621527045, 0.73207726631231229, 0.75851760139039404, -0.49976778367346997, 1.5525296792492429, -1.4035040537646903, 1.0, 25.403497851802264]}}, "street_tally": [0.0, 3.0, 0.0]}