{"nature_results": {"Single Carriageway": {"mae": 19.408687319948285, "mse": 455.9249471742242, "best_function": 0, "parameters": [1.0, 1.0, 1.0, 1.0, 1.0, 1.0, 1.0]}}, "street_tally": [1.0, 0.0, 0.0]}