{"nature_results": {"Traffic Island Link At Junction": {"mae": 11.298324311554916, "mse": 196.7335985356913, "best_function": 1, "parameters": [3.6935581032899658, 0.89799126275258279, 0.85042962361853314, -0.85782586455194676, 1.6929022714967683, 6.3946130241798649, 1.0, 20.555839388376363]}, "Single Carriageway": {"mae": 7.7317001772586158, "mse": 104.79558678269592, "best_function": 0, "parameters": [-0.81447498622897752, 3.9963015168821547, -1.194562742262395, 1.0, 0.68628122262588964, 0.67138917121053776, 27.705738405770575]}, "Slip Road": {"avg_speed": {"mae": 9.2079300992778812, "mse": 129.50153462428634, "best_function": 1, "parameters": [0.0071870712947240678, 1.0050874727643648, 1.0229779269061017, 1.0162685767849458, 0.99049878846748729, -3.3188397641392093, 1.0, 27.575371496151131]}}, "Traffic Island Link": {"mae": 9.2079300992778812, "mse": 129.50153462428634, "best_function": 1, "parameters": [0.0071870712947240678, 1.0050874727643648, 1.0229779269061017, 1.0162685767849458, 0.99049878846748729, -3.3188397641392093, 1.0, 27.575371496151131]}}, "street_tally": [1.0, 2.0, 0.0]}