{"nature_results": {"Single Carriageway": {"mae": 21.659496497054715, "mse": 542.58134502583937, "best_function": 0, "parameters": [1.0, 1.0, 1.0, 1.0, 1.0, 1.0, 1.0]}}, "street_tally": [1.0, 0.0, 0.0]}