{"nature_results": {"Traffic Island Link At Junction": {"mae": 11.442521502772516, "mse": 181.6278789273473, "best_function": 0, "parameters": [1.0, 1.0, 1.0, 1.0, 1.0, 1.0, 1.0]}, "Single Carriageway": {"mae": 6.6703348590724394, "mse": 83.172289936320368, "best_function": 0, "parameters": [-11.105390429374593, 2.3314924853171077, 1.6511368850363779, 1.0, 2.6813771529465349, 0.055431376972835622, 21.341534397805884]}}, "street_tally": [2.0, 0.0, 0.0]}