{"nature_results": {"Single Carriageway": {"mae": 4.0246124279069262, "mse": 25.766423103227083, "best_function": 2, "parameters": [40.442100813586187, 26.718099744484601, -0.015590255998763292, 1.0, -0.019161712359632599, 0.25062923426044259, -1.3613215100939886, 3.381178474589261, 31.504794488766283]}}, "street_tally": [0.0, 0.0, 1.0]}