{"nature_results": {"Dual Carriageway": {"mae": 24.001106281318737, "mse": 623.6293026481286, "best_function": 0, "parameters": [1.0, 1.0, 1.0, 1.0, 1.0, 1.0, 1.0]}}, "street_tally": [1.0, 0.0, 0.0]}