{"nature_results": {"Traffic Island Link At Junction": {"mae": 5.590255557767609, "mse": 55.062720938436428, "best_function": 1, "parameters": [2.5171132779872423, 0.65852384492488825, 0.79467654004978694, -0.22451101078755475, 1.4495835774548262, -3.7461228379777838, 1.0, 13.36160445806232]}, "Single Carriageway": {"mae": 17.769601609336501, "mse": 361.92573167622879, "best_function": 0, "parameters": [1.0, 1.0, 1.0, 1.0, 1.0, 1.0, 1.0]}}, "street_tally": [1.0, 1.0, 0.0]}