{"nature_results": {"Traffic Island Link At Junction": {"mae": 8.7551388573420628, "mse": 116.09330756528614, "best_function": 2, "parameters": [-8.0582625760483051, 3.0480639039387345, 1.8081051002179886, 1.0, 0.046657283590057386, -0.51411917499103454, 1.3270207059718708, 0.4736228440842315, 22.604133466524853]}, "Single Carriageway": {"mae": 10.673807629509701, "mse": 177.27641090166097, "best_function": 1, "parameters": [1.5965026009699397, 0.9668010188892705, 0.98508260364747979, 0.25274777597998233, 1.2689813187133316, 0.96399201430729864, 1.0, 27.248703637907109]}, "Slip Road": {"mae": 13.920042530388683, "mse": 209.11991427555068, "best_function": 0, "parameters": [1.0, 1.0, 1.0, 1.0, 1.0, 1.0, 1.0]}, "Dual Carriageway": {"mae": 6.7425290113215866, "mse": 73.654223266738583, "best_function": 1, "parameters": [1.7786591833383607, 0.9806545461095546, 1.0080998361573725, 0.17598365078944511, 1.2947990356949279, 0.12011566848129462, 1.0, 30.461845582041914]}, "Traffic Island Link": {"mae": 24.165308360645486, "mse": 928.92099644272594, "best_function": 1, "parameters": [1.2976866789707302, 0.97665687443101379, 1.0136985984535314, 0.39826692878656444, 1.2157209962205082, 0.066720200506121596, 1.0, 35.507017903047426]}}, "street_tally": [1.0, 3.0, 1.0]}