{"nature_results": {"Traffic Island Link At Junction": {"mae": 22.773262954600135, "mse": 563.8097954181693, "best_function": 0, "parameters": [1.0, 1.0, 1.0, 1.0, 1.0, 1.0, 1.0]}, "Single Carriageway": {"mae": 4.6870102124521322, "mse": 38.381662974163767, "best_function": 2, "parameters": [1.1122965352742826, 1.3001827704777438, 1.2814390722601843, 1.0, -0.056073370405757661, 0.55856911325665859, -1.4280961757045145, 0.48943138691747956, 31.105252534511351]}, "Dual Carriageway": {"mae": 8.3041356787113862, "mse": 301.78126040127768, "best_function": 2, "parameters": [10.710006842375829, 5.379355941462455, 1.7694715232812774, 1.0, -0.13271498823897088, 1.4946299473148752, -4.798151151073232, 3.3212176921864542, 25.844070309735596]}}, "street_tally": [1.0, 0.0, 2.0]}