{"nature_results": {"Single Carriageway": {"mae": 5.7906965508159356, "mse": 65.17868873177828, "best_function": 0, "parameters": [7.7984129925162353, 3.3503236960850376, 0.28727928370046596, 1.0, 0.44143874530295768, 0.842249746466597, 29.868200135262743]}, "Slip Road": {"mae": 9.9931304405594403, "mse": 124.9726284828578, "best_function": 0, "parameters": [1.0, 1.0, 1.0, 1.0, 1.0, 1.0, 1.0]}}, "street_tally": [2.0, 0.0, 0.0]}