{"nature_results": {"Single Carriageway": {"mae": 28.560487444409858, "mse": 908.76574345921995, "best_function": 0, "parameters": [1.0, 1.0, 1.0, 1.0, 1.0, 1.0, 1.0]}, "Dual Carriageway": {"mae": 8.1493308795062447, "mse": 123.81441028020812, "best_function": 2, "parameters": [-0.22135524552774499, 1.7900058972367323, -0.063756078400991401, 1.0, -0.026385304670261345, 0.21146431039796554, -0.47716718296875671, 0.74081762078468472, 35.595394392120959]}, "Slip Road": {"mae": 8.846793631065049, "mse": 109.56210456338962, "best_function": 2, "parameters": [0.97320844349870117, 0.70587206332085173, -0.11708019485354471, 1.0, -0.10314510220734929, 1.2173878129653648, -4.3895720339755764, 4.0434019721985086, 29.946378581453263]}}, "street_tally": [1.0, 0.0, 2.0]}