{"nature_results": {"Single Carriageway": {"mae": 16.696221542654367, "mse": 318.05341272092943, "best_function": 0, "parameters": [1.0, 1.0, 1.0, 1.0, 1.0, 1.0, 1.0]}}, "street_tally": [1.0, 0.0, 0.0]}