{"nature_results": {"Single Carriageway": {"mae": 4.8321135393481587, "mse": 43.560741866937867, "best_function": 1, "parameters": [2.3707334506426694, 1.1157767983390079, 1.0577811029531052, -0.10626185267605104, 1.3977479579221552, -2.2563582551591312, 1.0, 26.549216607944786]}, "Traffic Island Link": {"mae": 3.3886625054971637, "mse": 20.147394905988921, "best_function": 2, "parameters": [30.236059918972604, 11.939611310904816, -0.74753844708592565, 1.0, -0.010061482411669154, 0.069588154013940362, -0.2406512695192764, 1.1938991539399018, 31.254050055834249]}}, "street_tally": [0.0, 1.0, 1.0]}