{"nature_results": {"Single Carriageway": {"mae": 2.3114067950352415, "mse": 8.8495323119506342, "best_function": 0, "parameters": [1.1720386694103855, 8.2469939400767132, 0.66489986834762504, 1.0, 0.11494092455985039, 0.73199346347568528, 16.396878877505678]}}, "street_tally": [1.0, 0.0, 0.0]}