{"nature_results": {"Traffic Island Link At Junction": {"mae": 5.5849811699067944, "mse": 64.288163544154841, "best_function": 2, "parameters": [5.3609782565649882, 8.4900469629556703, -1.3914450689421418, 1.0, 0.0022317999448913106, -0.10355599248233394, 0.62063426903438135, -0.43676529145480236, 34.662978296917082]}, "Single Carriageway": {"mae": 5.2335401501289462, "mse": 53.361426556135903, "best_function": 2, "parameters": [8.2849312488418789, 12.235521978797575, -1.5963058237046548, 1.0, -0.03880884227241399, 0.35668156533106432, -1.1532931404248883, 2.2574417649049345, 34.183019046954207]}, "Traffic Island Link": {"mae": 5.3215991900643607, "mse": 52.901327338250056, "best_function": 2, "parameters": [14.802682217245605, 16.327379745054664, -1.937629519163067, 1.0, -0.03722591930931185, 0.36234553703131989, -1.5419279506582768, 4.2783911006040416, 34.175279401348256]}}, "street_tally": [0.0, 0.0, 3.0]}