{"nature_results": {"Single Carriageway": {"mae": 19.64319509350684, "mse": 439.4657232035139, "best_function": 0, "parameters": [1.0, 1.0, 1.0, 1.0, 1.0, 1.0, 1.0]}}, "street_tally": [1.0, 0.0, 0.0]}