{"nature_results": {"Single Carriageway": {"mae": 25.914191667712881, "mse": 729.1866663548127, "best_function": 0, "parameters": [1.0, 1.0, 1.0, 1.0, 1.0, 1.0, 1.0]}, "Dual Carriageway": {"mae": 16.507196063767307, "mse": 340.84370263148747, "best_function": 0, "parameters": [1.0, 1.0, 1.0, 1.0, 1.0, 1.0, 1.0]}}, "street_tally": [2.0, 0.0, 0.0]}