{"nature_results": {"Traffic Island Link At Junction": {"mae": 5.634042808277413, "mse": 68.156220087952548, "best_function": 2, "parameters": [29.888740016251997, 26.395881513707902, -4.0512039410100664, 1.0, -0.040876263394069356, 0.86036123013207966, -5.9166049769157016, 14.155527517919758, 31.579670658708757]}, "Single Carriageway": {"mae": 7.4949505285406444, "mse": 253.04071234093098, "best_function": 2, "parameters": [5.8524163859638083, 12.12065098923093, -2.0989894128849524, 1.0, -0.016303240713523959, 0.31434642127032686, -2.0645281740652339, 5.106870175927817, 28.736153391122883]}}, "street_tally": [0.0, 0.0, 2.0]}