{"nature_results": {"Traffic Island Link At Junction": {"mae": 10.69478933232703, "mse": 174.37712314897468, "best_function": 0, "parameters": [1.0, 1.0, 1.0, 1.0, 1.0, 1.0, 1.0]}, "Single Carriageway": {"mae": 20.913958394487221, "mse": 496.21334542777794, "best_function": 0, "parameters": [1.0, 1.0, 1.0, 1.0, 1.0, 1.0, 1.0]}, "Traffic Island Link": {"mae": 5.3543423663806751, "mse": 45.045338466992881, "best_function": 2, "parameters": [-8.4842315620557986, 3.308749396604199, -0.53570815287042461, 1.0, -0.15118496390301139, 1.7124097392903268, -6.3093218898190324, 8.5178616018838138, 31.84816130173721]}}, "street_tally": [2.0, 0.0, 1.0]}