{"nature_results": {"Traffic Island Link At Junction": {"mae": 8.5206975738170279, "mse": 122.10953986743962, "best_function": 2, "parameters": [7.3789798847597643, 7.9590665459996988, -1.737398772208067, 1.0, 0.0014023151048722093, 0.093685105561036597, -0.62379432851585648, 0.52322060756712863, 27.21863822987212]}, "Single Carriageway": {"mae": 5.017005580122416, "mse": 47.295207838639982, "best_function": 2, "parameters": [0.050466769998905536, 1.4809241000207534, -1.0905908890898099, 1.0, -0.049667624021198842, 0.53057590701081647, -1.7039376291637121, 1.9041689662819601, 29.734978427552264]}, "Dual Carriageway": {"mae": 15.091834261671295, "mse": 325.54616818019952, "best_function": 0, "parameters": [1.0, 1.0, 1.0, 1.0, 1.0, 1.0, 1.0]}, "Traffic Island Link": {"mae": 5.710095945284996, "mse": 54.275754981440201, "best_function": 2, "parameters": [-0.7185086852517566, 0.55199418061768946, -1.2767802402736135, 1.0, -0.06814059713738807, 0.79396628329619356, -2.7080498285179297, 2.288311782525589, 35.092468837410323]}}, "street_tally": [1.0, 0.0, 3.0]}