{"nature_results": {"Traffic Island Link At Junction": {"mae": 7.2673408536742006, "mse": 85.5127201325014, "best_function": 2, "parameters": [-25.346388656234037, 2.5550169411997889, 2.1624608916664063, 1.0, 0.06339983633234425, -0.79615088333369588, 2.8323711760086177, -2.0719012988731116, 23.354981971101733]}, "Single Carriageway": {"mae": 5.6551500827037833, "mse": 58.86478652108962, "best_function": 2, "parameters": [16.489403397602231, 14.394827693448953, 1.5166965647136355, 1.0, -0.073937226914020604, 0.88374854170307082, -3.3249842513343939, 3.8734096172734493, 27.49569078890168]}, "Traffic Island Link": {"mae": 23.059087712034462, "mse": 658.96188985524725, "best_function": 0, "parameters": [1.0, 1.0, 1.0, 1.0, 1.0, 1.0, 1.0]}}, "street_tally": [1.0, 0.0, 2.0]}