{"nature_results": {"Traffic Island Link At Junction": {"mae": 20.199123713181546, "mse": 457.03004247965617, "best_function": 0, "parameters": [1.0, 1.0, 1.0, 1.0, 1.0, 1.0, 1.0]}, "Single Carriageway": {"mae": 21.646015264027973, "mse": 527.11097334307135, "best_function": 0, "parameters": [1.0, 1.0, 1.0, 1.0, 1.0, 1.0, 1.0]}}, "street_tally": [2.0, 0.0, 0.0]}