{"nature_results": {"Single Carriageway": {"mae": 15.421848629826309, "mse": 282.56487769621907, "best_function": 0, "parameters": [1.0, 1.0, 1.0, 1.0, 1.0, 1.0, 1.0]}, "Dual Carriageway": {"mae": 6.6600353805896821, "mse": 141.92660655065561, "best_function": 2, "parameters": [-4.0391509910494525, 3.5480246872873256, -0.23084818487621783, 1.0, 0.092180094662570045, -1.0548826283424404, 3.6920655534385962, -4.4495543941947675, 19.570648219362933]}}, "street_tally": [1.0, 0.0, 1.0]}