{"nature_results": {"Traffic Island Link At Junction": {"mae": 7.3497615012396045, "mse": 85.98579615765702, "best_function": 1, "parameters": [2.3117001923496789, 0.99790483453996925, 1.0138263187582282, -0.15289575111826248, 1.4287736292637541, -2.0936230367974424, 1.0, 10.016526906260687]}, "Single Carriageway": {"mae": 7.6971798016899573, "mse": 104.79159212697652, "best_function": 2, "parameters": [1.5125177705990827, 6.1183157663344723, -0.20966075801509398, 1.0, 0.055215985395215217, -0.71987937666763191, 2.5316327463454189, -1.027459087977431, 19.299763213064555]}, "Dual Carriageway": {"mae": 6.0320513659806929, "mse": 61.762357886555037, "best_function": 2, "parameters": [0.08172548803595403, 6.4201180202553649, -0.46232849026386802, 1.0, -0.049897855753217701, 0.46918276237388024, -1.4188673736169557, 2.3165167159090343, 22.108694343641442]}, "Traffic Island Link": {"mae": 20.809288730204553, "mse": 551.45832133938154, "best_function": 0, "parameters": [1.0, 1.0, 1.0, 1.0, 1.0, 1.0, 1.0]}}, "street_tally": [1.0, 1.0, 2.0]}