{"nature_results": {"Single Carriageway": {"mae": 5.7339314930203304, "mse": 59.424721880563972, "best_function": 2, "parameters": [1.8493161202019239, 7.4802656882854324, -0.8988383022860853, 1.0, 0.13841985334483375, -1.5251456590995232, 4.1024212867827625, 0.22300406583219856, 24.748846956270459]}}, "street_tally": [0.0, 0.0, 1.0]}