{"nature_results": {"Single Carriageway": {"mae": 5.882088254278468, "mse": 63.67334031671858, "best_function": 1, "parameters": [1.852855593378562, 0.99679705039313227, 1.008170688146512, 0.15768631146488743, 1.2989962486836242, -3.1259466154115279, 1.0, 32.131098090705805]}}, "street_tally": [0.0, 1.0, 0.0]}