{"nature_results": {"Traffic Island Link At Junction": {"mae": 7.4452312533461802, "mse": 71.171844417942793, "best_function": 2, "parameters": [-5.5591347957730761, 5.8268798394478019, 1.7586030571649853, 1.0, -0.013080342400211498, 0.31596474144267994, -2.0040213790785035, 4.0575973244420105, 9.4917955090235022]}, "Single Carriageway": {"mae": 5.0720593479584668, "mse": 43.602626730508668, "best_function": 2, "parameters": [21.630383422559426, 13.896989110149143, 1.0168400658135983, 1.0, 0.00825179139943788, -0.075276772345329368, 0.081119728104557476, 0.62322799634820947, 25.465838023272251]}}, "street_tally": [0.0, 0.0, 2.0]}