{"nature_results": {"Traffic Island Link At Junction": {"mae": 22.329378350037302, "mse": 597.61643513381784, "best_function": 0, "parameters": [1.0, 1.0, 1.0, 1.0, 1.0, 1.0, 1.0]}, "Single Carriageway": {"mae": 6.7257520149393049, "mse": 75.54184943454365, "best_function": 0, "parameters": [-0.30569292525727865, 1.7152375578235373, 0.58276596618453547, 1.0, 1.3217236434155768, 0.109738711603937, 26.299241175355586]}, "Dual Carriageway": {"mae": 19.769895174883448, "mse": 459.03881353540754, "best_function": 0, "parameters": [1.0, 1.0, 1.0, 1.0, 1.0, 1.0, 1.0]}}, "street_tally": [3.0, 0.0, 0.0]}