{"nature_results": {"Traffic Island Link At Junction": {"mae": 6.4492550489189835, "mse": 72.249508176048309, "best_function": 2, "parameters": [16.570595073418243, 12.49587428277678, 2.0269042439280063, 1.0, 0.039602198030388891, -0.4651878562524483, 1.5938655293072774, -1.5304419398432212, 20.622570742348216]}, "Single Carriageway": {"mae": 2.9862742220985741, "mse": 14.504846131284483, "best_function": 2, "parameters": [18.901615023252756, 17.317198173128055, -0.62482755038273763, 1.0, 0.0017856515711559551, -0.029182118858176676, -0.28143309426600904, 2.4479288074480809, 26.499147320750765]}, "Slip Road": {"mae": 5.9200995133307828, "mse": 53.986850805793381, "best_function": 2, "parameters": [47.729365924270589, 34.313261643852634, 6.6786422363963087, 1.0, 0.017618083147041386, -0.034713746946235968, -1.3877995233580558, 5.699115836654042, 8.8318026568287102]}}, "street_tally": [0.0, 0.0, 3.0]}