{"nature_results": {"Traffic Island Link At Junction": {"mae": 9.0500435122158187, "mse": 132.07316240962115, "best_function": 2, "parameters": [-1.829884921965256, 4.6227594802923111, -0.13450318441810682, 1.0, -0.0050967091620803817, -0.012210207807084261, -0.099470521142701829, 2.4530158501369832, 27.711485576424813]}, "Single Carriageway": {"mae": 6.4134663280032438, "mse": 75.574772245790911, "best_function": 2, "parameters": [-1.5184311558251258, 1.9133742686812392, -1.0023303025473984, 1.0, -0.038151137139711855, 0.20991427671834662, 0.11583169175791053, -0.21563017855411637, 31.615657382173396]}, "Dual Carriageway": {"mae": 31.753065272129835, "mse": 1092.977450980814, "best_function": 0, "parameters": [1.0, 1.0, 1.0, 1.0, 1.0, 1.0, 1.0]}, "Traffic Island Link": {"mae": 9.5856156153638317, "mse": 155.02707798918524, "best_function": 2, "parameters": [2.2299861562569969, 4.4501569710937527, -3.6009749053657671, 1.0, 0.047088765221065643, -0.84587215178930641, 4.588721860661348, -6.5786791147310426, 36.076766067364659]}}, "street_tally": [1.0, 0.0, 3.0]}