{"nature_results": {"Traffic Island Link At Junction": {"mae": 5.9318883081177125, "mse": 57.212261925356152, "best_function": 2, "parameters": [-3.6561235248196811, 1.2921270118360149, -0.55642015360624697, 1.0, 0.012587009319805609, -0.14436213131152664, 0.16336398231598637, 1.5372911810506322, 26.376347944055507]}, "Single Carriageway": {"mae": 5.1858086631063713, "mse": 51.125472224672478, "best_function": 2, "parameters": [2.5066657471974194, 4.1306101502736787, -0.59991146355501535, 1.0, 0.0050557586778878782, -0.082822158567047888, 0.18401629164436217, 1.0221108609149463, 25.166034103404566]}, "Traffic Island Link": {"mae": 6.7322051303048527, "mse": 79.610265141580143, "best_function": 2, "parameters": [16.650133791093353, 10.290178123327344, -1.5530333074372331, 1.0, -0.021482712056758668, 0.27248197319815526, -1.093425583418473, 1.7527909074267169, 27.544878232177386]}}, "street_tally": [0.0, 0.0, 3.0]}