{"nature_results": {"Single Carriageway": {"mae": 5.2304363112856747, "mse": 43.129787676755917, "best_function": 2, "parameters": [-1.9694083651406173, 2.7843754053077721, 0.89056380972906179, 1.0, -0.189992417804969, 2.0043660903238885, -6.0116093922334981, 4.4688583375537618, 29.204172581124272]}}, "street_tally": [0.0, 0.0, 1.0]}