{"nature_results": {"Single Carriageway": {"mae": 6.9564496114388117, "mse": 87.724941088376013, "best_function": 1, "parameters": [3.920764025948706, 0.75704261596099653, 0.94315057800526536, -0.94042205320960237, 1.7196325509690034, 1.0573771954409728, 1.0, 22.796336723555545]}, "Slip Road": {"mae": 6.6062005718425123, "mse": 83.116820564918001, "best_function": 0, "parameters": [1.0, 1.0, 1.0, 1.0, 1.0, 1.0, 1.0]}, "Dual Carriageway": {"mae": 15.41421931940835, "mse": 351.53821650149507, "best_function": 0, "parameters": [1.0, 1.0, 1.0, 1.0, 1.0, 1.0, 1.0]}, "Traffic Island Link": {"mae": 7.7647294871612056, "mse": 110.68520785135458, "best_function": 1, "parameters": [3.622175232449135, 0.50987787605801294, 0.81273758466735568, -0.81029067109787256, 1.6737211735704098, -3.275630939133543, 1.0, 30.053173295853664]}}, "street_tally": [2.0, 2.0, 0.0]}