{"nature_results": {"Traffic Island Link At Junction": {"mae": 5.3356952707533596, "mse": 43.853485910598735, "best_function": 2, "parameters": [-0.46069217125249429, 0.28083114383867258, -0.24040628607585734, 1.0, 0.06590789395190999, -0.77986258458266899, 2.1683106375578665, 1.3209050826353894, 18.210781387676402]}, "Single Carriageway": {"mae": 5.1999826172945367, "mse": 44.641436604676365, "best_function": 2, "parameters": [0.26550967700280814, 0.48848271441155933, 0.35004402806929458, 1.0, 0.078473827085493886, -0.89360485586237104, 2.3099949165384226, 1.872727594059425, 22.364045563972375]}, "Traffic Island Link": {"mae": 6.9088626732312717, "mse": 79.754985439122677, "best_function": 1, "parameters": [3.8214473904081037, 0.98766311478935798, 1.0005104784812524, -0.82144110417920313, 1.662609718078299, 0.5004386074686169, 1.0, 22.127200532288523]}}, "street_tally": [0.0, 1.0, 2.0]}