{"nature_results": {"Single Carriageway": {"mae": 14.076280353251816, "mse": 323.02152832227193, "best_function": 1, "parameters": [-0.051876748280928364, 0.98787405026127417, 0.99147538371096899, 1.0374462115387981, 0.98436897412721791, 1.5724019693285913, 1.0, 26.349807607896324]}}, "street_tally": [0.0, 1.0, 0.0]}