{"nature_results": {"Single Carriageway": {"mae": 20.030127395129938, "mse": 459.03353984572726, "best_function": 0, "parameters": [1.0, 1.0, 1.0, 1.0, 1.0, 1.0, 1.0]}, "Dual Carriageway": {"mae": 19.758025271613356, "mse": 691.43672130392054, "best_function": 0, "parameters": [1.0, 1.0, 1.0, 1.0, 1.0, 1.0, 1.0]}, "Traffic Island Link": {"mae": 9.3774242785230584, "mse": 140.05307005570421, "best_function": 2, "parameters": [-2.374848632564059, 14.444017622141892, 2.9596263057668297, 1.0, -0.10536033279126378, 1.074872512807906, -4.1720994042267092, 8.9205247520173359, 18.892076102566183]}}, "street_tally": [2.0, 0.0, 1.0]}