{"nature_results": {"Single Carriageway": {"mae": 25.177592068378654, "mse": 715.81435854221627, "best_function": 0, "parameters": [1.0, 1.0, 1.0, 1.0, 1.0, 1.0, 1.0]}, "Roundabout": {"mae": 9.3301304506631038, "mse": 171.69444234195396, "best_function": 2, "parameters": [-0.17879177095385601, 9.2207860781143705, 1.6718834467403589, 1.0, 0.078737089487717293, -1.0322107444203459, 3.7489571724654791, -1.8332438992411242, 22.898647237736537]}, "Traffic Island Link": {"mae": 8.5685945252524078, "mse": 126.68474702422182, "best_function": 2, "parameters": [1.7122688197565017, 2.9510407826431404, 1.7881302103975893, 1.0, -0.054295625349636945, 0.56144554570111072, -2.0056418415827273, 3.4968538105641298, 29.091825737498329]}, "Traffic Island Link At Junction": {"mae": 23.807936803816869, "mse": 680.47585762735173, "best_function": 0, "parameters": [1.0, 1.0, 1.0, 1.0, 1.0, 1.0, 1.0]}, "Slip Road": {"mae": 10.713242584940534, "mse": 139.19843851945421, "best_function": 1, "parameters": [2.2713390212147386, 0.99345504595301715, 0.99239507864910115, -0.099452109210130812, 1.4033934546574731, 0.064532230265092583, 1.0, 10.061421461183127]}, "Dual Carriageway": {"mae": 21.380703438519536, "mse": 558.06510957017804, "best_function": 0, "parameters": [1.0, 1.0, 1.0, 1.0, 1.0, 1.0, 1.0]}}, "street_tally": [3.0, 1.0, 2.0]}