{"nature_results": {"Single Carriageway": {"mae": 8.4274612781531282, "mse": 114.10487915476959, "best_function": 2, "parameters": [651.0053345842548, 195.52322512991711, 5.0252460503698018, 1.0, 0.32081282033770164, -3.6715029797693575, 10.481876727619834, -0.39283807427929096, 14.703458928345443]}}, "street_tally": [0.0, 0.0, 1.0]}