{"nature_results": {"Traffic Island Link At Junction": {"mae": 5.3952813122212602, "mse": 52.348753001396346, "best_function": 2, "parameters": [5.3060853851342635, 0.1356082385248818, -0.37105351832447431, 1.0, -0.072192960706487952, 0.70690331455353106, -2.4479742326811627, 4.1460768615762778, 29.112114789370978]}, "Single Carriageway": {"mae": 5.0238909151354969, "mse": 46.279768894160156, "best_function": 2, "parameters": [6.7263443317263905, 1.4864390133030776, -0.61345989155299052, 1.0, 0.016119600217163077, -0.40105532138188726, 2.0276718062938217, -1.924998763016156, 29.533007763744845]}, "Dual Carriageway": {"mae": 5.2465059568076455, "mse": 63.01030395836581, "best_function": 2, "parameters": [22.075350717584548, 15.211994649566078, -0.45895905452460273, 1.0, 0.072695400868153293, -1.0178411196215165, 4.0518542619420472, -3.4296385947189023, 22.558951605630796]}}, "street_tally": [0.0, 0.0, 3.0]}