{"nature_results": {"Single Carriageway": {"mae": 6.1877559279576859, "mse": 66.752602145804488, "best_function": 2, "parameters": [-0.49747273424149152, 1.3098058857832655, 0.50166298832387413, 1.0, -0.05420230936688375, 0.53312007498201708, -1.5197555756107679, 1.5593833951106397, 26.170080845805611]}, "Roundabout": {"mae": 6.5097745230208846, "mse": 67.343454619850036, "best_function": 2, "parameters": [-6.1510909152410251, 0.41077326001440562, 1.0028299796156672, 1.0, -0.23797028772760043, 2.7233463114297503, -9.1335592805166517, 7.5798299573401957, 23.580470511721224]}, "Traffic Island Link": {"mae": 7.0637773658829763, "mse": 92.072731478173267, "best_function": 2, "parameters": [0.65106358623941263, 2.2295126865505956, 0.28036310057297242, 1.0, -0.02338905894259824, 0.14903581904148833, -0.16421549543062142, 0.42546532367100032, 29.715979877499816]}, "Traffic Island Link At Junction": {"mae": 16.64401769836066, "mse": 368.92537460694717, "best_function": 0, "parameters": [1.0, 1.0, 1.0, 1.0, 1.0, 1.0, 1.0]}, "Slip Road": {"mae": 6.6009358672479141, "mse": 82.472238359565679, "best_function": 1, "parameters": [2.4737758834316521, 1.0090240405683708, 1.0338777949380196, -0.21473754307651438, 1.4471760600638091, 0.37485111576537766, 1.0, 28.620953478517041]}, "Dual Carriageway": {"mae": 8.6112898552610773, "mse": 203.56405371651019, "best_function": 2, "parameters": [2.2710555943296447, 3.5034218710957652, -0.17476168502646594, 1.0, 0.052977781205050145, -0.74515418305983339, 3.0130056945554347, -2.8657916352962056, 28.356847386741713]}}, "street_tally": [1.0, 1.0, 4.0]}