{"nature_results": {"Single Carriageway": {"mae": 5.3907935874056854, "mse": 52.293763360500549, "best_function": 2, "parameters": [-3.6831775278529992, 9.7694455536069107, 1.4647522268920747, 1.0, -0.11573319149998307, 1.3550476249847201, -5.3007266657121148, 7.844165471861607, 29.943888373844704]}}, "street_tally": [0.0, 0.0, 1.0]}