{"nature_results": {"Traffic Island Link At Junction": {"mae": 6.136115590389525, "mse": 52.215767983411659, "best_function": 2, "parameters": [17.218670652821061, 13.619836581614901, -1.4273313399788008, 1.0, 0.054575822825705833, -0.55328668208063969, 1.5324841727313914, -1.3159413846546055, 24.125399247919137]}, "Single Carriageway": {"mae": 9.4302045850463561, "mse": 141.88988115754381, "best_function": 1, "parameters": [1.6063504079472688, 0.48053066818775736, 0.85700626605888641, 0.23556168587476944, 1.2785429332881657, -1.1708180926536609, 1.0, 26.4399502486385]}, "Roundabout": {"mae": 12.02500158168279, "mse": 281.49686692696486, "best_function": 1, "parameters": [5.1863288840910293, 0.7605970829990345, 0.94467722245060493, -1.5367574651161782, 1.9353742799508153, 7.877975201303471, 1.0, 13.963747904562748]}}, "street_tally": [0.0, 2.0, 1.0]}