{"nature_results": {"Traffic Island Link At Junction": {"mae": 4.7779339229901083, "mse": 34.712920521189531, "best_function": 2, "parameters": [-2.3704392550263105, 1.1696859581451446, -3.2514667531089785, 1.0, 0.026378427492376288, -0.29769700843151314, 0.92854809348957279, -0.42384061001578233, 20.652166688632541]}, "Single Carriageway": {"mae": 6.1108550264736996, "mse": 63.705597281698388, "best_function": 2, "parameters": [0.75986923075975099, 3.5063101223257656, 0.17600281906609083, 1.0, 0.060535709981747288, -0.69466007062055013, 1.7017967994530911, 2.3067157022054365, 23.538191372902332]}, "Dual Carriageway": {"mae": 82.930599616037995, "mse": 13521.91234306273, "best_function": 1, "parameters": [0.68814098348684194, 0.98767259291521725, 1.0605230656568712, 0.7704158801758294, 1.0657056105721843, -1.9785639259090897, 1.0, 17.259988287306985]}, "Traffic Island Link": {"mae": 7.6736974497245383, "mse": 90.673268821230039, "best_function": 2, "parameters": [-0.59472107552664455, 1.9760749917204485, 0.67778175720455391, 1.0, 0.081683563037876716, -0.99718668226407581, 3.0992108479980209, 0.46771271908007539, 32.732925205050492]}}, "street_tally": [0.0, 1.0, 3.0]}