{"nature_results": {"Traffic Island Link At Junction": {"mae": 8.678888838636631, "mse": 119.84446643135536, "best_function": 0, "parameters": [25.198360872171609, 30.702956691365515, 0.56996275103517369, 1.0, 0.5822823336673344, 0.24126896100892081, 18.454590731856019]}, "Single Carriageway": {"mae": 4.4259467844593754, "mse": 38.013740973274999, "best_function": 2, "parameters": [9.240020156546576, 10.346063584486757, -0.25135231120038193, 1.0, -0.095415568132098727, 1.0973613424763748, -4.3011008291713422, 6.6903873294992993, 26.669377994289583]}, "Dual Carriageway": {"mae": 7.4735277106947464, "mse": 124.27543790640043, "best_function": 2, "parameters": [21.139052042555683, 11.992505155419138, -2.5003178456961042, 1.0, -0.061546358199345175, 0.55248035416250962, -1.1446583943369983, 0.032473901243685988, 21.700042815731962]}, "Traffic Island Link": {"mae": 6.085312223284622, "mse": 63.705209397027012, "best_function": 2, "parameters": [13.215129732873129, 8.8516275529997301, -1.4571539125383217, 1.0, -0.0070486008358223717, -0.080051927789591693, 0.75685906211157472, -0.37155076940116105, 29.487663806024155]}}, "street_tally": [1.0, 0.0, 3.0]}