{"nature_results": {"Single Carriageway": {"mae": 3.4035619308513336, "mse": 17.89693327639851, "best_function": 1, "parameters": [2.186708903467065, 0.98575751177821425, 1.0009219876287645, -0.01414746884485818, 1.3641721008340071, 1.7060170630396687, 1.0, 14.746530195614106]}}, "street_tally": [0.0, 1.0, 0.0]}