{"nature_results": {"Single Carriageway": {"mae": 5.7251210981912477, "mse": 43.263627012653998, "best_function": 1, "parameters": [3.3562338775172509, 0.9973990779270947, 0.96495448349856328, -0.62159738093518468, 1.5937152861342829, 0.035541737360671566, 1.0, 14.452855225876235]}, "Dual Carriageway": {"mae": 4.6218067503971518, "mse": 43.138233283390711, "best_function": 2, "parameters": [-2.0425269604271774, 1.0001218299543022, 0.30456396445649436, 1.0, 0.059938955446689146, -0.67567448791068707, 2.2253946288063613, -1.4840593566772382, 19.086574457042445]}}, "street_tally": [0.0, 1.0, 1.0]}