{"nature_results": {"Single Carriageway": {"mae": 23.894821324157679, "mse": 602.02693684284134, "best_function": 0, "parameters": [1.0, 1.0, 1.0, 1.0, 1.0, 1.0, 1.0]}, "Dual Carriageway": {"mae": 13.812436628200986, "mse": 254.15852372458096, "best_function": 0, "parameters": [1.0, 1.0, 1.0, 1.0, 1.0, 1.0, 1.0]}}, "street_tally": [2.0, 0.0, 0.0]}