{"nature_results": {"Single Carriageway": {"mae": 4.8487428704883602, "mse": 40.506787713845696, "best_function": 2, "parameters": [-0.48908867896279706, 1.292811143075896, -2.7907411962828141, 1.0, 0.034502141624232485, -0.38270148609190024, 1.0524232026217994, 0.9087528576062921, 29.536497776908128]}}, "street_tally": [0.0, 0.0, 1.0]}