{"nature_results": {"Dual Carriageway": {"mae": 13.383706426383752, "mse": 235.4763900267366, "best_function": 1, "parameters": [2.3049594799017443, 0.96528522709794928, 1.0049399466020279, 0.0070485744558370644, 1.3419751073770911, -8.3784018839122183, 1.0, 32.207687360016465]}}, "street_tally": [0.0, 1.0, 0.0]}