{"nature_results": {"Single Carriageway": {"mae": 11.180767832880374, "mse": 683.69055343805212, "best_function": 2, "parameters": [7.0236750420430001, 10.498550392832385, -2.767082714558375, 1.0, -0.25365859541766089, 2.9990477390202264, -10.680255301741051, 11.245849750738323, 23.275380435463447]}, "Slip Road": {"avg_speed": {"mae": 11.180767832880374, "mse": 683.69055343805212, "best_function": 2, "parameters": [7.0236750420430001, 10.498550392832385, -2.767082714558375, 1.0, -0.25365859541766089, 2.9990477390202264, -10.680255301741051, 11.245849750738323, 23.275380435463447]}}}, "street_tally": [0.0, 0.0, 1.0]}