{"nature_results": {"Single Carriageway": {"mae": 5.9534168210423291, "mse": 53.095332739407922, "best_function": 0, "parameters": [7.54595203857453, 1.9412392277729946, 1.7723064227507861, 1.0, 0.55716386407021834, 0.6185161652136526, 24.069919718055246]}, "Traffic Island Link": {"mae": 17.016392271012368, "mse": 365.22831818962601, "best_function": 0, "parameters": [1.0, 1.0, 1.0, 1.0, 1.0, 1.0, 1.0]}}, "street_tally": [2.0, 0.0, 0.0]}