{"nature_results": {"Single Carriageway": {"mae": 4.8777304374096806, "mse": 47.570033461994569, "best_function": 2, "parameters": [37.638073281087081, 26.046604980226704, 3.9739758697675223, 1.0, -0.10690658724849733, 1.1684366148490763, -3.6600085614876985, 3.334713476654156, 12.852547785232815]}}, "street_tally": [0.0, 0.0, 1.0]}