{"nature_results": {"Slip Road": {"avg_speed": {"mae": 6.1519159451171319, "mse": 64.670809472823038, "best_function": 0, "parameters": [8.8900761623678939, 8.4159527308586028, -0.22871394496044006, 1.0, 0.67061395537992319, 0.73560293059280313, 25.984690191240635]}}, "Dual Carriageway": {"mae": 8.9447403600238502, "mse": 166.71698793171512, "best_function": 0, "parameters": [5.1816476450906785, 7.2035740995690611, 0.88362917155172316, 1.0, 1.0301994848814056, 0.51780773559907756, 30.059879152207174]}, "Roundabout": {"mae": 22.547178174610249, "mse": 629.19248195511659, "best_function": 0, "parameters": [1.0, 1.0, 1.0, 1.0, 1.0, 1.0, 1.0]}}, "street_tally": [2.0, 0.0, 0.0]}