{"nature_results": {"Single Carriageway": {"mae": 7.0504282096681354, "mse": 87.676008702713858, "best_function": 2, "parameters": [-2.2773798230500688, 0.41434475603048482, -0.87942149962340443, 1.0, -0.17970520135779022, 2.0798604505713838, -7.6590247670856861, 10.235950497970567, 19.595999600279171]}, "Traffic Island Link": {"mae": 24.32515254295507, "mse": 709.55729190092757, "best_function": 0, "parameters": [1.0, 1.0, 1.0, 1.0, 1.0, 1.0, 1.0]}}, "street_tally": [1.0, 0.0, 1.0]}