{"nature_results": {"Single Carriageway": {"mae": 5.2351487382870987, "mse": 45.655229157032323, "best_function": 2, "parameters": [7.2554496523381626, 5.1940414382087283, 0.30369505804590813, 1.0, -0.0074576912320480915, 0.027427161768710628, -0.21917818350980389, 2.0580832082069533, 20.594763787690223]}, "Dual Carriageway": {"mae": 15.121246978005752, "mse": 295.31022475039805, "best_function": 0, "parameters": [1.0, 1.0, 1.0, 1.0, 1.0, 1.0, 1.0]}, "Slip Road": {"mae": 5.3197399767589157, "mse": 50.564289146340386, "best_function": 0, "parameters": [1.0, 1.0, 1.0, 1.0, 1.0, 1.0, 1.0]}}, "street_tally": [2.0, 0.0, 1.0]}