{"nature_results": {"Single Carriageway": {"mae": 6.5268672195714288, "mse": 67.278680102227611, "best_function": 2, "parameters": [-3.7274398322622613, 2.6691630143737521, -3.2128395829999041, 1.0, 0.064989829012440881, -1.0609631493792286, 5.5993413801269361, -9.7783563952808947, 36.017733804334839]}}, "street_tally": [0.0, 0.0, 1.0]}