{"nature_results": {"Traffic Island Link At Junction": {"mae": 4.4519910856632769, "mse": 38.03395898516559, "best_function": 2, "parameters": [7.5270187986983004, 15.13784493223546, -0.5882481221135083, 1.0, -0.032776936424246284, 0.25973359055922118, 0.013170177210618972, -2.16868299390977, 23.197003092329236]}, "Single Carriageway": {"mae": 2.2713749122471443, "mse": 8.9033576004075403, "best_function": 2, "parameters": [1.162513367818844, 8.217431672923766, 0.42690491991895108, 1.0, -0.052449440787127655, 0.52016237192201498, -1.3189155149549681, 0.43587619405061595, 22.696537400807639]}}, "street_tally": [0.0, 0.0, 2.0]}