{"nature_results": {"Dual Carriageway": {"mae": 6.600069701224661, "mse": 69.776322580188463, "best_function": 2, "parameters": [1.4024898503715413, 10.546790021867119, -1.1445458714157608, 1.0, 0.091039476908301498, -1.1119190494654023, 3.8899108556188251, -3.0656324353410591, 40.827434713194329]}, "Roundabout": {"mae": 6.6598613710944425, "mse": 78.669966933561241, "best_function": 2, "parameters": [-4.1367410232870903, 1.3788992261871971, 0.0098865096607265723, 1.0, -0.053424851012806807, 0.6420404035222036, -2.3760890190795529, 2.7774980807306013, 24.120686076157376]}}, "street_tally": [0.0, 0.0, 2.0]}