{"nature_results": {"Traffic Island Link At Junction": {"mae": 19.730006318527625, "mse": 429.42627750719174, "best_function": 0, "parameters": [1.0, 1.0, 1.0, 1.0, 1.0, 1.0, 1.0]}, "Single Carriageway": {"mae": 23.707077768163096, "mse": 593.5637996801488, "best_function": 0, "parameters": [1.0, 1.0, 1.0, 1.0, 1.0, 1.0, 1.0]}, "Slip Road": {"mae": 8.8827599884088304, "mse": 106.63732542572498, "best_function": 2, "parameters": [-1.2614726215127314, 0.86614270838795959, -0.37144091688974856, 1.0, -0.082230077878769459, 1.2177051884393941, -5.3764751899037861, 6.7378298498467553, 17.88783794974907]}, "Dual Carriageway": {"mae": 21.894704471384372, "mse": 517.64308789362144, "best_function": 0, "parameters": [1.0, 1.0, 1.0, 1.0, 1.0, 1.0, 1.0]}, "Traffic Island Link": {"mae": 24.16700855742177, "mse": 609.76621615372869, "best_function": 0, "parameters": [1.0, 1.0, 1.0, 1.0, 1.0, 1.0, 1.0]}}, "street_tally": [4.0, 0.0, 1.0]}