{"nature_results": {"Traffic Island Link At Junction": {"mae": 10.357813006904271, "mse": 169.69135586592668, "best_function": 0, "parameters": [1.0, 1.0, 1.0, 1.0, 1.0, 1.0, 1.0]}, "Single Carriageway": {"mae": 8.0023290972357284, "mse": 113.49749774788317, "best_function": 1, "parameters": [1.8648520388117422, 1.0345492483799918, 1.0389969280052973, 0.14000693101819384, 1.3070680837283422, -0.45829922877072726, 1.0, 19.853476708153181]}, "Dual Carriageway": {"mae": 6.5314409794862796, "mse": 93.1637961465768, "best_function": 1, "parameters": [1.7357193973283627, 1.0242748465762372, 1.0254020852814307, 0.20506804993980987, 1.2826039669584339, -0.61979164815958709, 1.0, 21.234020339011732]}, "Traffic Island Link": {"mae": 16.730672131130252, "mse": 578.32949537278057, "best_function": 1, "parameters": [-0.074618186821725274, 0.99574153031827939, 1.0014793315142481, 1.0782449874553115, 0.96364068437020411, -0.34129843933454906, 1.0, 27.914497508408946]}}, "street_tally": [1.0, 3.0, 0.0]}