{"nature_results": {"Slip Road": {"avg_speed": {"mae": 24.685633556268218, "mse": 739.81598032201282, "best_function": 0, "parameters": [1.0, 1.0, 1.0, 1.0, 1.0, 1.0, 1.0]}}}, "street_tally": [0.0, 0.0, 0.0]}