{"nature_results": {"Traffic Island Link At Junction": {"mae": 7.6064214409806681, "mse": 77.69634354144776, "best_function": 2, "parameters": [-0.68967918248327176, 1.1478800774478366, -0.51109784219074084, 1.0, 0.046813137875853172, -0.69544604771826846, 2.9851017181551116, -3.2253313866332638, 17.972469316128393]}, "Single Carriageway": {"mae": 5.5738949285325683, "mse": 54.141846580320582, "best_function": 2, "parameters": [0.39080216906931275, 1.7984583613219394, 0.66392125896651877, 1.0, -0.039818775487541869, 0.46081437473693387, -1.8668624296515466, 3.1316613443803196, 26.541519025836038]}, "Dual Carriageway": {"mae": 4.0922547792645698, "mse": 30.456176034871365, "best_function": 2, "parameters": [1.0696232682452673, 0.91457981153222256, 1.1142586582068754, 1.0, -0.011799493951783369, 0.14316356159696897, -0.78162959820264466, 2.2925391962868273, 30.114274632345637]}}, "street_tally": [0.0, 0.0, 3.0]}