{"nature_results": {"Traffic Island Link At Junction": {"mae": 6.6593617340327205, "mse": 73.440073997169421, "best_function": 2, "parameters": [-1.7479862666614623, 5.2449101654397641, 0.29522440650109694, 1.0, -0.020985243961741951, 0.19672336851991046, -0.86984898662655485, 2.7218995882017483, 18.510152878036259]}, "Single Carriageway": {"mae": 22.358558141668468, "mse": 552.06890697199799, "best_function": 0, "parameters": [1.0, 1.0, 1.0, 1.0, 1.0, 1.0, 1.0]}, "Dual Carriageway": {"mae": 19.611316411095501, "mse": 472.10143284691901, "best_function": 0, "parameters": [1.0, 1.0, 1.0, 1.0, 1.0, 1.0, 1.0]}, "Traffic Island Link": {"mae": 25.703549605668606, "mse": 710.6586856875665, "best_function": 0, "parameters": [1.0, 1.0, 1.0, 1.0, 1.0, 1.0, 1.0]}}, "street_tally": [3.0, 0.0, 1.0]}