{"nature_results": {"Single Carriageway": {"mae": 22.696139984770113, "mse": 606.52554275132559, "best_function": 0, "parameters": [1.0, 1.0, 1.0, 1.0, 1.0, 1.0, 1.0]}, "Dual Carriageway": {"mae": 8.6837492287849667, "mse": 113.56249258223716, "best_function": 2, "parameters": [1.5446324649488887, 4.417906085593712, 1.2026156832026225, 1.0, -0.047151328379460677, 0.53728487187049989, -1.7541786671968316, 1.1360466244607021, 21.884602028661458]}, "Traffic Island Link": {"mae": 27.308333817743577, "mse": 842.34513684018748, "best_function": 0, "parameters": [1.0, 1.0, 1.0, 1.0, 1.0, 1.0, 1.0]}}, "street_tally": [2.0, 0.0, 1.0]}