{"nature_results": {"Traffic Island Link At Junction": {"mae": 9.2396019684494615, "mse": 137.85808726770546, "best_function": 1, "parameters": [2.6542798973039914, 0.94090286874786433, 0.97017385887760854, -0.23726518498058513, 1.4453656051177191, -1.4092428287572147, 1.0, 15.780857614546585]}, "Single Carriageway": {"mae": 30.675166347197003, "mse": 1012.8637233494885, "best_function": 0, "parameters": [1.0, 1.0, 1.0, 1.0, 1.0, 1.0, 1.0]}, "Roundabout": {"mae": 19.870733949593884, "mse": 557.48301554544855, "best_function": 1, "parameters": [1.6694140737752805, 0.8914095178343453, 0.9846192363259777, 0.36013053055653765, 1.2063134443632695, 3.156847586155394, 1.0, 12.410356469748399]}, "Dual Carriageway": {"mae": 9.2299921597236629, "mse": 152.65001045843607, "best_function": 2, "parameters": [12.638840452719878, 4.409549419838557, -3.9297540310757659, 1.0, 0.53545455079885551, -6.2197016724537866, 21.318522510812308, -19.636888337471376, 33.992644278981551]}, "Slip Road": {"mae": 8.1326852280667481, "mse": 158.5377350261748, "best_function": 0, "parameters": [1.0, 1.0, 1.0, 1.0, 1.0, 1.0, 1.0]}}, "street_tally": [2.0, 2.0, 1.0]}