{"nature_results": {"Single Carriageway": {"mae": 4.2697852602111013, "mse": 34.038187033518646, "best_function": 0, "parameters": [33.69629479572621, 12.730371162176306, 0.52594807697311841, 1.0, 0.75467308626528173, 0.72426568849707595, 13.779909124076475]}}, "street_tally": [1.0, 0.0, 0.0]}