{"nature_results": {"Single Carriageway": {"mae": 6.5673023897394325, "mse": 72.637946141891462, "best_function": 2, "parameters": [17.793116951396026, 16.238384580058529, -0.31819965403873529, 1.0, -0.084733270958281093, 0.89428212404684604, -3.0344153405726351, 4.4718273701083611, 27.536673098916928]}}, "street_tally": [0.0, 0.0, 1.0]}