{"nature_results": {"Traffic Island Link At Junction": {"mae": 8.9031579521440527, "mse": 121.42282235074909, "best_function": 2, "parameters": [9.8343948888306176, 2.9583534221338503, 2.1745327114945927, 1.0, -0.039383984322670873, 0.44255351296000567, -1.8347634052914876, 3.4559788637831974, 21.71323360807239]}, "Single Carriageway": {"mae": 19.161211750290338, "mse": 414.49779713361494, "best_function": 0, "parameters": [1.0, 1.0, 1.0, 1.0, 1.0, 1.0, 1.0]}}, "street_tally": [1.0, 0.0, 1.0]}