{"nature_results": {"Single Carriageway": {"mae": 24.484849420245737, "mse": 629.5163775415067, "best_function": 0, "parameters": [1.0, 1.0, 1.0, 1.0, 1.0, 1.0, 1.0]}, "Roundabout": {"mae": 8.720466491583041, "mse": 147.78743926870717, "best_function": 1, "parameters": [3.6716342187228146, 0.98032364800479943, 0.9403970691092266, -0.7922658671075733, 1.6609672849781973, -3.3215310947920118, 1.0, 19.552337289241837]}, "Dual Carriageway": {"mae": 5.7155552507050702, "mse": 55.599563335028158, "best_function": 2, "parameters": [17.906318947759932, 2.7559787776371314, 4.0036379876742316, 1.0, 0.20547975252016004, -2.3625235740464325, 7.5957987775819262, -5.6670870117289782, 23.810798772404549]}, "Slip Road": {"mae": 20.132977046158263, "mse": 416.41460534057063, "best_function": 0, "parameters": [1.0, 1.0, 1.0, 1.0, 1.0, 1.0, 1.0]}}, "street_tally": [2.0, 1.0, 1.0]}