{"nature_results": {"Traffic Island Link At Junction": {"mae": 17.663444479896111, "mse": 403.42618524007844, "best_function": 0, "parameters": [1.0, 1.0, 1.0, 1.0, 1.0, 1.0, 1.0]}, "Single Carriageway": {"mae": 5.3349528913275401, "mse": 53.955987421149757, "best_function": 1, "parameters": [2.1252210006536125, 0.95244247242588498, 0.97190491172405302, 0.015317137674884296, 1.3517338771551317, 0.31396739786994621, 1.0, 29.812996911401179]}, "Dual Carriageway": {"mae": 6.2024492788773564, "mse": 68.161056319302389, "best_function": 2, "parameters": [4.3772040924042273, 5.0283057859162739, -2.7918165998165843, 1.0, -0.04224123556173276, 0.50027869332476482, -1.8704221872985314, 2.0781952212881434, 37.231944998290324]}, "Roundabout": {"mae": 7.7679165232310226, "mse": 100.15839120548149, "best_function": 1, "parameters": [1.9253218579368365, 0.96767115405716142, 0.99340325896755122, 0.083551949128653713, 1.3328512939623036, -1.9968116345508511, 1.0, 23.432308859299734]}}, "street_tally": [1.0, 2.0, 1.0]}