{"nature_results": {"Traffic Island Link At Junction": {"mae": 18.085013871922648, "mse": 375.1128516809747, "best_function": 0, "parameters": [1.0, 1.0, 1.0, 1.0, 1.0, 1.0, 1.0]}, "Single Carriageway": {"mae": 5.4352102367679027, "mse": 52.992173737618899, "best_function": 0, "parameters": [-2.0034531194364957, 2.6424590137529478, -0.55549769748444167, 1.0, 1.4436611828115096, 0.033416300044699532, 34.117096478655348]}, "Roundabout": {"mae": 5.3795431289657722, "mse": 53.768561656711128, "best_function": 2, "parameters": [-1.347060394854394, 2.2713042163959214, -1.2817979077808874, 1.0, -0.067121567907596047, 0.76716333810211434, -2.4946944976172167, 1.9273406596378515, 26.03469338096528]}}, "street_tally": [2.0, 0.0, 1.0]}