{"nature_results": {"Single Carriageway": {"mae": 4.4152563501892343, "mse": 33.489720932491814, "best_function": 2, "parameters": [4.5002980814523355, 5.1625690475341361, -0.76328018139440301, 1.0, -0.27543348823262459, 3.5185919447346912, -13.886369384851358, 15.769089830290602, 29.200825451238646]}, "Dual Carriageway": {"mae": 4.01346975594676, "mse": 27.721609107240312, "best_function": 2, "parameters": [-6.5565248470464237, 4.0267810427223951, 1.46422405535372, 1.0, -0.39125812633341872, 5.081066279698307, -20.677581928440269, 25.920557045639072, 25.186677244275465]}}, "street_tally": [0.0, 0.0, 2.0]}