{"nature_results": {"Dual Carriageway": {"mae": 6.3042416534736034, "mse": 761.77738745449437, "best_function": 0, "parameters": [3.036367869337663, 3.3102237267035326, -0.8599756744808531, 1.0, 1.4680868419351911, 0.24157626412538602, 51.043557528400498]}}, "street_tally": [1.0, 0.0, 0.0]}