{"nature_results": {"Single Carriageway": {"mae": 25.663170190723637, "mse": 715.19640512834155, "best_function": 0, "parameters": [1.0, 1.0, 1.0, 1.0, 1.0, 1.0, 1.0]}, "Dual Carriageway": {"mae": 5.8253096777446771, "mse": 61.371843638233351, "best_function": 2, "parameters": [-0.31928893301657957, 0.67971504664364535, 0.16687064875033286, 1.0, -0.0017850697800467774, -0.00055031759965706861, 0.0084344732840163639, 0.17975225239630599, 30.553531334367626]}, "Roundabout": {"mae": 12.786378248738448, "mse": 194.91423664299316, "best_function": 0, "parameters": [1.0, 1.0, 1.0, 1.0, 1.0, 1.0, 1.0]}}, "street_tally": [2.0, 0.0, 1.0]}