{"nature_results": {"Single Carriageway": {"mae": 20.402372151782131, "mse": 604.36097096786591, "best_function": 0, "parameters": [1.0, 1.0, 1.0, 1.0, 1.0, 1.0, 1.0]}, "Slip Road": {"mae": 5.3700875900451157, "mse": 93.737575569865186, "best_function": 2, "parameters": [-2.5700573337690726, 2.5278041776766091, 1.2675059318039439, 1.0, 0.029184792214883126, -0.39904736278232411, 1.5898311786189756, -1.5477069590738419, 35.866995438253156]}}, "street_tally": [1.0, 0.0, 1.0]}