{"nature_results": {"Single Carriageway": {"mae": 6.9170178976157315, "mse": 72.227924399345596, "best_function": 1, "parameters": [2.0968533999946066, 0.92711979119594989, 0.9652099584869902, -0.082540212680006553, 1.4080852656675451, -2.0918675419830843, 1.0, 28.94344444730714]}}, "street_tally": [0.0, 1.0, 0.0]}