{"nature_results": {"Single Carriageway": {"mae": 7.281902434222574, "mse": 83.363704972776219, "best_function": 1, "parameters": [-0.001911461840049089, 0.99655194018314808, 0.98901049345597869, 0.99808525862621789, 1.0007486797426532, 0.076156833811787172, 1.0, 25.239841136486504]}, "Slip Road": {"mae": 35.421349363620479, "mse": 1285.9357563823855, "best_function": 0, "parameters": [1.0, 1.0, 1.0, 1.0, 1.0, 1.0, 1.0]}}, "street_tally": [1.0, 1.0, 0.0]}