{"nature_results": {"Single Carriageway": {"mae": 7.3898991621535766, "mse": 64.280909984562115, "best_function": 0, "parameters": [1.0, 1.0, 1.0, 1.0, 1.0, 1.0, 1.0]}}, "street_tally": [1.0, 0.0, 0.0]}