{"nature_results": {"Single Carriageway": {"mae": 3.8066557578012832, "mse": 25.649485632467528, "best_function": 2, "parameters": [3.2673254345962945, 5.3478641911896956, 1.6673814196887715, 1.0, -0.14150370603655249, 1.7378146626704951, -6.4071411550246733, 6.2554266478859235, 25.625760001780101]}, "Traffic Island Link": {"mae": 20.957858910789497, "mse": 471.74929730186483, "best_function": 0, "parameters": [1.0, 1.0, 1.0, 1.0, 1.0, 1.0, 1.0]}}, "street_tally": [1.0, 0.0, 1.0]}