{"nature_results": {"Single Carriageway": {"mae": 4.6638442730826961, "mse": 43.588552628204148, "best_function": 2, "parameters": [-3.0308566651101101, 2.676753399661679, 1.7135028911054109, 1.0, -0.0023447434470889039, 0.088026169274151966, -0.9271980272427458, 2.9045050741737195, 28.489643152173592]}, "Dual Carriageway": {"mae": 7.1979018993002866, "mse": 103.91038554724345, "best_function": 2, "parameters": [32.017586208618141, 35.847617932297261, 4.1661126284340861, 1.0, 0.39402232652960034, -4.9634715096519191, 17.888845644858414, -13.478106030540314, 27.158990994854776]}}, "street_tally": [0.0, 0.0, 2.0]}