{"nature_results": {"Single Carriageway": {"mae": 20.237572665153131, "mse": 462.41615830081525, "best_function": 0, "parameters": [1.0, 1.0, 1.0, 1.0, 1.0, 1.0, 1.0]}, "Roundabout": {"mae": 6.564036524278448, "mse": 86.108778469525134, "best_function": 2, "parameters": [-0.67960859048037459, 2.6413632699408396, -1.4112922090348561, 1.0, -0.013005817108410644, 0.16530170775243347, -0.7130483402038712, 0.95610583500624113, 18.743579552825036]}, "Dual Carriageway": {"mae": 7.7580933181931391, "mse": 91.77363757002378, "best_function": 1, "parameters": [2.0481941259545264, 0.99655981057128185, 1.0250427421103507, -0.047654188412273868, 1.3942784954501932, -1.1340309165712847, 1.0, 23.854038526529894]}, "Traffic Island Link": {"mae": 5.9744135541513694, "mse": 60.182245373640235, "best_function": 2, "parameters": [0.087363928615317499, 10.983290309422365, 0.52034156832702694, 1.0, 0.12161729429328427, -1.4493944440911939, 4.9158424862086569, -3.0601030438986836, 19.687613647285307]}}, "street_tally": [1.0, 1.0, 2.0]}