{"nature_results": {"Traffic Island Link At Junction": {"mae": 17.479480534917315, "mse": 380.40881959926963, "best_function": 0, "parameters": [1.0, 1.0, 1.0, 1.0, 1.0, 1.0, 1.0]}, "Single Carriageway": {"mae": 5.8092428557764739, "mse": 62.825660795318662, "best_function": 2, "parameters": [0.35178904513435394, 3.8343262671985832, 0.70307709059282952, 1.0, -0.10495596685776798, 1.1552567982458897, -3.5373505619804941, 2.1536649752627897, 23.703474240642944]}, "Roundabout": {"mae": 18.361473272819278, "mse": 484.62074699307709, "best_function": 0, "parameters": [1.0, 1.0, 1.0, 1.0, 1.0, 1.0, 1.0]}, "Slip Road": {"mae": 11.287938593918957, "mse": 426.64308551016205, "best_function": 0, "parameters": [1.0, 1.0, 1.0, 1.0, 1.0, 1.0, 1.0]}}, "street_tally": [3.0, 0.0, 1.0]}