{"nature_results": {"Traffic Island Link At Junction": {"mae": 7.2627231723595846, "mse": 91.718989524323376, "best_function": 0, "parameters": [1.0, 1.0, 1.0, 1.0, 1.0, 1.0, 1.0]}, "Single Carriageway": {"mae": 14.38535627305999, "mse": 281.25705681414962, "best_function": 0, "parameters": [1.0, 1.0, 1.0, 1.0, 1.0, 1.0, 1.0]}}, "street_tally": [2.0, 0.0, 0.0]}