{"nature_results": {"Traffic Island Link At Junction": {"mae": 6.3197867373484629, "mse": 308.95387243376291, "best_function": 0, "parameters": [6.1130147537854587, 6.0599457721166239, -1.4431686699384394, 1.0, 1.3495806673114383, 0.3982054025472489, 25.234872264666524]}, "Single Carriageway": {"mae": 25.915526648889383, "mse": 695.26256885940131, "best_function": 0, "parameters": [1.0, 1.0, 1.0, 1.0, 1.0, 1.0, 1.0]}, "Dual Carriageway": {"mae": 24.09182650737899, "mse": 639.73782198678907, "best_function": 0, "parameters": [1.0, 1.0, 1.0, 1.0, 1.0, 1.0, 1.0]}}, "street_tally": [3.0, 0.0, 0.0]}