{"nature_results": {"Traffic Island Link At Junction": {"mae": 4.8764352692090451, "mse": 46.521198855777044, "best_function": 2, "parameters": [4.610389721129966, 5.1945201348326053, -0.56858320079964897, 1.0, -0.13782858925813368, 1.6439933659392056, -6.1255753146388203, 7.2235429855832782, 19.28636672476706]}, "Single Carriageway": {"mae": 19.544429414504819, "mse": 465.58074217061505, "best_function": 0, "parameters": [1.0, 1.0, 1.0, 1.0, 1.0, 1.0, 1.0]}, "Traffic Island Link": {"mae": 4.6844568348768556, "mse": 44.950067654077543, "best_function": 2, "parameters": [-5.112511314401833, 14.57824253344274, 1.4721294172487542, 1.0, -0.13704952969113982, 1.4460742269739004, -4.1135281606621383, 1.9676463284247276, 17.591044706142235]}}, "street_tally": [1.0, 0.0, 2.0]}