{"nature_results": {"Traffic Island Link At Junction": {"mae": 8.5518823964631281, "mse": 102.18762665561189, "best_function": 0, "parameters": [1.0, 1.0, 1.0, 1.0, 1.0, 1.0, 1.0]}, "Single Carriageway": {"mae": 12.204036568606599, "mse": 201.64564902984148, "best_function": 0, "parameters": [1.0, 1.0, 1.0, 1.0, 1.0, 1.0, 1.0]}}, "street_tally": [2.0, 0.0, 0.0]}