{"nature_results": {"Traffic Island Link At Junction": {"mae": 10.372536150773634, "mse": 129.73297434840421, "best_function": 1, "parameters": [4.793130399280475, 0.99648839996035898, 0.97213348043804026, -1.3784654733250661, 1.8833887308859834, -2.6753818466395254, 1.0, 12.765424341605094]}, "Dual Carriageway": {"mae": 20.641699674095342, "mse": 512.00256823043492, "best_function": 0, "parameters": [1.0, 1.0, 1.0, 1.0, 1.0, 1.0, 1.0]}, "Roundabout": {"mae": 21.73057372252627, "mse": 594.47635307515657, "best_function": 0, "parameters": [1.0, 1.0, 1.0, 1.0, 1.0, 1.0, 1.0]}}, "street_tally": [2.0, 1.0, 0.0]}