{"nature_results": {"Single Carriageway": {"mae": 6.2520986507083522, "mse": 69.943066740015283, "best_function": 2, "parameters": [-0.9715740121187928, 10.056243018109333, 0.9824554997709557, 1.0, 0.021193318458967325, -0.41753695684070036, 2.3728926257513012, -4.1074131089671706, 25.939306450780357]}, "Dual Carriageway": {"mae": 3.8808335916253114, "mse": 25.25914584965189, "best_function": 2, "parameters": [10.248266476822508, 10.369767942161094, -0.50182042138320826, 1.0, -0.14024995225523185, 1.6522988343649678, -5.992655261384102, 6.45709516818747, 16.582560902351503]}}, "street_tally": [0.0, 0.0, 2.0]}