{"nature_results": {"Traffic Island Link At Junction": {"mae": 4.8132754125533763, "mse": 38.464700580278993, "best_function": 2, "parameters": [0.98924257994616571, 2.6003442560656538, -2.1055650897046969, 1.0, 0.0030037371069630003, -0.12367244296592417, 0.62097641581583951, 0.26375599722235121, 31.093287344642306]}, "Single Carriageway": {"mae": 6.3142134926549476, "mse": 77.530017083490293, "best_function": 2, "parameters": [-0.42377161759307413, 2.4667367060880827, 0.5613415577327715, 1.0, -0.07852917337941423, 0.86586324214401922, -2.9523161777130289, 3.3885250274195653, 27.255280760915625]}, "Slip Road": {"mae": 15.664555284589142, "mse": 305.50723055435714, "best_function": 0, "parameters": [1.0, 1.0, 1.0, 1.0, 1.0, 1.0, 1.0]}, "Dual Carriageway": {"mae": 16.594563645948661, "mse": 321.79408415703773, "best_function": 0, "parameters": [1.0, 1.0, 1.0, 1.0, 1.0, 1.0, 1.0]}, "Traffic Island Link": {"mae": 295.34839993835419, "mse": 2097508.5223833551, "best_function": 1, "parameters": [-0.62328295406800027, 1.0026377475628809, 1.0075823729749982, 1.3208291718526408, 0.8783303875747398, -1.305197361376901, 1.0, 26.666325131984053]}}, "street_tally": [2.0, 1.0, 2.0]}