{"nature_results": {"Single Carriageway": {"mae": 5.1554346514569263, "mse": 44.992166744351962, "best_function": 0, "parameters": [11.568568265347119, 5.6226549437491062, 0.34112587290814167, 1.0, 0.1394683943633831, 1.0123390960639187, 15.87204749989232]}}, "street_tally": [1.0, 0.0, 0.0]}