{"nature_results": {"Single Carriageway": {"mae": 5.1575763785818154, "mse": 45.119093044186521, "best_function": 2, "parameters": [0.93532877159405148, 4.7070671031036637, 0.98469827430523471, 1.0, -0.02538755585349084, 0.26611949808713131, -1.3312684746052881, 3.4865218735679826, 27.603082062391156]}}, "street_tally": [0.0, 0.0, 1.0]}