{"nature_results": {"Single Carriageway": {"mae": 14.011421191230312, "mse": 239.59994720343943, "best_function": 0, "parameters": [1.0, 1.0, 1.0, 1.0, 1.0, 1.0, 1.0]}, "Dual Carriageway": {"mae": 6.8998021125014892, "mse": 69.588636297537548, "best_function": 2, "parameters": [3.3950785473269454, 4.6916639514738883, -0.44283555200032776, 1.0, 0.059675857773954122, -0.79152437514791152, 3.0390428776211214, -3.1762625823509634, 17.335040829603098]}, "Slip Road": {"mae": 5.0921065835838837, "mse": 42.786745031577219, "best_function": 0, "parameters": [1.0, 1.0, 1.0, 1.0, 1.0, 1.0, 1.0]}}, "street_tally": [2.0, 0.0, 1.0]}