{"nature_results": {"Traffic Island Link At Junction": {"mae": 5.1167910371604606, "mse": 49.424520265856991, "best_function": 2, "parameters": [0.66111392814379855, 0.45414279522150824, 0.43662780359021225, 1.0, -0.036783835577941737, 0.36140763534893361, -0.91072442335526649, -0.27201956985920694, 20.634071478138257]}, "Single Carriageway": {"mae": 6.2448370022444344, "mse": 68.745253658086483, "best_function": 2, "parameters": [-5.147469220300037, 5.8252334890649191, 4.830376747773065, 1.0, -0.10873145330951317, 1.4319794798299754, -5.9874173963893469, 6.4390214137485291, 36.514184071523708]}, "Roundabout": {"mae": 11.743810006251138, "mse": 206.51250796506903, "best_function": 2, "parameters": [7.1903976243011005, 3.1603677157344072, -2.4436224515575775, 1.0, 0.052533367839164846, -0.5800549564313342, 1.7635620940512688, -0.46871347193722968, 30.643874140575786]}}, "street_tally": [0.0, 0.0, 3.0]}