{"nature_results": {"Single Carriageway": {"mae": 2.6897144824716284, "mse": 14.05927687417913, "best_function": 2, "parameters": [4.3952038201164276, 0.9076520575947693, 1.3758163049512306, 1.0, -0.035525048910298729, 0.32919117696239131, -0.68370307788075602, -0.079827311894896891, 22.29223830686816]}}, "street_tally": [0.0, 0.0, 1.0]}