{"nature_results": {"Traffic Island Link At Junction": {"mae": 4.6480926698364353, "mse": 36.027108957839992, "best_function": 2, "parameters": [43.219143219047695, 19.074674386730376, 0.20745390303922528, 1.0, 0.084012786084602942, -0.87774839348729738, 2.0898953191899365, 0.92649281372555015, 15.411550077238525]}, "Single Carriageway": {"mae": 5.442062798720503, "mse": 67.200078657202056, "best_function": 2, "parameters": [57.341263231882827, 25.873807915022272, 0.40633652768170603, 1.0, 0.16633889905351462, -1.9220830372569395, 6.7019801476821153, -7.2859139316864638, 25.616334384317717]}, "Slip Road": {"mae": 14.157254654404582, "mse": 210.99504799984052, "best_function": 0, "parameters": [1.0, 1.0, 1.0, 1.0, 1.0, 1.0, 1.0]}}, "street_tally": [1.0, 0.0, 2.0]}