{"nature_results": {"Traffic Island Link At Junction": {"mae": 4.7743999524111604, "mse": 34.279080829137691, "best_function": 1, "parameters": [3.536935166227241, 0.97565514067584591, 0.96817020563338207, -0.76004968209845858, 1.6536198413277012, 0.16974225283607647, 1.0, 16.998291996200848]}, "Single Carriageway": {"mae": 24.164648884874268, "mse": 638.57267878972993, "best_function": 0, "parameters": [1.0, 1.0, 1.0, 1.0, 1.0, 1.0, 1.0]}, "Roundabout": {"mae": 32.615446075152477, "mse": 1355.5573952377699, "best_function": 0, "parameters": [1.0, 1.0, 1.0, 1.0, 1.0, 1.0, 1.0]}, "Dual Carriageway": {"mae": 25.7913946503852, "mse": 721.36181364660558, "best_function": 0, "parameters": [1.0, 1.0, 1.0, 1.0, 1.0, 1.0, 1.0]}, "Traffic Island Link": {"mae": 29.003257251104184, "mse": 886.27737120785071, "best_function": 0, "parameters": [1.0, 1.0, 1.0, 1.0, 1.0, 1.0, 1.0]}}, "street_tally": [4.0, 1.0, 0.0]}