{"nature_results": {"Traffic Island Link At Junction": {"mae": 4.5273931284487174, "mse": 39.426707126365145, "best_function": 2, "parameters": [-0.53449541817717994, 2.5866097608636611, 1.0119189448426213, 1.0, -0.12503105666066805, 1.4117126908906914, -4.7884018838923321, 5.2066890250785889, 19.254086616139578]}, "Single Carriageway": {"mae": 18.712421089430375, "mse": 393.4997971073721, "best_function": 0, "parameters": [1.0, 1.0, 1.0, 1.0, 1.0, 1.0, 1.0]}, "Traffic Island Link": {"mae": 19.677619742679891, "mse": 443.42407276748395, "best_function": 0, "parameters": [1.0, 1.0, 1.0, 1.0, 1.0, 1.0, 1.0]}}, "street_tally": [2.0, 0.0, 1.0]}