{"nature_results": {"Traffic Island Link At Junction": {"mae": 6.5316598331952251, "mse": 58.419428822679848, "best_function": 1, "parameters": [2.3550988254428336, 0.82268033421812714, 0.80554373700808857, -0.099364300096954405, 1.3948912991370084, -2.4370640684629601, 1.0, 12.856611439864364]}, "Single Carriageway": {"mae": 6.7465480472347137, "mse": 77.555834810187562, "best_function": 1, "parameters": [2.3297653252086596, 1.0006416765993895, 0.99135009339160418, -0.071782742054518733, 1.3817940712859444, -0.035033508190069229, 1.0, 23.078125530489288]}, "Slip Road": {"mae": 15.888682438617721, "mse": 290.84506436843662, "best_function": 0, "parameters": [1.0, 1.0, 1.0, 1.0, 1.0, 1.0, 1.0]}, "Dual Carriageway": {"mae": 8.3777639055085533, "mse": 111.53023182049979, "best_function": 1, "parameters": [2.2865587690629261, 0.99406848800308023, 0.99984817970202178, -0.12038137234414314, 1.4134969244421076, -0.43314305763588101, 1.0, 19.924745140418207]}, "Traffic Island Link": {"mae": 7.355639753249898, "mse": 85.903383671133128, "best_function": 1, "parameters": [3.4904359393429041, 0.99300262204079359, 0.98052280313587703, -0.6490155177735788, 1.597032806081438, 1.3638252624434395, 1.0, 25.498755850840496]}}, "street_tally": [1.0, 4.0, 0.0]}