{"nature_results": {"Traffic Island Link At Junction": {"mae": 7.296644656753827, "mse": 97.793014999102965, "best_function": 2, "parameters": [76.332392398039005, 47.925104371283886, -1.6441300222586057, 1.0, -0.16430436808532489, 2.0364206070107658, -8.430841442299327, 13.081069057002647, 26.351203280871111]}, "Single Carriageway": {"mae": 5.9104324991897705, "mse": 73.153949980660002, "best_function": 2, "parameters": [-3.0125695246103499, 3.2260303020940873, -2.0115652925504133, 1.0, -0.032604694950648661, 0.41956801865592153, -2.0790864992135383, 4.4016714567573381, 28.373040248578533]}, "Dual Carriageway": {"mae": 6.5090326470606854, "mse": 74.540335645204181, "best_function": 1, "parameters": [2.6695305079523628, 0.73626442868445463, 0.86805444822450939, -0.30930901953656553, 1.4826789205974356, 1.1447572196458506, 1.0, 22.931996364086142]}}, "street_tally": [0.0, 1.0, 2.0]}