{"nature_results": {"Single Carriageway": {"mae": 19.790444637915314, "mse": 473.76062963202895, "best_function": 0, "parameters": [1.0, 1.0, 1.0, 1.0, 1.0, 1.0, 1.0]}, "Dual Carriageway": {"mae": 4.9147964460698743, "mse": 39.775938194510921, "best_function": 2, "parameters": [-9.7196417860979096, 0.37482737140616884, -0.099962150855549714, 1.0, 0.14238016990987867, -1.7671381217023439, 6.0330383652526756, -2.1838145189350997, 21.580634618643455]}}, "street_tally": [1.0, 0.0, 1.0]}