{"nature_results": {"Single Carriageway": {"mae": 5.0306949610548992, "mse": 45.205147185249842, "best_function": 2, "parameters": [-2.8335574722113033, 3.8375279924875665, -0.23994364941170376, 1.0, -0.032384470766092965, 0.17912646218191675, 0.43606680723728108, -2.4690711920850164, 24.122759547835575]}, "Dual Carriageway": {"mae": 5.3503614582086296, "mse": 49.928223066126492, "best_function": 2, "parameters": [3.8652466877019949, 12.845068159849342, -1.8887594424111938, 1.0, -0.010468998548852637, 0.25594281590578405, -2.2370864150842027, 5.789776830216824, 29.610458544950909]}}, "street_tally": [0.0, 0.0, 2.0]}