{"nature_results": {"Traffic Island Link At Junction": {"avg_speed": {"mae": 5.0574582185235313, "mse": 44.812228691240549, "best_function": 2, "parameters": [37.914533136559072, 39.001079845497486, -2.2591682390679169, 1.0, -0.0033553757644784188, 0.10366992307881717, -0.9716984565623612, 3.3024251990139217, 31.070997363278316]}}, "Single Carriageway": {"mae": 11.833804896637844, "mse": 177.99424216023164, "best_function": 1, "parameters": [10.090409902893253, -2.6897915581835932, -0.24512211999945555, -3.9073803322591454, 2.8033383966485887, 1.4630038952744338, 1.0, 10.01284741194093]}, "Slip Road": {"mae": 15.059530875664327, "mse": 241.77253763013778, "best_function": 0, "parameters": [1.0, 1.0, 1.0, 1.0, 1.0, 1.0, 1.0]}}, "street_tally": [1.0, 1.0, 0.0]}