{"nature_results": {"Single Carriageway": {"mae": 7.5336984341254825, "mse": 83.585802438081174, "best_function": 2, "parameters": [-0.48697154658170283, 0.76504513436173371, -0.042557819697873089, 1.0, 0.11750097321006236, -1.474586886184666, 5.2928273260749217, -4.6215966367043171, 19.725183847038469]}, "Slip Road": {"mae": 7.8540471556200471, "mse": 101.64501414719771, "best_function": 2, "parameters": [-1.7339597358239804, 20.992446154890569, -4.5123481304229927, 1.0, -0.10716021269000797, 0.62984966288671296, 1.3235003704414476, -7.9327161133266397, 25.781234065834695]}}, "street_tally": [0.0, 0.0, 2.0]}