{"nature_results": {"Slip Road": {"mae": 5.7704138216551213, "mse": 56.896722231407487, "best_function": 2, "parameters": [5.566081339103242, 10.320535921787457, -1.3596782238675855, 1.0, 0.12614923168166947, -1.5728215735293021, 5.2676368169490786, -1.7813600128242686, 23.194919860628495]}, "Dual Carriageway": {"mae": 6.031775733773487, "mse": 64.275720429127858, "best_function": 2, "parameters": [-2.9184558477595459, 0.21397730464041753, -0.98063322981178369, 1.0, -0.0082352234652849354, 0.092740077939353571, -0.92530981823537251, 3.8515824399568372, 24.825776585700382]}}, "street_tally": [0.0, 0.0, 2.0]}