{"nature_results": {"Traffic Island Link At Junction": {"mae": 4.8621061302979705, "mse": 32.313292723137266, "best_function": 0, "parameters": [-1.1649360902070245, 3.3404663145434785, 3.6222386731795244, 1.0, 0.59726262572493405, 1.1547333737922016, 11.165958794025146]}, "Single Carriageway": {"mae": 2.717699595705187, "mse": 12.624225586995793, "best_function": 2, "parameters": [-4.0967775236067903, 2.8314190671235231, 2.2588462868936352, 1.0, -0.30096970395071287, 3.4015021758065362, -10.804812853554084, 7.1682161173129257, 19.264425381463045]}}, "street_tally": [1.0, 0.0, 1.0]}