{"nature_results": {"Single Carriageway": {"mae": 8.351959592079881, "mse": 143.57351591538557, "best_function": 2, "parameters": [8.5351275617861422, 16.177113047202127, -1.1154027338929828, 1.0, -0.020178391475877966, 0.091252235762177447, 0.45987620020043296, -2.2006293295538764, 25.532448662367401]}, "Slip Road": {"mae": 3.5611062627472081, "mse": 25.673424409543209, "best_function": 1, "parameters": [2.4859021471444089, 0.096551063506867818, 1.0215294276884344, -0.13225422251148466, 1.4033556162066396, -0.95426976547183839, 1.0, 2.9215027317693245]}, "Traffic Island Link": {"mae": 15.032306535990772, "mse": 305.85859556502942, "best_function": 0, "parameters": [1.0, 1.0, 1.0, 1.0, 1.0, 1.0, 1.0]}}, "street_tally": [1.0, 1.0, 1.0]}