{"nature_results": {"Traffic Island Link At Junction": {"mae": 11.678580424661307, "mse": 160.12212806028822, "best_function": 0, "parameters": [1.0, 1.0, 1.0, 1.0, 1.0, 1.0, 1.0]}, "Single Carriageway": {"mae": 6.4187952871159677, "mse": 66.084893919091982, "best_function": 2, "parameters": [25.945215905249231, 18.413890084042883, 1.9275835848396961, 1.0, -0.22119799454142064, 2.4669759582758859, -8.0545779128326735, 6.4446546416039663, 35.620127692083116]}, "Dual Carriageway": {"mae": 7.3069866548047173, "mse": 80.21591231269403, "best_function": 1, "parameters": [2.5320717782343474, 0.91759108484824026, 0.98634085042896369, -0.099299648742950719, 1.3790200397463674, 3.3240300993610714, 1.0, 19.364086822318821]}, "Traffic Island Link": {"mae": 35.574962407907059, "mse": 1328.9936316812948, "best_function": 0, "parameters": [1.0, 1.0, 1.0, 1.0, 1.0, 1.0, 1.0]}}, "street_tally": [2.0, 1.0, 1.0]}