{"nature_results": {"Dual Carriageway": {"mae": 21.963529896398931, "mse": 595.61495118135053, "best_function": 0, "parameters": [1.0, 1.0, 1.0, 1.0, 1.0, 1.0, 1.0]}}, "street_tally": [1.0, 0.0, 0.0]}