{"nature_results": {"Single Carriageway": {"mae": 9.396275049228926, "mse": 137.2870872571155, "best_function": 1, "parameters": [2.2345068674841198, 0.99390084754466057, 1.0058848048783029, -0.0065690739099710793, 1.3550628460538041, -0.86868475933094591, 1.0, 18.398346278358197]}}, "street_tally": [0.0, 1.0, 0.0]}