{"nature_results": {"Traffic Island Link At Junction": {"mae": 18.799822382041196, "mse": 454.43244203627034, "best_function": 0, "parameters": [1.0, 1.0, 1.0, 1.0, 1.0, 1.0, 1.0]}, "Single Carriageway": {"mae": 5.0445880812738455, "mse": 53.883257493128532, "best_function": 2, "parameters": [2.0258550121002838, 2.3024162810453079, 1.2282189274734558, 1.0, -0.10541713990997015, 1.2005072308657039, -4.311134052521715, 5.4319405630739146, 24.601611308027557]}, "Dual Carriageway": {"mae": 16.619356064096923, "mse": 303.96337537672372, "best_function": 0, "parameters": [1.0, 1.0, 1.0, 1.0, 1.0, 1.0, 1.0]}, "Traffic Island Link": {"mae": 21.646887525509104, "mse": 572.52549171718204, "best_function": 0, "parameters": [1.0, 1.0, 1.0, 1.0, 1.0, 1.0, 1.0]}}, "street_tally": [3.0, 0.0, 1.0]}