{"nature_results": {"Slip Road": {"mae": 6.6600131152123669, "mse": 91.135352744920056, "best_function": 0, "parameters": [1.0, 1.0, 1.0, 1.0, 1.0, 1.0, 1.0]}}, "street_tally": [1.0, 0.0, 0.0]}