{"nature_results": {"Traffic Island Link At Junction": {"mae": 4.2858939982723365, "mse": 31.527791622661944, "best_function": 2, "parameters": [4.1770991516415004, 2.6202339835528936, 1.7322391819546872, 1.0, 0.0043250670109834521, -0.099806932996509667, 0.68915151594927548, -1.7012321415041445, 15.440139028200106]}, "Single Carriageway": {"mae": 6.7728529219453399, "mse": 122.20615468747279, "best_function": 2, "parameters": [26.197995982732994, 18.525319005649514, 2.8338304122990556, 1.0, 0.018249973112120066, -0.1919061222250058, 0.74569171733061346, -1.3579204011910226, 16.070794792396853]}}, "street_tally": [0.0, 0.0, 2.0]}