{"nature_results": {"Single Carriageway": {"mae": 14.294983748202254, "mse": 252.66594219042639, "best_function": 1, "parameters": [8.1462139196210757, -183.54058984678008, -142.93000033532809, -3.0519002700050084, 2.505682760169945, 5.1551968737510458, 1.0, 1.2854096422707035]}}, "street_tally": [0.0, 1.0, 0.0]}