{"nature_results": {"Traffic Island Link At Junction": {"mae": 10.417261647510855, "mse": 167.40300834763843, "best_function": 2, "parameters": [-1.911616047512692, 1.965514902536778, -1.8797155279935156, 1.0, -0.038546768481342975, 0.49040157797874007, -2.4671970409845274, 5.136756168640674, 26.965713815478907]}, "Single Carriageway": {"mae": 5.6965415320535531, "mse": 61.110888181941512, "best_function": 2, "parameters": [-3.1533152645931759, 1.5199343508585368, 0.22452756436941623, 1.0, -0.061409078000375539, 0.65076152952182986, -2.3468907418438505, 3.5758400970842246, 25.95730042323607]}, "Dual Carriageway": {"mae": 8.0415251790024662, "mse": 104.34755839271018, "best_function": 2, "parameters": [-0.092351340270185212, 1.7368593557268588, -1.3000868786419084, 1.0, -0.0096516723481896438, 0.064936989115232935, -0.17777694546705547, 0.76452884673760768, 23.985717961173066]}, "Slip Road": {"mae": 17.625639818704762, "mse": 476.1571585056372, "best_function": 0, "parameters": [1.0, 1.0, 1.0, 1.0, 1.0, 1.0, 1.0]}}, "street_tally": [1.0, 0.0, 3.0]}