{"nature_results": {"Single Carriageway": {"mae": 14.973388963922186, "mse": 466.51099755703706, "best_function": 1, "parameters": [1.3425881865872078, 0.98347548151585118, 0.97504239388751701, 0.3599312166848343, 1.2314313650307427, 0.82033477349565287, 1.0, 27.070181972121304]}}, "street_tally": [0.0, 1.0, 0.0]}