{"nature_results": {"Traffic Island Link At Junction": {"mae": 7.1373536128221353, "mse": 84.784232975700164, "best_function": 1, "parameters": [0.026641271849374482, 0.98693804422313547, 1.0017013310250782, 1.0048475264889876, 0.99529562813831229, 0.94142220685936928, 1.0, 14.169190302731035]}, "Single Carriageway": {"mae": 6.1310536557728375, "mse": 70.883175831666463, "best_function": 2, "parameters": [-2.8061535307155014, 0.86662830965334636, 1.8155936566223851, 1.0, -0.021023124477135946, 0.14721127149100832, -0.30685901541996374, 0.93966437819182569, 26.068520817029384]}, "Slip Road": {"mae": 3.6904626364774216, "mse": 15.716000262950068, "best_function": 0, "parameters": [80462.336772863462, 17383.004620692594, 0.12005524307178594, 1.0, -0.35198226783836106, 0.18978334983307366, 11.077500913091962]}, "Dual Carriageway": {"mae": 18.049943656075943, "mse": 352.80508161008225, "best_function": 0, "parameters": [1.0, 1.0, 1.0, 1.0, 1.0, 1.0, 1.0]}, "Traffic Island Link": {"mae": 7.0422435405215094, "mse": 95.761772363942711, "best_function": 2, "parameters": [-0.071591647012520188, 3.1718350220421709, 1.3805255021580463, 1.0, -0.022380315801843631, 0.1175673650530672, 0.1397314729167608, -0.43781698174737715, 27.635412037764748]}}, "street_tally": [2.0, 1.0, 2.0]}