{"nature_results": {"Traffic Island Link At Junction": {"mae": 43.114463691323287, "mse": 3666.6347360631703, "best_function": 1, "parameters": [0.80807153538718968, 1.0196969065988326, 1.0341126576228292, 0.62576468155308529, 1.1340727174229213, 2.2565551724145223, 1.0, 25.193331415018903]}, "Single Carriageway": {"mae": 8.1097742653229847, "mse": 1156.0836426516696, "best_function": 0, "parameters": [6.4065724769367556, 5.6717945213921386, 1.4222737641663801, 1.0, 0.8223848523165399, 0.60565299069344247, 25.865227190299748]}, "Dual Carriageway": {"mae": 6.3667705189360948, "mse": 75.757429306793711, "best_function": 2, "parameters": [6.0007398989858869, 1.8742485725605877, -0.041329400131876692, 1.0, -0.026292057428096927, 0.20539311260439397, -0.23389994833276351, -0.84897636221292716, 23.431449192904829]}, "Traffic Island Link": {"mae": 6.7900474914805509, "mse": 93.83482502711739, "best_function": 0, "parameters": [-0.34325488688988348, 3.0331624056490032, 0.64878905099781681, 1.0, 0.016184048247456229, 0.87676494114128611, 31.449761971626977]}}, "street_tally": [2.0, 1.0, 1.0]}