{"nature_results": {"Traffic Island Link At Junction": {"mae": 10.882470658224861, "mse": 170.44631377781238, "best_function": 2, "parameters": [8.7761683784954823, 0.50507366817562849, 1.3981182487490011, 1.0, -0.0082533610478845443, 0.14517324994510816, -0.98290253363484648, 2.6209389805792052, 18.281528352970618]}, "Single Carriageway": {"mae": 6.9148104330862843, "mse": 82.618849937953499, "best_function": 2, "parameters": [1.6342167965146386, 1.2539844471220218, 0.5721533860723621, 1.0, 0.035911096922402796, -0.45076283229967551, 1.5662282796996096, -0.67994621974872937, 26.134149854557311]}, "Traffic Island Link": {"mae": 8.0108152068250575, "mse": 103.0291546485854, "best_function": 2, "parameters": [0.1194388830088875, 2.2717202115229957, -0.70021717854487631, 1.0, 0.046970773336307725, -0.5742772725555727, 1.8723771251059016, -0.4388162879804034, 26.726520237728661]}}, "street_tally": [0.0, 0.0, 3.0]}