{"nature_results": {"Traffic Island Link At Junction": {"mae": 12.326230574074396, "mse": 183.77720779951909, "best_function": 0, "parameters": [1.0, 1.0, 1.0, 1.0, 1.0, 1.0, 1.0]}, "Single Carriageway": {"mae": 15.198851635962733, "mse": 252.48167804373608, "best_function": 0, "parameters": [1.0, 1.0, 1.0, 1.0, 1.0, 1.0, 1.0]}}, "street_tally": [2.0, 0.0, 0.0]}