{"nature_results": {"Traffic Island Link At Junction": {"mae": 10.383787732087928, "mse": 195.47526171059076, "best_function": 1, "parameters": [2.0667914620001926, 1.0046237165132774, 1.0202614751117589, 0.043601126809308721, 1.3420194257978024, 1.1594245887178476, 1.0, 16.726718364430909]}, "Single Carriageway": {"mae": 7.0715136362640196, "mse": 82.353893467353473, "best_function": 2, "parameters": [2.2369953581503319, 1.1418628470130363, -0.022325938445669991, 1.0, 0.037425283467992454, -0.53588764717721338, 2.1374468637929729, -1.3902193936271288, 22.738440611308484]}, "Slip Road": {"mae": 9.0621051034865587, "mse": 149.38458297398219, "best_function": 2, "parameters": [12.743649569541974, 45.608016014806353, -1.6266498167185568, 1.0, -0.11800573977369133, 1.1759428252326141, -3.0146731972857932, 1.3677975870618342, 16.994898902204088]}, "Dual Carriageway": {"mae": 9.3236917064518199, "mse": 127.44765549952568, "best_function": 1, "parameters": [2.1699399424705552, 0.99164498778852606, 0.99373359482001844, -0.021015154758455168, 1.3690056106578963, -0.046889175168030706, 1.0, 17.521157805224956]}, "Traffic Island Link": {"mae": 22.34071881731726, "mse": 603.63419990101022, "best_function": 0, "parameters": [1.0, 1.0, 1.0, 1.0, 1.0, 1.0, 1.0]}}, "street_tally": [1.0, 2.0, 2.0]}