{"nature_results": {"Traffic Island Link At Junction": {"mae": 9.2184523294655758, "mse": 126.96801428802368, "best_function": 2, "parameters": [54.77107640933361, 33.112846924347529, 1.3074479788028053, 1.0, -0.13278595345901345, 1.3114673177803609, -3.9142611148732849, 3.8968475886035048, 26.774166182954609]}, "Single Carriageway": {"mae": 6.4035890439144296, "mse": 75.813047780159138, "best_function": 0, "parameters": [4.1338573037107054, 6.3817853666384377, 0.22504273697687482, 1.0, 0.52453749188588605, 0.42760664599978349, 25.555978932527513]}, "Traffic Island Link": {"mae": 7.5921767014010904, "mse": 87.753394794616568, "best_function": 2, "parameters": [58.579314513251767, 36.766902864921228, -1.5977449251964515, 1.0, 0.06431807165372283, -0.97907748609031908, 4.0446331659816614, -3.276973983640687, 29.120680447930653]}}, "street_tally": [1.0, 0.0, 2.0]}