{"nature_results": {"Traffic Island Link At Junction": {"mae": 5.2492804320682085, "mse": 36.734115828281858, "best_function": 2, "parameters": [41.181027146633838, 18.507748152648581, 1.4705908396084562, 1.0, 0.10971282588560105, -1.0850155462517073, 2.9075080616984796, -2.3248237110764647, 8.9928820869652633]}, "Single Carriageway": {"mae": 19.834734576263763, "mse": 456.46588609637945, "best_function": 0, "parameters": [1.0, 1.0, 1.0, 1.0, 1.0, 1.0, 1.0]}, "Slip Road": {"mae": 7.5182748204856953, "mse": 135.62359636011914, "best_function": 0, "parameters": [1.0, 1.0, 1.0, 1.0, 1.0, 1.0, 1.0]}}, "street_tally": [2.0, 0.0, 1.0]}