{"nature_results": {"Traffic Island Link At Junction": {"mae": 4.6351680410100728, "mse": 34.504015798153766, "best_function": 2, "parameters": [-0.31275669856666277, 11.607035980046437, -3.2418713178529384, 1.0, -0.3287966112730023, 4.0095483578349356, -14.807880658502436, 16.479583065477044, 18.581036189090351]}, "Single Carriageway": {"mae": 6.2376576811041522, "mse": 70.86119731844785, "best_function": 2, "parameters": [-0.37260750880616955, 4.9409778760435508, 0.36242087296017789, 1.0, -0.012114746872410542, 0.2536460523711016, -1.789947585524267, 4.2147512447834563, 27.317907650348776]}, "Traffic Island Link": {"mae": 6.2015538723995975, "mse": 50.458759700037241, "best_function": 1, "parameters": [3.6531770081522947, 1.1536096654296166, 1.0455906118779461, -0.87730809114155428, 1.7082159682164084, 2.1970416821366765, 1.0, 8.2550923720442135]}}, "street_tally": [0.0, 1.0, 2.0]}