{"nature_results": {"Traffic Island Link At Junction": {"mae": 5.1744111434449529, "mse": 41.286921768072929, "best_function": 2, "parameters": [16.609529126326031, 9.1520214235289536, 0.94636472664335813, 1.0, 0.15272927753086618, -1.9212579447997533, 6.7454824956674653, -4.2897178790719561, 21.062840559847903]}, "Single Carriageway": {"mae": 4.250176912557154, "mse": 31.455785875683528, "best_function": 2, "parameters": [2.9759783705843366, 2.9686910647145326, 0.14384074969902072, 1.0, 0.11011797721251593, -1.2562794935108021, 3.5570039580301889, -0.013187535901195035, 39.714838120792876]}, "Dual Carriageway": {"mae": 6.381803793796303, "mse": 72.948546271750615, "best_function": 1, "parameters": [1.9482736704337904, 1.0428204164298973, 1.0489769336787698, 0.12500602453832343, 1.3082030114511458, 0.52042038191631301, 1.0, 27.154247301727963]}, "Roundabout": {"mae": 3.0362554429279145, "mse": 17.596898563277648, "best_function": 2, "parameters": [3.1245067827847017, 7.5595696825989807, -0.63920976082308179, 1.0, 0.041113631090228142, -0.53164515850172944, 2.007458854313124, -1.7364837074280217, 24.082126715465176]}}, "street_tally": [0.0, 1.0, 3.0]}