{"nature_results": {"Traffic Island Link At Junction": {"mae": 6.7561510839182164, "mse": 67.602730368252267, "best_function": 2, "parameters": [-2.1750495478061689, 0.39408114316634424, 1.3479908921496893, 1.0, -0.043698434483400383, 0.40415046633679474, -1.3685999917326437, 2.4502324516519844, 23.896760247168054]}, "Single Carriageway": {"mae": 25.536276043183538, "mse": 727.94398417543732, "best_function": 0, "parameters": [1.0, 1.0, 1.0, 1.0, 1.0, 1.0, 1.0]}, "Dual Carriageway": {"mae": 21.307349525772505, "mse": 554.9790663746943, "best_function": 0, "parameters": [1.0, 1.0, 1.0, 1.0, 1.0, 1.0, 1.0]}, "Roundabout": {"mae": 4.3367808503575613, "mse": 40.797466757196467, "best_function": 2, "parameters": [-3.0396291603205832, 1.8158632112952748, -0.47669149535877153, 1.0, 0.022420160363281871, -0.19709875994591597, 0.3427640079669122, 0.48335704495426102, 24.206873156933799]}}, "street_tally": [2.0, 0.0, 2.0]}