{"nature_results": {"Single Carriageway": {"mae": 4.025738976364253, "mse": 26.878904788734811, "best_function": 2, "parameters": [28.495797490240125, 20.484677872097706, 5.143563131303746, 1.0, 0.069878888868931788, -0.48029267591490221, -0.72372198236215257, 6.0751462709213779, 19.256604271246097]}}, "street_tally": [0.0, 0.0, 1.0]}