{"nature_results": {"Dual Carriageway": {"mae": 20.830208591075468, "mse": 505.7227115320664, "best_function": 0, "parameters": [1.0, 1.0, 1.0, 1.0, 1.0, 1.0, 1.0]}}, "street_tally": [1.0, 0.0, 0.0]}