{"nature_results": {"Traffic Island Link At Junction": {"mae": 7.8664669401045222, "mse": 103.71126969234325, "best_function": 1, "parameters": [3.5888533394746176, 0.96514166597949902, 0.97469881609556808, -0.76323245324348976, 1.6517164092899568, 1.5835375944453569, 1.0, 18.238703195013123]}, "Single Carriageway": {"mae": 6.261748143411741, "mse": 70.963932887563416, "best_function": 2, "parameters": [-1.6265427733411384, 0.62378024991601611, 1.234559680147286, 1.0, 0.0070233209123250484, -0.052680406432713323, -0.40474441192400357, 3.3302346329590682, 19.843911710651064]}, "Dual Carriageway": {"mae": 7.5024285494133016, "mse": 99.685208444445294, "best_function": 1, "parameters": [1.8366232322025777, 0.98799826906349797, 1.0639476308030806, 0.13929805090205993, 1.3110515007639689, 0.34093513557592781, 1.0, 17.842055807517813]}, "Traffic Island Link": {"mae": 7.577019812483341, "mse": 93.712513614209897, "best_function": 1, "parameters": [2.3024925685743778, 0.99051546571852012, 1.0471792433157596, -0.086755713082554475, 1.3933286010290968, 0.68951035459767063, 1.0, 19.286889228409315]}}, "street_tally": [0.0, 3.0, 1.0]}