{"nature_results": {"Single Carriageway": {"mae": 5.2584985071810335, "mse": 47.938774665751552, "best_function": 1, "parameters": [1.97956875394251, 0.99831280454032101, 0.99324342812471456, 0.043679250565167749, 1.3501518601802485, -0.16118701450227424, 1.0, 21.727283794924993]}}, "street_tally": [0.0, 1.0, 0.0]}