{"nature_results": {"Traffic Island Link At Junction": {"mae": 4.0082677185209699, "mse": 25.641307531750371, "best_function": 2, "parameters": [-1.5160591137682338, 2.3664290064682159, -2.207185437420776, 1.0, 0.16795245299389205, -2.232747946121926, 9.0555176516757179, -9.4286756324319629, 19.176698359844774]}, "Slip Road": {"mae": 19.27502262476936, "mse": 377.59068869302354, "best_function": 0, "parameters": [1.0, 1.0, 1.0, 1.0, 1.0, 1.0, 1.0]}}, "street_tally": [1.0, 0.0, 1.0]}