{"nature_results": {"Traffic Island Link At Junction": {"mae": 4.4679385441244754, "mse": 38.29385095041912, "best_function": 2, "parameters": [7.654222754389755, 0.5533810338711791, 0.8823697281019881, 1.0, -0.083110684572558213, 0.94639358741040236, -3.407610533589553, 3.8102500815164637, 21.234006036167706]}, "Single Carriageway": {"mae": 23.974277386729895, "mse": 612.25841904580113, "best_function": 0, "parameters": [1.0, 1.0, 1.0, 1.0, 1.0, 1.0, 1.0]}, "Dual Carriageway": {"mae": 6.1252078045470633, "mse": 57.359625767911488, "best_function": 2, "parameters": [7.0315518603837761, 8.8703074487803271, -0.29137128062470263, 1.0, -0.033633169330647306, 0.19883713973260941, 0.19058163607111978, -1.4819356423196788, 27.769647341639718]}, "Slip Road": {"mae": 10.102316623353524, "mse": 171.68274212562196, "best_function": 0, "parameters": [1.0, 1.0, 1.0, 1.0, 1.0, 1.0, 1.0]}}, "street_tally": [2.0, 0.0, 2.0]}