{"nature_results": {"Traffic Island Link At Junction": {"mae": 174.53410598260214, "mse": 93021.270126870906, "best_function": 1, "parameters": [-0.55777705901222796, 1.0674481640520408, 1.0509780491564651, 1.2623669664985941, 0.90538290312148506, 1.4974194437681743, 1.0, 13.303706892300733]}, "Single Carriageway": {"mae": 24.14836035285192, "mse": 657.13638904372715, "best_function": 0, "parameters": [1.0, 1.0, 1.0, 1.0, 1.0, 1.0, 1.0]}, "Dual Carriageway": {"mae": 7.4376466146714817, "mse": 99.438500218414362, "best_function": 2, "parameters": [2.8372554087837121, 4.7827863261829409, -0.048166227003534123, 1.0, -0.056659118277168519, 0.69260729021147083, -2.4179058493982009, 1.6858230246357062, 23.758013012201801]}, "Slip Road": {"mae": 7.5199403723654266, "mse": 97.433003805084539, "best_function": 0, "parameters": [1.0, 1.0, 1.0, 1.0, 1.0, 1.0, 1.0]}}, "street_tally": [2.0, 1.0, 1.0]}