{"nature_results": {"Traffic Island Link At Junction": {"mae": 19.104723834822735, "mse": 498.25496047192297, "best_function": 0, "parameters": [1.0, 1.0, 1.0, 1.0, 1.0, 1.0, 1.0]}, "Single Carriageway": {"mae": 19.480885237999381, "mse": 462.72366267503048, "best_function": 0, "parameters": [1.0, 1.0, 1.0, 1.0, 1.0, 1.0, 1.0]}, "Slip Road": {"mae": 17.612650963312468, "mse": 604.27912061956374, "best_function": 2, "parameters": [62.481586236118453, 51.434404943365195, -13.318661295936751, 1.0, -0.92123754963127835, 9.8560132920029595, -28.98155512540848, 14.554708176609683, 44.516067147966119]}, "Dual Carriageway": {"mae": 16.834088159033126, "mse": 390.26909472405805, "best_function": 0, "parameters": [1.0, 1.0, 1.0, 1.0, 1.0, 1.0, 1.0]}, "Traffic Island Link": {"mae": 6.8874935922575915, "mse": 77.950910581142224, "best_function": 2, "parameters": [3.4208042701100241, 1.9716685226673134, -0.94202205386259652, 1.0, -0.048710551057163043, 0.52558408638494969, -1.7022259004604043, 1.9068674286686065, 26.68817042380492]}}, "street_tally": [3.0, 0.0, 2.0]}