{"nature_results": {"Traffic Island Link At Junction": {"mae": 9.2630861236290478, "mse": 119.85903127823735, "best_function": 1, "parameters": [2.236835149090088, 0.45935351213267539, 0.62227012879397736, -0.0966446374609371, 1.4033969873057004, -3.8707766460978421, 1.0, 18.67965250322381]}, "Single Carriageway": {"mae": 21.646122194442057, "mse": 551.80479773152592, "best_function": 0, "parameters": [1.0, 1.0, 1.0, 1.0, 1.0, 1.0, 1.0]}, "Traffic Island Link": {"mae": 28.87779374647489, "mse": 918.49838333991727, "best_function": 0, "parameters": [1.0, 1.0, 1.0, 1.0, 1.0, 1.0, 1.0]}}, "street_tally": [2.0, 1.0, 0.0]}