{"nature_results": {"Traffic Island Link At Junction": {"mae": 7.8447855915565547, "mse": 111.49441145167121, "best_function": 2, "parameters": [-9.5221776566472816, 3.2379486432537581, 3.5211615632928348, 1.0, -0.043629002028028552, 0.42753157120482788, -1.3720358194754905, 1.7991199495455885, 23.764607549946309]}, "Single Carriageway": {"mae": 17.930715988135663, "mse": 392.46343106643582, "best_function": 0, "parameters": [1.0, 1.0, 1.0, 1.0, 1.0, 1.0, 1.0]}, "Traffic Island Link": {"mae": 19.533429927832138, "mse": 455.75900626989659, "best_function": 0, "parameters": [1.0, 1.0, 1.0, 1.0, 1.0, 1.0, 1.0]}}, "street_tally": [2.0, 0.0, 1.0]}