{"nature_results": {"Traffic Island Link At Junction": {"mae": 7.6672347841198052, "mse": 78.59299427401163, "best_function": 0, "parameters": [10.934663538657333, 13.655037497647559, -1.8415920903240321, 1.0, -0.42232588263830495, 1.2217534660934763, 19.160204858714462]}, "Single Carriageway": {"mae": 5.3566728123510794, "mse": 45.425390232491715, "best_function": 2, "parameters": [5.8488771079996829, 3.9720815537854914, 1.1525757478030609, 1.0, -0.013107684353921956, -0.01994827150984535, 0.58168630361558415, 0.18350659278737458, 21.633420716405752]}}, "street_tally": [1.0, 0.0, 1.0]}