{"nature_results": {"Slip Road": {"mae": 6.7498815483112624, "mse": 64.15958238027568, "best_function": 2, "parameters": [275.12187820396025, 149.57760381994399, -6.8570404868055483, 1.0, 0.066154528836999904, -0.92746308661791033, 4.1077882547871685, -6.5250301963352211, 15.815679389187492]}, "Dual Carriageway": {"mae": 9.4525404773988289, "mse": 290.85981330136036, "best_function": 0, "parameters": [7.4457361447412831, 8.8796399774055246, 5.3310761372905757, 1.0, 1.0931261191492767, 0.25012951238435921, 38.813336583980288]}}, "street_tally": [1.0, 0.0, 1.0]}