{"nature_results": {"Traffic Island Link At Junction": {"mae": 7.6422368483509855, "mse": 95.938412588369118, "best_function": 2, "parameters": [1.7511753079439307, 0.066829220528858313, -0.15611791484315551, 1.0, 0.0088027494904270309, -0.14654685868713302, 0.42796862492634702, 0.65087818457934477, 19.821942653679805]}, "Single Carriageway": {"mae": 20.664814693562807, "mse": 478.83404669337222, "best_function": 0, "parameters": [1.0, 1.0, 1.0, 1.0, 1.0, 1.0, 1.0]}, "Traffic Island Link": {"mae": 22.853645609623577, "mse": 620.60140673496414, "best_function": 0, "parameters": [1.0, 1.0, 1.0, 1.0, 1.0, 1.0, 1.0]}}, "street_tally": [2.0, 0.0, 1.0]}