{"nature_results": {"Single Carriageway": {"mae": 29.703689461928111, "mse": 956.56259363520689, "best_function": 0, "parameters": [1.0, 1.0, 1.0, 1.0, 1.0, 1.0, 1.0]}, "Dual Carriageway": {"mae": 13.865845201670149, "mse": 440.46131010100822, "best_function": 1, "parameters": [4.4220173348559229, 0.96549977930867203, 1.0033190165681611, -1.082327267879164, 1.7530881550776178, 0.84813192366563883, 1.0, 25.943961116848573]}, "Slip Road": {"mae": 30.943833765154032, "mse": 986.56499585904851, "best_function": 0, "parameters": [1.0, 1.0, 1.0, 1.0, 1.0, 1.0, 1.0]}}, "street_tally": [2.0, 1.0, 0.0]}