{"nature_results": {"Dual Carriageway": {"mae": 41.043223038447557, "mse": 1805.6498306511055, "best_function": 0, "parameters": [1.0, 1.0, 1.0, 1.0, 1.0, 1.0, 1.0]}, "Roundabout": {"mae": 5.825544040856566, "mse": 64.702948961759276, "best_function": 1, "parameters": [2.1158232928108185, 1.0053320694746846, 1.0186934179138876, 0.0042690589405545154, 1.359401870747238, -0.35232444295902909, 1.0, 23.084254481371456]}}, "street_tally": [1.0, 1.0, 0.0]}