{"nature_results": {"Traffic Island Link At Junction": {"mae": 5.7595382179462495, "mse": 54.130154641530325, "best_function": 1, "parameters": [1.803833284345622, 0.97688407917831732, 0.96823404661432122, 0.1273762598868724, 1.3200862729036802, 2.1539278455576309, 1.0, 15.712775578446111]}, "Single Carriageway": {"mae": 8.0883742377957812, "mse": 104.13086775199416, "best_function": 1, "parameters": [4.0676354476786329, 0.96362409013076733, 0.98741525682598597, -0.99820757465174137, 1.7386162888274135, 0.29221704303534735, 1.0, 14.792531976121403]}}, "street_tally": [0.0, 2.0, 0.0]}