{"nature_results": {"Traffic Island Link At Junction": {"mae": 10.616859039633669, "mse": 175.19038335881945, "best_function": 1, "parameters": [2.9471993024454095, 1.0479291610456165, 1.0591566873037292, -0.48023283293813201, 1.5517406802327334, -4.1839425009457214, 1.0, 17.821050519239709]}, "Single Carriageway": {"mae": 25.667514499869757, "mse": 736.00547688871188, "best_function": 0, "parameters": [1.0, 1.0, 1.0, 1.0, 1.0, 1.0, 1.0]}, "Traffic Island Link": {"mae": 28.179876482249632, "mse": 885.24195363103263, "best_function": 0, "parameters": [1.0, 1.0, 1.0, 1.0, 1.0, 1.0, 1.0]}}, "street_tally": [2.0, 1.0, 0.0]}