{"nature_results": {"Traffic Island Link At Junction": {"mae": 7.7315051570608349, "mse": 100.72568674137352, "best_function": 1, "parameters": [2.0335664973967509, 0.99486216008646788, 0.98621731681171731, 0.051738994726641785, 1.3410531362380627, 0.30591384123343912, 1.0, 18.372018823561557]}, "Single Carriageway": {"mae": 4.8946849401536854, "mse": 44.23611571098791, "best_function": 2, "parameters": [2.5873224890951851, 6.9051106756818692, -0.52186974500936323, 1.0, 0.14659997239690903, -1.8158190712183679, 6.6306716593854116, -6.1289095746683282, 32.949639568973879]}, "Traffic Island Link": {"mae": 17.159649678155468, "mse": 395.73274356511109, "best_function": 1, "parameters": [1.4065036225049976, 1.0092506479091328, 1.0171602292372526, 0.29999903091946922, 1.2601749620880012, -2.7171298291583144, 1.0, 39.080633651664897]}}, "street_tally": [0.0, 2.0, 1.0]}