{"nature_results": {"Single Carriageway": {"mae": 15.468331858136123, "mse": 281.48505100889952, "best_function": 0, "parameters": [1.0, 1.0, 1.0, 1.0, 1.0, 1.0, 1.0]}, "Dual Carriageway": {"mae": 5.990878402084002, "mse": 57.627284518676504, "best_function": 1, "parameters": [-0.0046707834074728449, 1.0143082843115963, 1.0274204436007777, 0.9832863443633183, 1.0095491012730902, -1.133249847623456, 1.0, 10.711214714781793]}}, "street_tally": [1.0, 1.0, 0.0]}