{"nature_results": {"Single Carriageway": {"mae": 5.0920029526660189, "mse": 42.862241939291451, "best_function": 2, "parameters": [10.878602455577122, 14.174969660540892, 0.47176826852421838, 1.0, 0.063123487591427496, -0.9572056692864892, 4.3609613112018897, -5.1763065489646731, 8.8531614618750432]}}, "street_tally": [0.0, 0.0, 1.0]}