{"nature_results": {"Traffic Island Link At Junction": {"mae": 5.8183069100340852, "mse": 53.179140505441978, "best_function": 2, "parameters": [0.70490540419400172, 2.6522457224381544, -1.0792496728187579, 1.0, -0.10262709897825117, 1.1959056336016431, -4.3931947682254915, 4.7009187517674835, 31.045626180501575]}, "Single Carriageway": {"mae": 6.2375933925471791, "mse": 69.657686525629003, "best_function": 2, "parameters": [0.74480264363697668, 1.588467437196396, -1.4589410607234656, 1.0, 0.0019173545726661745, -0.26726691539136871, 1.6667010363268742, -1.1153981598182945, 34.040374319858685]}, "Roundabout": {"mae": 18.028424613743912, "mse": 384.6798859507611, "best_function": 0, "parameters": [1.0, 1.0, 1.0, 1.0, 1.0, 1.0, 1.0]}, "Dual Carriageway": {"mae": 28.933759592374191, "mse": 968.14961480043416, "best_function": 0, "parameters": [1.0, 1.0, 1.0, 1.0, 1.0, 1.0, 1.0]}, "Slip Road": {"mae": 5.6232243200323753, "mse": 637.33257615116099, "best_function": 0, "parameters": [3.7560733729557088, 2.7530855670292897, -0.97760344135812183, 1.0, 0.90499675695402082, 0.41841080585869816, 33.678584713223792]}}, "street_tally": [3.0, 0.0, 2.0]}