{"nature_results": {"Single Carriageway": {"mae": 11.006722820301187, "mse": 214.17596954837487, "best_function": 2, "parameters": [-3.621603806530306, 0.49894185072483832, 0.12689718230614921, 1.0, -0.097759256425811181, 1.1937763481756571, -5.0122628804332594, 8.9014433689925703, 21.080097560675373]}, "Dual Carriageway": {"mae": 6.4928159111545876, "mse": 76.661881457017941, "best_function": 2, "parameters": [4.2288528470025994, 5.740470765662848, 1.022362549776308, 1.0, -0.026114335334858074, 0.26879115472764503, -1.1226256509178354, 3.0938381449582693, 20.137646325072669]}, "Traffic Island Link": {"mae": 6.7275662805366192, "mse": 81.41866613095263, "best_function": 2, "parameters": [17.784667481933333, 13.439452987595914, -0.29119708884194639, 1.0, -0.086645239647236583, 1.1081768527387199, -4.9202655238037849, 8.6422774796649726, 18.027672689744044]}}, "street_tally": [0.0, 0.0, 3.0]}