{"nature_results": {"Traffic Island Link At Junction": {"mae": 9.0378576386710865, "mse": 124.15694011702553, "best_function": 0, "parameters": [2.3940908774721921, 5.9289425785167982, -0.71033178322053359, 1.0, -0.33786634337800026, 1.262058611482155, 20.678270893832167]}, "Single Carriageway": {"mae": 5.5972250959349008, "mse": 54.584789914489455, "best_function": 0, "parameters": [0.23826203252634615, 5.696988291398438, 3.6218176080730835, 1.0, 1.7382327253849106, 0.31793178455214044, 17.082086918756765]}}, "street_tally": [2.0, 0.0, 0.0]}