{"nature_results": {"Single Carriageway": {"mae": 9.3045530721573737, "mse": 184.74879102023772, "best_function": 2, "parameters": [0.59015102758945337, 10.34594359515264, -6.4302134763558234, 1.0, 0.32423635381087679, -4.3235128416348365, 18.129675628836736, -23.779673993332004, 35.339102232041732]}}, "street_tally": [0.0, 0.0, 1.0]}