{"nature_results": {"Single Carriageway": {"mae": 6.7022722732292621, "mse": 76.172859307981014, "best_function": 2, "parameters": [2.5388024211931994, 2.7706311320257617, 0.84316875209968756, 1.0, -0.065633166346952265, 0.72837824005121132, -2.3961559352229154, 2.7375204047486514, 22.248220103944213]}, "Slip Road": {"mae": 16.790466752422763, "mse": 348.60697676885979, "best_function": 0, "parameters": [1.0, 1.0, 1.0, 1.0, 1.0, 1.0, 1.0]}}, "street_tally": [1.0, 0.0, 1.0]}