{"nature_results": {"Single Carriageway": {"mae": 4.338214576094912, "mse": 28.759952198294553, "best_function": 1, "parameters": [2.3480479832915111, 1.0120318672386239, 1.0106556297832778, -0.1791256555745151, 1.4396635773419171, 4.6829082366973864, 1.0, 16.644468234299271]}}, "street_tally": [0.0, 1.0, 0.0]}