{"nature_results": {"Slip Road": {"avg_speed": {"mae": 2.0362798874766272, "mse": 8.4034767905139383, "best_function": 2, "parameters": [53.090980031387083, 21.811733496796162, 2.3036612787941864, 1.0, 0.07355972980313219, -0.79684065714126651, 2.3867563058130168, -1.7110070218584683, 15.078751940351276]}}}, "street_tally": [0.0, 0.0, 0.0]}