{"nature_results": {"Traffic Island Link At Junction": {"mae": 7.9506112781039651, "mse": 104.76801373810692, "best_function": 2, "parameters": [10.518557603480536, 0.44775319181185536, -0.4613770561351096, 1.0, -0.14055160114306653, 1.7210020525334968, -7.0258879099322655, 10.147937006947242, 20.98145213791847]}, "Single Carriageway": {"mae": 6.901350271342408, "mse": 77.709049444372894, "best_function": 2, "parameters": [2.1042774689514987, 1.5951428385118622, 0.37660376172060139, 1.0, -0.037279437672544935, 0.55754921580307149, -3.2001314754071331, 7.2843611194292661, 17.290328201905705]}, "Dual Carriageway": {"mae": 10.065608106120601, "mse": 207.02488115896125, "best_function": 2, "parameters": [1.6759123747164655, 0.64335648893854147, 1.0656340457599571, 1.0, 0.045884986800322491, -0.62902128585571737, 2.3515762122725992, -1.5699874297948933, 22.668168211750029]}, "Slip Road": {"mae": 12.732960253413243, "mse": 223.0136158580263, "best_function": 0, "parameters": [1.0, 1.0, 1.0, 1.0, 1.0, 1.0, 1.0]}}, "street_tally": [1.0, 0.0, 3.0]}