{"nature_results": {"Single Carriageway": {"mae": 4.4807656876563016, "mse": 31.584172691157072, "best_function": 2, "parameters": [-4.0663412363588032, 2.2224177903567996, 0.12442285273173259, 1.0, -0.1469488498111502, 1.7623110657932923, -6.9262821235575709, 10.298116728886768, 19.759635681787167]}}, "street_tally": [0.0, 0.0, 1.0]}