{"nature_results": {"Traffic Island Link At Junction": {"mae": 7.0076678897740159, "mse": 76.165201688043865, "best_function": 2, "parameters": [2.6482518176003387, 3.5519711957940983, 7.0322990376239805, 1.0, -0.1414968492738975, 1.5364374647295169, -5.1114896434574586, 6.7407191478791528, 11.351146630030138]}, "Single Carriageway": {"mae": 6.6017045888659629, "mse": 79.656801332606292, "best_function": 2, "parameters": [2.4591533991992542, 1.9046459824046194, 2.8263265267316879, 1.0, -0.071177601174212013, 0.6587328750844661, -1.6912690534775794, 2.1078356943234899, 20.40566605988711]}, "Traffic Island Link": {"mae": 7.5199491123107389, "mse": 100.46391931317021, "best_function": 0, "parameters": [-1.6606839711040768, 5.289619187089726, 4.1958340058333761, 1.0, 1.9974076829762764, 0.20577558710049526, 21.654666267660474]}}, "street_tally": [1.0, 0.0, 2.0]}