{"nature_results": {"Single Carriageway": {"mae": 15.100381695936157, "mse": 241.11861032713043, "best_function": 0, "parameters": [1.0, 1.0, 1.0, 1.0, 1.0, 1.0, 1.0]}}, "street_tally": [1.0, 0.0, 0.0]}