{"nature_results": {"Traffic Island Link At Junction": {"mae": 17.741466289053964, "mse": 352.60711724269083, "best_function": 0, "parameters": [1.0, 1.0, 1.0, 1.0, 1.0, 1.0, 1.0]}, "Single Carriageway": {"mae": 5.8565605732709471, "mse": 60.126555127731976, "best_function": 2, "parameters": [-0.93104651936179939, 0.76013351469534562, 0.43954230589039145, 1.0, 0.031207491946926846, -0.57350000792833256, 2.7123082954783859, -2.4557905919193694, 25.66084682045733]}, "Slip Road": {"mae": 195.77103457588484, "mse": 405577.58650607365, "best_function": 1, "parameters": [-0.48676604069773011, 1.0199464888755461, 1.040509770991302, 1.2292002408668041, 0.91681677682661766, 0.12274201486327874, 1.0, 13.64898622699477]}, "Traffic Island Link": {"mae": 6.8239059401911426, "mse": 73.331954710509351, "best_function": 1, "parameters": [2.8848249290312307, 0.97687654408321511, 0.94049353033006144, -0.3270138846995907, 1.4734852154789067, -1.457723805982944, 1.0, 21.747873619562885]}}, "street_tally": [1.0, 2.0, 1.0]}