{"nature_results": {"Traffic Island Link At Junction": {"mae": 14.982216146549607, "mse": 247.34046659942808, "best_function": 0, "parameters": [1.0, 1.0, 1.0, 1.0, 1.0, 1.0, 1.0]}, "Single Carriageway": {"mae": 20.01483909422323, "mse": 435.34822635013927, "best_function": 0, "parameters": [1.0, 1.0, 1.0, 1.0, 1.0, 1.0, 1.0]}}, "street_tally": [2.0, 0.0, 0.0]}