{"nature_results": {"Traffic Island Link At Junction": {"mae": 6.6400854382685504, "mse": 71.744021716796979, "best_function": 2, "parameters": [6.9948582891166318, 3.876468934967936, -3.2806429076823287, 1.0, -0.092629429659067286, 1.2353596564177918, -6.171831440292614, 11.978062874024625, 22.518013172233154]}, "Single Carriageway": {"mae": 5.5304383110779289, "mse": 67.694742501871104, "best_function": 2, "parameters": [1.0519533783875805, 6.2057503813580981, -1.3012608122305731, 1.0, 0.11256631663579408, -1.3904715572771789, 4.983722744853937, -3.9352828322441695, 31.739634572422535]}, "Dual Carriageway": {"mae": 7.1467878370638358, "mse": 90.770499468044449, "best_function": 1, "parameters": [2.2828945856375187, 0.99935746004283466, 1.0190975329568128, -0.075448268161945942, 1.3886615225420653, -0.72042459208319731, 1.0, 26.477867712185468]}}, "street_tally": [0.0, 1.0, 2.0]}