{"nature_results": {"Traffic Island Link At Junction": {"mae": 8.219673992585955, "mse": 114.57289188125253, "best_function": 1, "parameters": [3.2768318323910313, 0.99783049107041888, 0.98754593160169801, -0.53478438313803278, 1.5519918912406725, -0.1504746120623397, 1.0, 15.449659900187559]}, "Single Carriageway": {"mae": 6.9003851082256746, "mse": 80.276269062233823, "best_function": 1, "parameters": [1.9546933043130239, 0.97910829008590894, 0.98368155155025128, 0.044640307604938534, 1.3511440443938916, 0.78793621200018915, 1.0, 26.961615245475759]}, "Traffic Island Link": {"mae": 5.8797864020887616, "mse": 59.11114848937634, "best_function": 2, "parameters": [-16.701574812725141, 0.60357858006236687, -2.9219722897111868, 1.0, -0.0071588443411396696, -0.0025436914827734469, 0.25410917475545103, 0.38328809195801017, 39.667231344139118]}}, "street_tally": [0.0, 2.0, 1.0]}