{"nature_results": {"Single Carriageway": {"mae": 11.461289223256568, "mse": 147.07802241288701, "best_function": 0, "parameters": [1.0, 1.0, 1.0, 1.0, 1.0, 1.0, 1.0]}}, "street_tally": [1.0, 0.0, 0.0]}