{"nature_results": {"Traffic Island Link At Junction": {"mae": 13.283883350202858, "mse": 213.89304807962955, "best_function": 0, "parameters": [1.0, 1.0, 1.0, 1.0, 1.0, 1.0, 1.0]}, "Single Carriageway": {"mae": 21.816304916626379, "mse": 531.72093920126974, "best_function": 0, "parameters": [1.0, 1.0, 1.0, 1.0, 1.0, 1.0, 1.0]}}, "street_tally": [2.0, 0.0, 0.0]}