{"nature_results": {"Traffic Island Link At Junction": {"mae": 6.4196916855202746, "mse": 67.498704697750412, "best_function": 0, "parameters": [-2.0226119859516341, 5.1837659937726661, 1.1112450352433865, 1.0, 0.32715278918686341, 0.72113876867087057, 20.716196309266945]}, "Single Carriageway": {"mae": 7.3434102693939023, "mse": 85.162801822690753, "best_function": 2, "parameters": [-4.7236867630699955, 12.424012702568058, 2.5497976759881054, 1.0, 0.00012366647597406022, 0.11027435353815906, -1.3103765169697916, 3.932451058250642, 26.10668049998074]}, "Roundabout": {"mae": 5.9448659095715737, "mse": 67.539331414087371, "best_function": 2, "parameters": [3.7931105462635415, 2.8012299473657638, 1.947720645935235, 1.0, 0.032511092992181023, -0.33022770799397994, 0.68077382062914138, 0.20561707769799709, 24.608732834813043]}}, "street_tally": [1.0, 0.0, 2.0]}