{"nature_results": {"Single Carriageway": {"mae": 26.575851285314133, "mse": 741.41398604010362, "best_function": 0, "parameters": [1.0, 1.0, 1.0, 1.0, 1.0, 1.0, 1.0]}}, "street_tally": [1.0, 0.0, 0.0]}