{"nature_results": {"Single Carriageway": {"mae": 4.9571756650422927, "mse": 41.970849837081126, "best_function": 2, "parameters": [-8.3258023544217803, 3.4403828291875764, 1.2665374833307026, 1.0, 0.020998226722803048, -0.33823333027845548, 1.2319305785732841, -0.19431085934864534, 28.817892757422037]}}, "street_tally": [0.0, 0.0, 1.0]}