{"nature_results": {"Traffic Island Link At Junction": {"mae": 20.964132110412731, "mse": 526.60790659494432, "best_function": 0, "parameters": [1.0, 1.0, 1.0, 1.0, 1.0, 1.0, 1.0]}, "Single Carriageway": {"mae": 8.8416071910960916, "mse": 193.69222996484362, "best_function": 2, "parameters": [-1.1955488149695785, 2.0905392073980833, 1.0829417802556627, 1.0, 0.0023188973283787551, -0.11998681478487594, 0.60829691305485234, 0.78495668013604436, 19.357474684443908]}, "Dual Carriageway": {"mae": 6.7832513543112594, "mse": 76.794343007516503, "best_function": 2, "parameters": [-2.14497197902186, 0.41972583437366773, 0.73389534689274694, 1.0, 0.030204310554111879, -0.40157148468264725, 1.3659657765954392, 0.32921088294192147, 21.038295573459756]}, "Slip Road": {"mae": 9.1537068189159925, "mse": 558.03769207830226, "best_function": 0, "parameters": [8.2121857078739069, 3.3608890238413651, 0.97911463344174265, 1.0, 1.6268045045541393, 0.12675604031098198, 21.317757990883123]}}, "street_tally": [2.0, 0.0, 2.0]}