{"nature_results": {"Traffic Island Link At Junction": {"mae": 7.3170463628188038, "mse": 82.02892177935064, "best_function": 1, "parameters": [2.6786771701469165, 1.0596964902405968, 1.0780653960861064, -0.24024024857492443, 1.443694356411851, -1.3230604501514809, 1.0, 25.95670524781961]}, "Single Carriageway": {"mae": 5.8707206491387902, "mse": 61.010240477222254, "best_function": 2, "parameters": [7.1682394171664425, 10.516113682129905, 0.72198314551822218, 1.0, 0.0012430633369459043, -0.14443745286084919, 0.74182723786668292, 0.11797119011143808, 28.116612484928819]}}, "street_tally": [0.0, 1.0, 1.0]}