{"nature_results": {"Traffic Island Link At Junction": {"mae": 7.3579268649238259, "mse": 101.70503566291252, "best_function": 2, "parameters": [6.536309646942466, 4.3877832117012066, 0.51189314220611593, 1.0, -0.013580782482205178, 0.19086560983352452, -1.1494256140525674, 2.7618265513263882, 22.599635694598792]}, "Single Carriageway": {"mae": 6.03448054146246, "mse": 62.489517727690661, "best_function": 2, "parameters": [1.2080956409956707, 1.5774630697482332, 0.781860820348242, 1.0, -0.016729353568324168, 0.17749836315105327, -0.75989468768873225, 1.6348238033739417, 25.098464605113758]}, "Slip Road": {"mae": 4.3389393178631055, "mse": 35.006548192224457, "best_function": 0, "parameters": [1.0, 1.0, 1.0, 1.0, 1.0, 1.0, 1.0]}, "Roundabout": {"mae": 8.2954141883020025, "mse": 145.56585140548515, "best_function": 2, "parameters": [27.541307378713274, 3.3937630005720254, 1.749795547771793, 1.0, -0.067658648924574516, 0.88552019032308815, -3.9030008011810002, 5.5266296580884946, 23.483121707120375]}, "Traffic Island Link": {"mae": 5.6344649592663689, "mse": 51.383115847432059, "best_function": 2, "parameters": [1.8647381373816021, 1.3469442897747179, -0.095458922891632936, 1.0, -0.034751139588466096, 0.34780870140227094, -1.1375668554270923, 1.5331071231947884, 28.764876344150938]}}, "street_tally": [1.0, 0.0, 4.0]}