{"nature_results": {"Traffic Island Link At Junction": {"mae": 7.4249421819327299, "mse": 78.955227204961076, "best_function": 0, "parameters": [1.0, 1.0, 1.0, 1.0, 1.0, 1.0, 1.0]}, "Single Carriageway": {"mae": 6.766652155264846, "mse": 72.605172550832961, "best_function": 2, "parameters": [-0.034578691296597075, 0.1248915418054054, 0.7051419011515494, 1.0, -0.24319306607518465, 2.8986774800098107, -10.880473966596455, 13.205468812508904, 24.445499766803486]}, "Traffic Island Link": {"mae": 4.9791045412985264, "mse": 38.898375909444027, "best_function": 2, "parameters": [4.6680509446595604, 3.4141192986177686, 4.356604659148184, 1.0, 0.035755686309171031, -0.58208340017018712, 2.2332766443977752, -1.0851289781369871, 32.365163167233632]}}, "street_tally": [1.0, 0.0, 2.0]}