{"nature_results": {"Traffic Island Link At Junction": {"mae": 4.6923360650596653, "mse": 38.025932314879817, "best_function": 2, "parameters": [13.362554019808023, 16.045123915799728, 1.4360735014987709, 1.0, -0.095512757879753662, 1.3669231757650473, -5.9084866392586983, 6.7268109233629581, 19.820527111896016]}, "Single Carriageway": {"mae": 22.634644296525416, "mse": 548.35077355264013, "best_function": 0, "parameters": [1.0, 1.0, 1.0, 1.0, 1.0, 1.0, 1.0]}}, "street_tally": [1.0, 0.0, 1.0]}