{"nature_results": {"Single Carriageway": {"mae": 28.004570004238612, "mse": 852.34125853511193, "best_function": 0, "parameters": [1.0, 1.0, 1.0, 1.0, 1.0, 1.0, 1.0]}}, "street_tally": [1.0, 0.0, 0.0]}