{"nature_results": {"Single Carriageway": {"mae": 11.743691484144762, "mse": 149.85468676774735, "best_function": 0, "parameters": [1.0, 1.0, 1.0, 1.0, 1.0, 1.0, 1.0]}}, "street_tally": [1.0, 0.0, 0.0]}