{"nature_results": {"Traffic Island Link At Junction": {"mae": 9.5794739118978143, "mse": 125.05192338431796, "best_function": 0, "parameters": [1.0, 1.0, 1.0, 1.0, 1.0, 1.0, 1.0]}, "Single Carriageway": {"mae": 6.2490523068927555, "mse": 52.828166992669161, "best_function": 1, "parameters": [4.2139442842895738, 0.99511349271623672, 1.0218753715144884, -0.97850589175047098, 1.7142500293971659, -2.818409180836003, 1.0, 17.177943475246959]}}, "street_tally": [1.0, 1.0, 0.0]}