{"nature_results": {"Traffic Island Link At Junction": {"mae": 8.2476173164318105, "mse": 122.51021909632877, "best_function": 2, "parameters": [7.5123090431191502, 7.9327276553096553, 0.27686484869475358, 1.0, 0.10692446610067075, -1.2831410226469138, 4.2685181080157273, -2.6503251779423875, 23.248296551467426]}, "Single Carriageway": {"mae": 7.1319184785703706, "mse": 91.752628844768097, "best_function": 1, "parameters": [1.9015934049675864, 0.996814221699165, 0.99380701973919627, 0.073031050527936237, 1.3407144006552318, 1.0299012940968966, 1.0, 22.790264461564576]}, "Dual Carriageway": {"mae": 6.2318743952288953, "mse": 73.252466039393354, "best_function": 2, "parameters": [4.8038382233089649, 5.7522124662082623, 0.62834613504583148, 1.0, -0.016392198325985818, 0.42976891245707483, -3.0158163958433351, 6.4129597229054944, 23.42800197623907]}, "Slip Road": {"mae": 4.9534260414643088, "mse": 32.787541917551977, "best_function": 2, "parameters": [-5.9185782235239257, 4.4217762894707677, 1.7083128097218037, 1.0, 0.044840927648724382, -0.58828658473805029, 2.7356087903323996, -5.0195999526033006, 9.6317571517864664]}}, "street_tally": [0.0, 1.0, 3.0]}