{"nature_results": {"Traffic Island Link At Junction": {"mae": 24.531680616677562, "mse": 685.03504577005492, "best_function": 0, "parameters": [1.0, 1.0, 1.0, 1.0, 1.0, 1.0, 1.0]}, "Single Carriageway": {"mae": 6.4437394862539019, "mse": 73.569761444193603, "best_function": 2, "parameters": [0.66235087517379487, 1.0157164298395156, 0.6962226818716879, 1.0, 0.095339417803173676, -1.1206906068449509, 3.7098073205645026, -2.7922228096770394, 28.472659615341165]}, "Dual Carriageway": {"mae": 10.027789105549578, "mse": 130.38773793545798, "best_function": 2, "parameters": [3.67714310841076, 2.6879256944101941, 0.54173102824872066, 1.0, 0.099135643355340197, -1.1530201378999863, 3.8129276053430625, -3.7998539577565449, 20.230116673269762]}, "Slip Road": {"mae": 19.218941811041137, "mse": 430.00176807218617, "best_function": 0, "parameters": [1.0, 1.0, 1.0, 1.0, 1.0, 1.0, 1.0]}}, "street_tally": [2.0, 0.0, 2.0]}