{"nature_results": {"Traffic Island Link At Junction": {"mae": 19.039332772185983, "mse": 390.90746046724905, "best_function": 0, "parameters": [1.0, 1.0, 1.0, 1.0, 1.0, 1.0, 1.0]}, "Single Carriageway": {"mae": 5.7061333129389142, "mse": 53.774553008471052, "best_function": 1, "parameters": [2.5917341748709983, 0.99952820859666114, 1.0150210154152577, -0.26604942874369897, 1.4660129419481254, -0.49137074949313253, 1.0, 30.601201034447712]}, "Dual Carriageway": {"mae": 4.1235541446333359, "mse": 57.288158158872037, "best_function": 2, "parameters": [-7.9799121547898064, 3.0980013701646505, 1.8410047884741518, 1.0, -0.040321478995685611, 0.83927986252617415, -4.8792819498259554, 8.0664861867167801, 31.544797553389479]}, "Roundabout": {"mae": 23.654972738627084, "mse": 683.151241439719, "best_function": 0, "parameters": [1.0, 1.0, 1.0, 1.0, 1.0, 1.0, 1.0]}}, "street_tally": [2.0, 1.0, 1.0]}