{"nature_results": {"Traffic Island Link At Junction": {"mae": 16.604105515737807, "mse": 387.65962609885639, "best_function": 0, "parameters": [1.0, 1.0, 1.0, 1.0, 1.0, 1.0, 1.0]}, "Single Carriageway": {"mae": 11.007358337721877, "mse": 190.37224742784048, "best_function": 1, "parameters": [1.6391511749547227, 1.7354829118108841, 1.5111456148724907, 0.22621316188274487, 1.2797843963805671, 1.1343383812476293, 1.0, 23.862899805184966]}, "Slip Road": {"mae": 6.7871288060232917, "mse": 64.451388236622023, "best_function": 1, "parameters": [3.5691975502900477, 2.2700324482824943, 1.2312438571181592, -0.94263964692500024, 1.7535606637861161, 2.0455241733262732, 1.0, 10.372854077966586]}, "Traffic Island Link": {"mae": 8.2226277975575144, "mse": 109.7843795202287, "best_function": 2, "parameters": [8.5513815185725228, 11.083443236304344, 3.0769872312868931, 1.0, -0.13204158237318131, 1.4143536012795412, -4.4584465965203286, 4.0856089317956918, 22.868754838203515]}}, "street_tally": [1.0, 2.0, 1.0]}