{"nature_results": {"Traffic Island Link At Junction": {"mae": 70674.795099566138, "mse": 768332380281.08887, "best_function": 1, "parameters": [-0.27616564694337797, 1.1451169721137342, 1.0769236596028702, 1.1277304033130584, 0.95405191396192102, -1.9968604164286998, 1.0, 15.454459849047092]}, "Single Carriageway": {"mae": 1169.9764458455393, "mse": 265245867.807924, "best_function": 1, "parameters": [0.22667828461324513, 0.96914494864083212, 0.99940246243382369, 0.91363899423619077, 1.0270272795760695, -1.3068300938280384, 1.0, 20.860376162887274]}}, "street_tally": [0.0, 2.0, 0.0]}