{"nature_results": {"Single Carriageway": {"mae": 5.7767846393177456, "mse": 52.528281266497565, "best_function": 2, "parameters": [-1.8649649616618462, 5.6452641011137148, 0.13759754763924859, 1.0, 0.063584903128404813, -0.60244893778479747, 1.2009827527603076, 0.43805998670704915, 25.767858884157285]}, "Dual Carriageway": {"mae": 5.942689632686645, "mse": 61.292817101851867, "best_function": 2, "parameters": [2.1049002994182135, 0.98904748783394603, 0.83603487708937074, 1.0, 0.024522638656106044, -0.20781841339389251, -0.013901540968291659, 2.119569218127022, 25.840480025996591]}}, "street_tally": [0.0, 0.0, 2.0]}