{"nature_results": {"Slip Road": {"avg_speed": {"mae": 7.3598571689595573, "mse": 83.739380213802193, "best_function": 0, "parameters": [0.074070439142606248, 2.4119581741523524, -2.9364050825273154, 1.0, 1.9687404956222732, 0.13385849627137658, 28.141677342301886]}}}, "street_tally": [0.0, 0.0, 0.0]}