{"nature_results": {"Single Carriageway": {"mae": 5.8972147950168932, "mse": 69.409963887910379, "best_function": 2, "parameters": [6.1494289757556624, 7.6331028524561262, 0.43582350537907, 1.0, -0.019133549260463845, 0.15388905999631508, -0.10918778170780108, -0.6681185358832693, 22.862038845469261]}}, "street_tally": [0.0, 0.0, 1.0]}