{"nature_results": {"Traffic Island Link At Junction": {"mae": 10.554301842561902, "mse": 133.64387522852601, "best_function": 0, "parameters": [1.0, 1.0, 1.0, 1.0, 1.0, 1.0, 1.0]}, "Single Carriageway": {"mae": 6.7000242085687258, "mse": 74.415833097200817, "best_function": 2, "parameters": [134.72830902239249, 63.908112075603938, 1.0926634920953915, 1.0, -0.26603664296946805, 3.3263207531383019, -12.123113866624362, 9.97693475007069, 27.472225032250318]}}, "street_tally": [1.0, 0.0, 1.0]}