{"nature_results": {"Single Carriageway": {"mae": 6.4830949171377181, "mse": 79.846945270846462, "best_function": 2, "parameters": [64.595191350281766, 44.524225616010924, 2.7914771597769414, 1.0, 0.64260287935687943, -8.5484625044266931, 35.443973134302858, -46.462931633258734, 30.731461933472712]}}, "street_tally": [0.0, 0.0, 1.0]}