{"nature_results": {"Traffic Island Link At Junction": {"mae": 12.888181856612871, "mse": 197.55424785789836, "best_function": 0, "parameters": [1.0, 1.0, 1.0, 1.0, 1.0, 1.0, 1.0]}, "Single Carriageway": {"mae": 5.7489876338674906, "mse": 58.22777600452438, "best_function": 1, "parameters": [1.950996411101432, 0.61351405885332755, 0.68267713334671043, -0.0038488881028406752, 1.3780346535842278, 3.3088605101198443, 1.0, 22.644828578258103]}}, "street_tally": [1.0, 1.0, 0.0]}