{"nature_results": {"Single Carriageway": {"mae": 21.097803562621355, "mse": 535.12910089297611, "best_function": 0, "parameters": [1.0, 1.0, 1.0, 1.0, 1.0, 1.0, 1.0]}}, "street_tally": [1.0, 0.0, 0.0]}