{"nature_results": {"Traffic Island Link At Junction": {"mae": 5.7941017812736249, "mse": 46.659825488933187, "best_function": 1, "parameters": [2.1213603488141985, -2.5860926752259421, 0.01902440468177502, 0.079143158295369331, 1.3185109064173646, -4.4864428690394815, 1.0, 15.54229883840496]}, "Single Carriageway": {"mae": 4.1589961837539668, "mse": 29.454459994980798, "best_function": 2, "parameters": [24.528588417259915, 21.231291735300186, -0.85763162706787788, 1.0, 0.0039455980496162502, -0.21475842785103816, 1.7771453467106126, -4.0061247497245231, 23.807513589188684]}}, "street_tally": [0.0, 1.0, 1.0]}