{"nature_results": {"Single Carriageway": {"mae": 4.9195204385164857, "mse": 34.783310520968136, "best_function": 2, "parameters": [-0.28214288490127992, 2.9726046140519093, -0.94627755523130763, 1.0, -0.038638620912380572, 0.33226893445610817, -0.86861364952206754, 1.4748455188925256, 17.949413235906327]}}, "street_tally": [0.0, 0.0, 1.0]}