{"nature_results": {"Single Carriageway": {"mae": 19.061270558377249, "mse": 410.73777547224728, "best_function": 0, "parameters": [1.0, 1.0, 1.0, 1.0, 1.0, 1.0, 1.0]}, "Dual Carriageway": {"mae": 14.704246180710584, "mse": 277.44325904870777, "best_function": 0, "parameters": [1.0, 1.0, 1.0, 1.0, 1.0, 1.0, 1.0]}}, "street_tally": [2.0, 0.0, 0.0]}