{"nature_results": {"Single Carriageway": {"mae": 5.1261096422427102, "mse": 51.39609141280755, "best_function": 2, "parameters": [-3.8012619760765691, 3.2150225994537331, -0.67367440823007652, 1.0, -0.031725029644422698, 0.27997105033388836, -1.0277944794041924, 2.8762819741448706, 26.050004127400687]}, "Roundabout": {"mae": 3.9814470096833534, "mse": 28.255131253192697, "best_function": 2, "parameters": [-1.7157413683949043, 6.998563352390704, 0.049006734919926243, 1.0, 0.035693965276755835, -0.49409170378591383, 1.7652290083561013, -0.99789507661357257, 28.566462707289546]}, "Traffic Island Link": {"mae": 5.0674657281980773, "mse": 49.388001531762662, "best_function": 2, "parameters": [-4.73154698652354, 4.1224004893927404, -0.63845386529674619, 1.0, -0.031456110376973934, 0.30388065384604679, -1.2619883690159135, 3.4360658001745525, 30.512273275907436]}, "Traffic Island Link At Junction": {"mae": 5.666771897353863, "mse": 58.377901400146278, "best_function": 2, "parameters": [-8.5445903171318118, 8.1092699907617085, -1.7716488253183256, 1.0, 0.057869945396297418, -0.77703117627222329, 2.4638401308611404, 0.39566509420804741, 25.39209288448032]}, "Slip Road": {"mae": 6.7031773372958066, "mse": 75.679408413764463, "best_function": 0, "parameters": [1.0, 1.0, 1.0, 1.0, 1.0, 1.0, 1.0]}, "Dual Carriageway": {"mae": 18.117331237690191, "mse": 560.1288308834462, "best_function": 1, "parameters": [1.3816885710439017, 1.0030101506847562, 0.99814315749710791, 0.34130888631188905, 1.2383161501740605, 0.50278465025686969, 1.0, 29.255199593947072]}}, "street_tally": [1.0, 1.0, 4.0]}