{"nature_results": {"Traffic Island Link At Junction": {"mae": 6.8666649083307165, "mse": 86.422317180380077, "best_function": 2, "parameters": [-2.1625268394024508, 6.6116166282753861, 2.581105868946902, 1.0, -0.085204655893711401, 0.97295444783628882, -3.2041056088977005, 1.6837963280195334, 17.532715396858229]}, "Single Carriageway": {"mae": 29.899313881041341, "mse": 1016.0312780472829, "best_function": 0, "parameters": [1.0, 1.0, 1.0, 1.0, 1.0, 1.0, 1.0]}, "Dual Carriageway": {"mae": 8.9857411942851364, "mse": 146.31026316430552, "best_function": 1, "parameters": [3.7065400755694924, 0.97533553909821935, 0.97856435267315856, -0.76251595912652204, 1.6395392094763941, -0.014127680471790027, 1.0, 31.223843136862115]}, "Roundabout": {"mae": 6.6927463049244631, "mse": 81.43146234663962, "best_function": 2, "parameters": [1.8312241856990079, 6.2284938238312728, -0.61278419731401512, 1.0, -0.058465619390064338, 0.7526306877685901, -3.2906762171684942, 4.5344728998878647, 27.666611592894839]}}, "street_tally": [1.0, 1.0, 2.0]}