{"nature_results": {"Single Carriageway": {"mae": 6.2064069288220471, "mse": 66.071929548535607, "best_function": 2, "parameters": [5.9936789663512977, 0.23789945239727106, 1.5348151454549803, 1.0, -0.034353217403241265, 0.26358660094966746, -0.57417916746246589, 1.1118597226761602, 20.236086752800443]}, "Dual Carriageway": {"mae": 7.1117657466394473, "mse": 76.274469569622596, "best_function": 2, "parameters": [-0.052367488958696251, 8.1976109737624085, 0.01066142294838579, 1.0, 0.021575152627930527, -0.38380029924587178, 2.1837637469229527, -4.3328166960923218, 16.308587423444177]}, "Slip Road": {"mae": 9.9234965506497268, "mse": 141.0510468669016, "best_function": 1, "parameters": [2.1041658448532981, 1.0085623834557833, 1.0290993042014429, 0.023850200748712802, 1.3494397605375992, -2.3000328598519113, 1.0, 10.519939999189802]}}, "street_tally": [0.0, 1.0, 2.0]}