{"nature_results": {"Single Carriageway": {"mae": 11.297286640998172, "mse": 157.53560475642536, "best_function": 0, "parameters": [1.0, 1.0, 1.0, 1.0, 1.0, 1.0, 1.0]}, "Roundabout": {"mae": 5.1502031998445545, "mse": 59.03154629696617, "best_function": 2, "parameters": [-3.897263570122024, 2.6616040155715686, -0.1778871714151038, 1.0, -0.037043803315262469, 0.39160617247931395, -1.1854584681367513, 1.2473398369858233, 22.717682166808224]}, "Dual Carriageway": {"mae": 20.520468081695928, "mse": 515.90830654646913, "best_function": 0, "parameters": [1.0, 1.0, 1.0, 1.0, 1.0, 1.0, 1.0]}, "Slip Road": {"mae": 12.467986461788486, "mse": 267.47168464844867, "best_function": 0, "parameters": [1.0, 1.0, 1.0, 1.0, 1.0, 1.0, 1.0]}}, "street_tally": [3.0, 0.0, 1.0]}