{"nature_results": {"Single Carriageway": {"mae": 14.917772043485575, "mse": 312.03545171147721, "best_function": 1, "parameters": [1.404281275363511, 0.99653778957796346, 0.99204782785312851, 0.28534125638602559, 1.2685931344744918, -1.7835827564628808, 1.0, 23.859688509639348]}, "Slip Road": {"mae": 19.501744229497497, "mse": 434.77538693211523, "best_function": 0, "parameters": [1.0, 1.0, 1.0, 1.0, 1.0, 1.0, 1.0]}}, "street_tally": [1.0, 1.0, 0.0]}