{"nature_results": {"Traffic Island Link At Junction": {"mae": 17.542523364022237, "mse": 379.74929147927048, "best_function": 0, "parameters": [1.0, 1.0, 1.0, 1.0, 1.0, 1.0, 1.0]}, "Single Carriageway": {"mae": 7.8445263867637074, "mse": 610.85245125849679, "best_function": 1, "parameters": [2.5491013444926272, 1.0049068599035023, 1.0094217143410624, -0.16276227693556544, 1.4124377969241853, -3.962268443085347, 1.0, 37.580448544010522]}, "Roundabout": {"mae": 6.9056890486759075, "mse": 1977.9659249630963, "best_function": 0, "parameters": [-0.062647500143813151, 5.0689822300144556, -1.1003119859466293, 1.0, 1.8787892105740416, 0.026007885108364603, 26.990136294318273]}}, "street_tally": [2.0, 1.0, 0.0]}