{"nature_results": {"Traffic Island Link At Junction": {"mae": 14.802128859504901, "mse": 249.11477477141983, "best_function": 0, "parameters": [1.0, 1.0, 1.0, 1.0, 1.0, 1.0, 1.0]}, "Single Carriageway": {"mae": 28.600145574831476, "mse": 866.01316379002219, "best_function": 0, "parameters": [1.0, 1.0, 1.0, 1.0, 1.0, 1.0, 1.0]}, "Dual Carriageway": {"mae": 10.039070261289902, "mse": 326.59899767301681, "best_function": 1, "parameters": [1.5849700918424814, 1.0155418706132533, 1.0391251640818706, 0.23843755638630326, 1.2777918557199484, -0.051331679451141365, 1.0, 32.659149394365173]}}, "street_tally": [2.0, 1.0, 0.0]}