{"nature_results": {"Single Carriageway": {"mae": 6.0402648410882591, "mse": 66.740434880313117, "best_function": 2, "parameters": [16.480145010824103, 25.986738208438965, 2.0918090348686951, 1.0, 0.3075669223905998, -3.6146496100169978, 12.145535416418488, -9.6273787832800171, 40.259985054797205]}, "Dual Carriageway": {"mae": 5.7662114666838944, "mse": 57.647415110562662, "best_function": 2, "parameters": [13.719704963895929, 5.917297616980381, 1.0547586532176056, 1.0, -0.2259435281957618, 2.9309555044725228, -12.225864571029112, 16.013108854060832, 29.536975592987464]}}, "street_tally": [0.0, 0.0, 2.0]}