{"nature_results": {"Traffic Island Link At Junction": {"mae": 12.005903378806281, "mse": 162.23660062125631, "best_function": 0, "parameters": [1.0, 1.0, 1.0, 1.0, 1.0, 1.0, 1.0]}, "Single Carriageway": {"mae": 23.924235227230678, "mse": 604.1451560282386, "best_function": 0, "parameters": [1.0, 1.0, 1.0, 1.0, 1.0, 1.0, 1.0]}}, "street_tally": [2.0, 0.0, 0.0]}