{"nature_results": {"Traffic Island Link At Junction": {"mae": 4.2428557268097959, "mse": 33.758781326399884, "best_function": 2, "parameters": [-4.9758329707945421, 4.3122311742335464, -1.1654949709585569, 1.0, -0.20293957306382926, 2.5692989252606537, -10.491292182095375, 14.276393078761666, 16.76191514593939]}, "Single Carriageway": {"mae": 18.599608531575537, "mse": 403.68471359087408, "best_function": 0, "parameters": [1.0, 1.0, 1.0, 1.0, 1.0, 1.0, 1.0]}, "Traffic Island Link": {"mae": 12.776904610860331, "mse": 218.72201585586222, "best_function": 0, "parameters": [1.0, 1.0, 1.0, 1.0, 1.0, 1.0, 1.0]}}, "street_tally": [2.0, 0.0, 1.0]}