{"nature_results": {"Single Carriageway": {"mae": 5.2800094124821433, "mse": 51.417943455601346, "best_function": 2, "parameters": [-3.0004203554247679, 1.5107041235511303, -1.1512787941789511, 1.0, -0.015233575003241739, 0.1045623063892992, -0.22613505937025358, 0.37714248893176339, 28.186087978339458]}, "Traffic Island Link": {"mae": 20.279761133266348, "mse": 487.88290412880031, "best_function": 0, "parameters": [1.0, 1.0, 1.0, 1.0, 1.0, 1.0, 1.0]}}, "street_tally": [1.0, 0.0, 1.0]}