{"nature_results": {"Traffic Island Link At Junction": {"mae": 13.896052899601386, "mse": 218.18607733765845, "best_function": 0, "parameters": [1.0, 1.0, 1.0, 1.0, 1.0, 1.0, 1.0]}, "Single Carriageway": {"mae": 3.7881375048410666, "mse": 21.987983741674228, "best_function": 2, "parameters": [9.1934368203963395, 4.9021332076147219, -1.2388980378037533, 1.0, -0.11228039886795793, 1.2831168084259097, -4.6848923524712465, 5.9507332567482649, 28.653067010328318]}, "Dual Carriageway": {"mae": 6.6060624717940621, "mse": 82.333463867889279, "best_function": 2, "parameters": [15.642841276391421, 16.339499946106574, -2.1302446768139922, 1.0, -0.20151761816996694, 2.3133280108235406, -8.3823798363619577, 9.6954968602286709, 27.868146762540093]}}, "street_tally": [1.0, 0.0, 2.0]}