{"nature_results": {"Single Carriageway": {"mae": 5.1759457488615741, "mse": 45.081147881968754, "best_function": 0, "parameters": [-4.1347375234119852, 3.5311954218234423, -2.7361484005301993, 1.0, 0.44042168191434095, 0.82012161144993356, 26.79166127867521]}, "Dual Carriageway": {"mae": 12.652008146139242, "mse": 210.10078021780183, "best_function": 0, "parameters": [1.0, 1.0, 1.0, 1.0, 1.0, 1.0, 1.0]}, "Traffic Island Link": {"mae": 6.0010450232334094, "mse": 50.833097192362466, "best_function": 0, "parameters": [16.145342664789943, 23.667957972561908, 3.0923249097845749, 1.0, -0.73513145091933563, 1.146891085174105, 14.441766813470533]}}, "street_tally": [3.0, 0.0, 0.0]}