{"nature_results": {"Single Carriageway": {"mae": 6.0622468001814172, "mse": 61.620532414724636, "best_function": 1, "parameters": [0.029249040587187691, 1.1939664489752877, 1.1044900048652655, 0.98922130496867289, 1.0040154601919435, 1.4300884673497076, 1.0, 19.682907885071579]}}, "street_tally": [0.0, 1.0, 0.0]}