{"nature_results": {"Single Carriageway": {"mae": 6.2814380646425452, "mse": 73.632169903511624, "best_function": 2, "parameters": [-1.4367955239213073, 0.75633536756268549, 0.97685058986790907, 1.0, -0.015306584753296049, 0.14577794585381654, -0.54288052949998677, 0.89089576901798584, 20.322450892293475]}, "Slip Road": {"mae": 9.7027260789663519, "mse": 200.47385120716953, "best_function": 1, "parameters": [-0.022777816596845746, 0.98062802508004354, 0.9538988471677422, 0.99708516756910992, 1.0034516229324892, 0.4811431036780196, 1.0, 15.762019097482254]}}, "street_tally": [0.0, 1.0, 1.0]}