{"nature_results": {"Single Carriageway": {"mae": 12.27551928304497, "mse": 168.197738930117, "best_function": 0, "parameters": [1.0, 1.0, 1.0, 1.0, 1.0, 1.0, 1.0]}}, "street_tally": [1.0, 0.0, 0.0]}