{"nature_results": {"Single Carriageway": {"mae": 3.8736796736580859, "mse": 21.729498194729214, "best_function": 0, "parameters": [32.165318237729579, 16.910688222273105, 0.26130524301660785, 1.0, 1.647652573540342, 0.30878199791682226, 20.326702260781353]}}, "street_tally": [1.0, 0.0, 0.0]}