{"nature_results": {"Single Carriageway": {"mae": 442.24541912908211, "mse": 20790187.495654944, "best_function": 1, "parameters": [0.23368126513793841, 1.1027653656843328, 1.0556204470152692, 0.92730108304952408, 1.0186045860550164, -1.5995846027110128, 1.0, 15.423376558902946]}}, "street_tally": [0.0, 1.0, 0.0]}