{"nature_results": {"Traffic Island Link At Junction": {"mae": 17.44180309458779, "mse": 393.53217583986805, "best_function": 0, "parameters": [1.0, 1.0, 1.0, 1.0, 1.0, 1.0, 1.0]}, "Single Carriageway": {"mae": 21.691954061161976, "mse": 520.50070187664392, "best_function": 0, "parameters": [1.0, 1.0, 1.0, 1.0, 1.0, 1.0, 1.0]}, "Dual Carriageway": {"mae": 6.7063094071875602, "mse": 73.890204616586857, "best_function": 2, "parameters": [0.76110132892618876, 0.54164582949902673, -1.1627421101876876, 1.0, -0.094032408827056102, 1.098206656982444, -4.4461246569008832, 7.0685209901974133, 21.556386962557848]}, "Traffic Island Link": {"mae": 27.689327637776671, "mse": 806.84401778024881, "best_function": 0, "parameters": [1.0, 1.0, 1.0, 1.0, 1.0, 1.0, 1.0]}}, "street_tally": [3.0, 0.0, 1.0]}