{"nature_results": {"Traffic Island Link At Junction": {"mae": 6.9402457496124246, "mse": 71.171401060305627, "best_function": 2, "parameters": [-10.114326521319498, 6.3140928759340769, 0.36686797739347998, 1.0, -0.016028404894637971, 0.14200606813699923, -0.80838459940814134, 1.9576849694077294, 20.729353763246905]}, "Single Carriageway": {"mae": 7.9445962766767426, "mse": 462.92328021931229, "best_function": 0, "parameters": [-9.2392501233118729, 8.0707784864318981, 1.5688074730618058, 1.0, 0.48669599126930529, 0.23350025895396909, 26.783809314405911]}, "Dual Carriageway": {"mae": 14.558557936867278, "mse": 285.42719074989077, "best_function": 0, "parameters": [1.0, 1.0, 1.0, 1.0, 1.0, 1.0, 1.0]}}, "street_tally": [2.0, 0.0, 1.0]}