{"nature_results": {"Single Carriageway": {"avg_speed": {"mae": 5.2214861656540776, "mse": 43.672375291331804, "best_function": 0, "parameters": [148.87162237085704, 57.769000423810219, -0.021538890459720905, 1.0, 0.71866322232696844, 0.90211154834373763, 31.367397758087463]}}}, "street_tally": [0.0, 0.0, 0.0]}