{"nature_results": {"Single Carriageway": {"mae": 6.3753478448077017, "mse": 171.71965926918475, "best_function": 2, "parameters": [6.7407584543839372, 6.6488557795386303, -0.23561541441969003, 1.0, 0.00053497114830924897, -0.12521739006784482, 0.40412884227248647, 1.0622292948674954, 26.797691691842623]}, "Slip Road": {"mae": 5.5952837937953497, "mse": 51.710138934506439, "best_function": 0, "parameters": [1.0, 1.0, 1.0, 1.0, 1.0, 1.0, 1.0]}}, "street_tally": [1.0, 0.0, 1.0]}