{"nature_results": {"Traffic Island Link At Junction": {"mae": 4.0305674149315092, "mse": 33.267632990052419, "best_function": 2, "parameters": [0.63171323893289022, 0.31590740712072374, 1.0642362238120484, 1.0, 0.059742061346054864, -0.54675382439904574, 0.77222215471283695, 2.5646159935777644, 18.843044833406061]}, "Single Carriageway": {"mae": 8.2623709608282798, "mse": 97.355110543958489, "best_function": 1, "parameters": [3.6967781944160976, 0.99215882255845, 1.0014163908512494, -0.78825468786309472, 1.6555590017063293, -0.52888221134246582, 1.0, 23.263725647737015]}, "Slip Road": {"mae": 7.9177356285554712, "mse": 107.96362795871796, "best_function": 0, "parameters": [1.0, 1.0, 1.0, 1.0, 1.0, 1.0, 1.0]}}, "street_tally": [1.0, 1.0, 1.0]}