{"nature_results": {"Traffic Island Link At Junction": {"mae": 8.4026467744882094, "mse": 110.14952295377948, "best_function": 2, "parameters": [25.669156186378942, 25.798340145199582, -0.49352184167107049, 1.0, -0.021973668497869969, 0.01964705563392144, 1.5397128351019518, -5.435812725442255, 22.425796505092169]}, "Single Carriageway": {"mae": 5.4780434031336886, "mse": 50.987065504159538, "best_function": 0, "parameters": [25.940519230450739, 21.48207611922648, 0.44568162064088246, 1.0, 0.23987386761313756, 0.88516817995559416, 25.971083561254634]}, "Roundabout": {"mae": 10.401674876988658, "mse": 176.78598341312761, "best_function": 2, "parameters": [64.375191709673388, 38.489875932825832, 3.4724159211800241, 1.0, -0.032694722792796727, 0.66064058309252194, -4.3697290881659852, 9.4056268568323844, 20.999449760156697]}}, "street_tally": [1.0, 0.0, 2.0]}