{"nature_results": {"Single Carriageway": {"mae": 3.4346246758889216, "mse": 22.532713596281688, "best_function": 2, "parameters": [17.370735819955396, 16.731334923072492, -0.19319369283389776, 1.0, 0.057082155121998324, -0.63204264919651543, 1.996880183034103, -1.3516408476401418, 24.233381133833902]}}, "street_tally": [0.0, 0.0, 1.0]}