{"nature_results": {"Traffic Island Link At Junction": {"mae": 19.564960066915251, "mse": 469.36980642057449, "best_function": 0, "parameters": [1.0, 1.0, 1.0, 1.0, 1.0, 1.0, 1.0]}, "Single Carriageway": {"mae": 18.479189288406918, "mse": 410.78464710613827, "best_function": 0, "parameters": [1.0, 1.0, 1.0, 1.0, 1.0, 1.0, 1.0]}, "Traffic Island Link": {"mae": 6.4966071861465782, "mse": 70.015211039151481, "best_function": 1, "parameters": [2.9732990676504523, 0.96463674556703227, 0.95022685539328167, -0.37841535336660059, 1.4942688674772413, 1.0668639917950726, 1.0, 9.764353181048655]}}, "street_tally": [2.0, 1.0, 0.0]}