{"nature_results": {"Dual Carriageway": {"mae": 3.2488416434610841, "mse": 21.005729960065516, "best_function": 2, "parameters": [-3.3960976147098867, 1.5430154659594877, -1.2333359752115594, 1.0, -0.063985959772888235, 0.65765475560601039, -2.1536270153835622, 2.1150531256246889, 32.400953424737558]}}, "street_tally": [0.0, 0.0, 1.0]}