{"nature_results": {"Single Carriageway": {"mae": 21.239417959760722, "mse": 644.16432365482012, "best_function": 0, "parameters": [1.0, 1.0, 1.0, 1.0, 1.0, 1.0, 1.0]}, "Dual Carriageway": {"mae": 5.6237344678102108, "mse": 57.576112058219863, "best_function": 2, "parameters": [-7.858584514307962, 0.11796601057470546, -0.47062616239523747, 1.0, -0.04129902706918287, 0.38159433415287891, -0.91509114861970597, 0.0036037690671929523, 28.613286624638263]}, "Slip Road": {"mae": 10.972099443667855, "mse": 163.99608502871689, "best_function": 0, "parameters": [1.0, 1.0, 1.0, 1.0, 1.0, 1.0, 1.0]}}, "street_tally": [2.0, 0.0, 1.0]}