{"nature_results": {"Traffic Island Link At Junction": {"mae": 67.720520711752769, "mse": 7337.9436860533924, "best_function": 1, "parameters": [0.57017898009482426, 1.0373577723247311, 1.0510071824949383, 0.71481483881428076, 1.1056246268641672, 0.43457561458210681, 1.0, 23.509726319783084]}, "Single Carriageway": {"mae": 27.728554274613057, "mse": 817.36840118181124, "best_function": 0, "parameters": [1.0, 1.0, 1.0, 1.0, 1.0, 1.0, 1.0]}, "Traffic Island Link": {"mae": 29.984083467666586, "mse": 991.6121567297115, "best_function": 0, "parameters": [1.0, 1.0, 1.0, 1.0, 1.0, 1.0, 1.0]}}, "street_tally": [2.0, 1.0, 0.0]}