{"nature_results": {"Traffic Island Link At Junction": {"mae": 4.6973853433879347, "mse": 34.817605279742125, "best_function": 2, "parameters": [11.39998812980593, 23.674451841743444, 3.653085087835509, 1.0, 0.073871081074433964, -0.95854540955168366, 3.3243358044122093, -1.4797173434569859, 14.408466324547359]}, "Single Carriageway": {"mae": 4.3867285184618989, "mse": 29.892599975995221, "best_function": 2, "parameters": [10.416717863609787, 16.707689460025051, -1.847042875915752, 1.0, -0.10579210689309737, 1.3442553837212581, -5.6446132944631628, 7.4521214372509093, 35.657608575640467]}}, "street_tally": [0.0, 0.0, 2.0]}