{"nature_results": {"Single Carriageway": {"mae": 7.3867328956976008, "mse": 99.785556619443668, "best_function": 1, "parameters": [2.8200577331035719, 0.99327061816775775, 0.98001766303835636, -0.33505375332453968, 1.4826107025309418, 1.5459356748317663, 1.0, 24.779876258157675]}}, "street_tally": [0.0, 1.0, 0.0]}