{"nature_results": {"Traffic Island Link At Junction": {"mae": 2308.6251570853929, "mse": 2182188740.9536715, "best_function": 1, "parameters": [1.4382560942612392, 1.1910928111365109, 1.1528294349885402, 0.29574566316170225, 1.2601682339027822, 1.0774826457804025, 1.0, 21.544437813723466]}, "Single Carriageway": {"mae": 303.18902977191658, "mse": 38699927.347668663, "best_function": 1, "parameters": [1.0995649305482014, 1.0686606917202681, 1.0490384311577454, 0.47178078022422509, 1.1925758046659583, 0.38627462671591639, 1.0, 23.907770827761812]}}, "street_tally": [0.0, 2.0, 0.0]}