{"nature_results": {"Single Carriageway": {"mae": 7.6273985268485234, "mse": 144.28259691700822, "best_function": 2, "parameters": [7.3704229320856829, 3.5664423631716757, -2.3648849256573907, 1.0, -0.056441393440461729, 0.8062973206711016, -3.6571534900608462, 5.4538671479391798, 18.010387338893896]}}, "street_tally": [0.0, 0.0, 1.0]}