{"nature_results": {"Single Carriageway": {"mae": 21.81984027590422, "mse": 522.81551378812628, "best_function": 0, "parameters": [1.0, 1.0, 1.0, 1.0, 1.0, 1.0, 1.0]}}, "street_tally": [1.0, 0.0, 0.0]}