{"nature_results": {"Single Carriageway": {"mae": 23.20808859355401, "mse": 570.23372683903642, "best_function": 0, "parameters": [1.0, 1.0, 1.0, 1.0, 1.0, 1.0, 1.0]}}, "street_tally": [1.0, 0.0, 0.0]}