{"nature_results": {"Single Carriageway": {"mae": 7.0748208417645575, "mse": 77.452828312168847, "best_function": 2, "parameters": [2.0281607435147677, 31.903871819465387, 7.53554862254125, 1.0, -0.26985145173443548, 3.3792504675667487, -12.880072166257694, 13.1622920677791, 30.750382898340462]}}, "street_tally": [0.0, 0.0, 1.0]}