{"nature_results": {"Traffic Island Link At Junction": {"mae": 8.1268324799394467, "mse": 130.46617883031661, "best_function": 2, "parameters": [-3.9438870842507043, 2.4795488494887401, -2.4412592205765411, 1.0, -0.13033773481484867, 1.8533863646302042, -7.5720880950705887, 7.2678091678178411, 21.998473675318674]}, "Single Carriageway": {"mae": 5.035562777228936, "mse": 45.941979269099406, "best_function": 2, "parameters": [-0.64146437541688139, 1.2036692335664401, 0.66152636796099984, 1.0, -0.065831528859753075, 0.79949069554408447, -2.8291943953524048, 2.4224028271146865, 21.553231881949333]}, "Traffic Island Link": {"mae": 6.8040022940151372, "mse": 84.176182546059124, "best_function": 2, "parameters": [2.7133833941467191, 6.8933329911953374, -0.74339514231279669, 1.0, -0.095951154151099782, 1.2286583846159334, -4.6210875138434995, 4.1527063843780851, 27.070134657969508]}}, "street_tally": [0.0, 0.0, 3.0]}