{"nature_results": {"Single Carriageway": {"mae": 12.479448519272356, "mse": 205.70253342529858, "best_function": 2, "parameters": [221.33192804817241, 160.44895324035662, 5.8525194438350079, 1.0, -0.1407102638898392, 1.9698844527355952, -9.1762003007492154, 13.377255553208554, 18.075221712331299]}}, "street_tally": [0.0, 0.0, 1.0]}