{"nature_results": {"Single Carriageway": {"mae": 8.4323414048440224, "mse": 124.84469070379573, "best_function": 1, "parameters": [1.7223400248486316, 1.0008866773434701, 0.98462743602454139, 0.18061004086607468, 1.2962527777022936, -0.33115374682413101, 1.0, 27.534869097243224]}, "Dual Carriageway": {"mae": 17.152848191648658, "mse": 356.69323462786321, "best_function": 0, "parameters": [1.0, 1.0, 1.0, 1.0, 1.0, 1.0, 1.0]}}, "street_tally": [1.0, 1.0, 0.0]}