{"nature_results": {"Single Carriageway": {"mae": 4.8063025942036628, "mse": 39.319192635927337, "best_function": 2, "parameters": [-5.9741316728372711, 0.01589193748975426, -1.4910671435520859, 1.0, -0.073621015837131765, 0.68402067048499737, -2.0781282172280147, 2.5944691890593865, 34.74719408076259]}}, "street_tally": [0.0, 0.0, 1.0]}