{"nature_results": {"Traffic Island Link At Junction": {"mae": 8.0039882240707936, "mse": 91.413075329607068, "best_function": 2, "parameters": [-6.3462901637015836, 1.0381751767599148, -0.45590188156822276, 1.0, -0.12735497966379583, 1.7503727795674853, -7.8569156171892409, 11.276663663869943, 19.236894923673557]}, "Single Carriageway": {"mae": 6.1311156409354091, "mse": 63.426009115424897, "best_function": 2, "parameters": [-5.3935360278580529, 2.0707545004838908, -3.3632598232218553, 1.0, -0.044496024051984939, 0.46941862957640601, -2.1821652778644198, 4.3658938376206482, 32.005687213627638]}, "Traffic Island Link": {"mae": 8.0576889077469289, "mse": 106.29675572301988, "best_function": 2, "parameters": [-7.6741470582076694, 3.9314826778903109, -5.051351103450294, 1.0, -0.00022448938615404757, 0.0084160358597059615, -1.1233325461184251, 4.6206819445848533, 35.854184278012177]}}, "street_tally": [0.0, 0.0, 3.0]}