{"nature_results": {"Traffic Island Link At Junction": {"mae": 7.4729991780971563, "mse": 76.402399544556559, "best_function": 2, "parameters": [1.826398799844668, 10.595753218219894, 0.56382565266000362, 1.0, -0.082868121908918457, 0.86325238678176952, -2.5511635086658733, 2.1538987141576413, 29.874611039088439]}, "Single Carriageway": {"mae": 5.5400959445396039, "mse": 50.982757666351532, "best_function": 2, "parameters": [-7.5345456463814457, 3.2302133584562664, -0.91454292621372568, 1.0, -0.040548783400770505, 0.25713622447794782, -0.068718363011978312, -0.22691542866252012, 34.247273635265834]}, "Slip Road": {"mae": 24.59458830510248, "mse": 618.73224887838842, "best_function": 0, "parameters": [1.0, 1.0, 1.0, 1.0, 1.0, 1.0, 1.0]}, "Dual Carriageway": {"mae": 5.8482762368908343, "mse": 50.724612066288756, "best_function": 2, "parameters": [-1.2992845220035329, 3.0169407720077861, -1.9552309944770534, 1.0, -0.068108246447756038, 0.72449758453219248, -2.6904562774536545, 4.7021279147564048, 25.260303380485059]}, "Traffic Island Link": {"mae": 9.5186376107009156, "mse": 122.97724917379495, "best_function": 1, "parameters": [2.898646941022756, 0.97057492121410682, 0.96487526399852563, -0.38128156025437532, 1.5009852818752358, 1.9355868017776929, 1.0, 26.869097433823402]}}, "street_tally": [1.0, 1.0, 3.0]}