{"nature_results": {"Traffic Island Link At Junction": {"mae": 8.5169758700460552, "mse": 117.19854674229603, "best_function": 2, "parameters": [-1.4558819405862624, 3.2104831557089728, -0.28487477196668709, 1.0, 0.0061088353204136192, -0.18062797730959179, 0.9986033136053406, -1.2296939671425071, 19.594958311411936]}, "Single Carriageway": {"mae": 7.8857367574438468, "mse": 107.402785527189, "best_function": 2, "parameters": [-8.5389551435910906, 0.069474023498801052, 0.037227672079577112, 1.0, -0.0207197665939991, 0.30762914155706389, -1.6296569109957626, 2.9699422480591684, 17.545300917818437]}}, "street_tally": [0.0, 0.0, 2.0]}