{"nature_results": {"Roundabout": {"mae": 6.2248488857665345, "mse": 67.922322800551754, "best_function": 2, "parameters": [0.22343425550814267, 2.5630576181551739, -0.33693694790097917, 1.0, 0.07913654567326911, -1.1215381534814433, 4.9183597583660905, -6.5348117016684055, 27.899562584487423]}}, "street_tally": [0.0, 0.0, 1.0]}