{"nature_results": {"Single Carriageway": {"mae": 8.014029541048469, "mse": 97.038571824945635, "best_function": 1, "parameters": [4.8924656614751942, -0.88092447312566313, 1.0817704870324183, -1.4540979081112893, 1.9226623467648121, 5.6057108822212927, 1.0, 3.1329420737241871]}}, "street_tally": [0.0, 1.0, 0.0]}