{"nature_results": {"Single Carriageway": {"mae": 5.9781372454746435, "mse": 64.976810217431492, "best_function": 2, "parameters": [3.3075408009847655, 9.6407240473855413, -0.173016077737425, 1.0, -0.012741837014477397, 0.13583541754188466, -0.49360544821720898, 0.34488657163365177, 34.050125607772706]}}, "street_tally": [0.0, 0.0, 1.0]}