{"nature_results": {"Single Carriageway": {"mae": 16.742001990833987, "mse": 345.51334784686588, "best_function": 0, "parameters": [1.0, 1.0, 1.0, 1.0, 1.0, 1.0, 1.0]}, "Dual Carriageway": {"mae": 6.9934007718808964, "mse": 83.147271218073257, "best_function": 2, "parameters": [-6.5372140608230973, 2.1958254412070035, -1.1356589330274218, 1.0, -0.022229251988825194, 0.24201468527200221, -1.1073120837220292, 2.9388708614295265, 22.04298763708568]}}, "street_tally": [1.0, 0.0, 1.0]}