{"nature_results": {"Traffic Island Link At Junction": {"mae": 15.659261927970231, "mse": 289.2923930774748, "best_function": 0, "parameters": [1.0, 1.0, 1.0, 1.0, 1.0, 1.0, 1.0]}, "Single Carriageway": {"mae": 22.69607814444101, "mse": 564.81521109027437, "best_function": 0, "parameters": [1.0, 1.0, 1.0, 1.0, 1.0, 1.0, 1.0]}}, "street_tally": [2.0, 0.0, 0.0]}