{"nature_results": {"Single Carriageway": {"mae": 6.025460085124613, "mse": 68.788623057444482, "best_function": 2, "parameters": [-1.128153800441412, 0.33411371573283144, 0.028774439877800373, 1.0, -0.017212910523533687, 0.12802916784138141, -0.33501359631779803, 1.0984738142813619, 29.360022449043914]}, "Roundabout": {"mae": 20.670333623682005, "mse": 548.75809311513501, "best_function": 0, "parameters": [1.0, 1.0, 1.0, 1.0, 1.0, 1.0, 1.0]}, "Traffic Island Link": {"mae": 23.810626581893878, "mse": 656.86590938302538, "best_function": 0, "parameters": [1.0, 1.0, 1.0, 1.0, 1.0, 1.0, 1.0]}, "Traffic Island Link At Junction": {"mae": 8.1267935673097877, "mse": 112.63283402177214, "best_function": 0, "parameters": [-2.4772797614668463, 1.8380656039906949, 1.3489299845664182, 1.0, -0.15997821950166013, 1.097306543428695, 21.97419528002775]}, "Slip Road": {"mae": 10.720998479540242, "mse": 187.98324034872709, "best_function": 0, "parameters": [1.0, 1.0, 1.0, 1.0, 1.0, 1.0, 1.0]}, "Dual Carriageway": {"mae": 9.5054160536845487, "mse": 146.77289397480749, "best_function": 2, "parameters": [-2.7993457321202304, 1.3225930347541355, -0.34107971794529379, 1.0, -0.11114779968172872, 1.1266806758141208, -2.8655024613972238, 0.73411347727643117, 29.563870391192847]}}, "street_tally": [4.0, 0.0, 2.0]}