{"nature_results": {"Traffic Island Link At Junction": {"mae": 19.34346953989763, "mse": 535.79071976909052, "best_function": 1, "parameters": [1.3737103912185531, 0.94957701812582762, 0.99427333103773541, 0.30205301182035416, 1.2617224595308025, 0.24811647503839573, 1.0, 25.465378452241175]}, "Single Carriageway": {"mae": 88.014665964027571, "mse": 16430.664421316455, "best_function": 1, "parameters": [-0.29563553801398235, 1.00423260133142, 1.0120891688654232, 1.1584173454740745, 0.93883920075012495, -2.1437235665721683, 1.0, 32.28242125252239]}, "Slip Road": {"mae": 8.1455042740018246, "mse": 141.5707687228219, "best_function": 1, "parameters": [2.4785701330378211, 1.0119625640979961, 1.0038195727887385, -0.17067306249886571, 1.423364439728279, -2.0040679971526796, 1.0, 12.897700782870904]}, "Dual Carriageway": {"mae": 18.155999886385704, "mse": 21975.664647261958, "best_function": 0, "parameters": [-5.9304904967872378, 7.1288271703901449, -1.1965730437862705, 1.0, -1.1224112638096551, 1.5565398905250762, 29.319983490276844]}, "Traffic Island Link": {"mae": 7.8165485488235955, "mse": 101.84093540532115, "best_function": 1, "parameters": [1.831253288963639, 0.96510193805194189, 0.98752195393221931, 0.13296139439190713, 1.3144789637407239, -1.7741771870274938, 1.0, 24.786466133354146]}}, "street_tally": [1.0, 4.0, 0.0]}