{"nature_results": {"Single Carriageway": {"mae": 7.7055471558949087, "mse": 85.752183375452631, "best_function": 1, "parameters": [3.2028862214889853, 0.86705988543874979, 0.91453804329372812, -0.47232903975962115, 1.5249582882471908, 0.085361742778378158, 1.0, 19.421608160118549]}, "Slip Road": {"mae": 8.4205741204453304, "mse": 103.14240449293521, "best_function": 0, "parameters": [1.0, 1.0, 1.0, 1.0, 1.0, 1.0, 1.0]}, "Traffic Island Link": {"mae": 9.1311268098270784, "mse": 108.65327592362593, "best_function": 0, "parameters": [1.0, 1.0, 1.0, 1.0, 1.0, 1.0, 1.0]}}, "street_tally": [2.0, 1.0, 0.0]}