{"nature_results": {"Single Carriageway": {"mae": 6.7549786271780476, "mse": 74.598295531287434, "best_function": 2, "parameters": [42.586672731253827, 27.522013774368606, 1.1666166464680312, 1.0, -0.071287326835797638, 0.8371173716870014, -3.3189698461044648, 4.9864060527187464, 24.570193024370042]}}, "street_tally": [0.0, 0.0, 1.0]}