{"nature_results": {"Dual Carriageway": {"mae": 4.2687125327079727, "mse": 24.942016475722912, "best_function": 0, "parameters": [1.0, 1.0, 1.0, 1.0, 1.0, 1.0, 1.0]}}, "street_tally": [1.0, 0.0, 0.0]}