{"nature_results": {"Traffic Island Link At Junction": {"mae": 11.372939441866706, "mse": 505.83995362266654, "best_function": 2, "parameters": [-2.8178258998021493, 7.300431060726396, 4.0813452473665404, 1.0, 0.023985320150318512, -0.23735878612563543, 0.42628014062507158, 0.51559361375960222, 23.982657905446317]}, "Single Carriageway": {"mae": 5.4863492283236983, "mse": 57.891972886168901, "best_function": 2, "parameters": [-0.29848724897087053, 2.5023058517697736, 1.3162546086465223, 1.0, 0.13263657787315974, -1.6599033955091311, 6.0065044119133413, -5.1472373733016443, 29.430448258050355]}, "Roundabout": {"mae": 11.519391030183948, "mse": 280.86180468790036, "best_function": 1, "parameters": [0.088128839709201157, 1.0007440208928327, 0.99279467945266142, 0.95459190912313396, 1.0171126516237394, 0.32523834873683477, 1.0, 20.83893758701188]}, "Dual Carriageway": {"mae": 7.4338916018473444, "mse": 89.291021869389041, "best_function": 1, "parameters": [3.6629484149687124, 1.0018212569705862, 1.046970079112078, -0.74663373120181054, 1.6346408103284507, 0.13179243276775898, 1.0, 22.36350804845554]}, "Traffic Island Link": {"mae": 5.9163928874537559, "mse": 65.385559264508984, "best_function": 2, "parameters": [4.7891786606879201, 0.80299084193601178, 1.1316006996215111, 1.0, 0.17986032166063415, -2.1490715159890383, 7.1959548464573979, -4.9784307158216006, 33.072740254221983]}}, "street_tally": [0.0, 2.0, 3.0]}