{"nature_results": {"Traffic Island Link At Junction": {"mae": 7.9986107538048792, "mse": 100.22967058375121, "best_function": 2, "parameters": [-0.20248568335425632, 0.60624121396970032, 1.7466715361302823, 1.0, -0.10913501436992101, 1.2465708490266163, -4.6365197316462563, 6.1892409105661494, 23.218336111544499]}, "Single Carriageway": {"mae": 21.975698377014165, "mse": 550.8102201653345, "best_function": 0, "parameters": [1.0, 1.0, 1.0, 1.0, 1.0, 1.0, 1.0]}, "Traffic Island Link": {"mae": 24.634407885592314, "mse": 670.1560034560456, "best_function": 0, "parameters": [1.0, 1.0, 1.0, 1.0, 1.0, 1.0, 1.0]}}, "street_tally": [2.0, 0.0, 1.0]}