{"nature_results": {"Traffic Island Link At Junction": {"mae": 10.184326832929495, "mse": 237.18399863632717, "best_function": 1, "parameters": [4.0277171285183782, 0.99654814405094816, 1.0253874951027482, -0.93262523967423583, 1.7054791333137307, 0.16236272605326574, 1.0, 7.2273856764482991]}, "Single Carriageway": {"mae": 17.438547365382213, "mse": 363.72795043170925, "best_function": 0, "parameters": [1.0, 1.0, 1.0, 1.0, 1.0, 1.0, 1.0]}}, "street_tally": [1.0, 1.0, 0.0]}