{"nature_results": {"Traffic Island Link At Junction": {"mae": 6.1262294359854783, "mse": 55.305953366922587, "best_function": 2, "parameters": [12.401887901185573, 3.058738747232463, 1.6291156517327154, 1.0, 0.068159055393087975, -0.74951152392511533, 2.4652228835953629, -2.4866867632848777, 12.905381659730089]}, "Single Carriageway": {"mae": 14.944701539191751, "mse": 266.64886851194399, "best_function": 0, "parameters": [1.0, 1.0, 1.0, 1.0, 1.0, 1.0, 1.0]}}, "street_tally": [1.0, 0.0, 1.0]}