{"nature_results": {"Dual Carriageway": {"mae": 19.671026774019957, "mse": 447.65937553035724, "best_function": 0, "parameters": [1.0, 1.0, 1.0, 1.0, 1.0, 1.0, 1.0]}}, "street_tally": [1.0, 0.0, 0.0]}