{"nature_results": {"Traffic Island Link At Junction": {"mae": 13.3802654190032, "mse": 245.07768330183717, "best_function": 0, "parameters": [1.0, 1.0, 1.0, 1.0, 1.0, 1.0, 1.0]}, "Single Carriageway": {"mae": 6.2676546795610184, "mse": 56.49759648244148, "best_function": 2, "parameters": [30.832107545792287, 30.428115694375787, -12.188984267467468, 1.0, -0.07048985486029169, 0.90960165671002491, -4.8484779570752981, 12.380071659286681, 22.850431039878]}}, "street_tally": [1.0, 0.0, 1.0]}