{"nature_results": {"Traffic Island Link At Junction": {"mae": 5.7322076731561058, "mse": 53.300706109339863, "best_function": 2, "parameters": [0.53688968699044048, 6.6429738590122724, 1.9689418556592333, 1.0, -0.090232960329767797, 0.80367531469928732, -2.0054139247765779, 2.0553858526816722, 24.62493968637634]}, "Single Carriageway": {"mae": 5.1141824919176457, "mse": 42.655323638452906, "best_function": 2, "parameters": [-0.73736403058679367, 3.4428147783038612, 0.90622999216651878, 1.0, -0.051958167137746925, 0.35947264550660085, -0.040658622456624771, -1.9988389146267398, 28.463427466792222]}}, "street_tally": [0.0, 0.0, 2.0]}