{"nature_results": {"Traffic Island Link At Junction": {"mae": 14.410565851450949, "mse": 239.44395706727718, "best_function": 0, "parameters": [1.0, 1.0, 1.0, 1.0, 1.0, 1.0, 1.0]}, "Single Carriageway": {"mae": 20.108445313678285, "mse": 450.04595984015936, "best_function": 0, "parameters": [1.0, 1.0, 1.0, 1.0, 1.0, 1.0, 1.0]}}, "street_tally": [2.0, 0.0, 0.0]}