{"nature_results": {"Traffic Island Link At Junction": {"mae": 260.57594533627486, "mse": 480355.87918588798, "best_function": 1, "parameters": [1.0, 1.0, 1.0, 1.0, 1.0, 1.0, 1.0, 1.0]}, "Single Carriageway": {"mae": 22.273901397951114, "mse": 554.42996925139812, "best_function": 0, "parameters": [1.0, 1.0, 1.0, 1.0, 1.0, 1.0, 1.0]}, "Dual Carriageway": {"mae": 5.9187172734337707, "mse": 62.856276360566213, "best_function": 2, "parameters": [-0.81895554631742007, 2.8669380984879158, 0.97379356092328384, 1.0, -0.040416328432643311, 0.49062808036505223, -2.3085571337349653, 5.1046881186242912, 23.425637712102024]}, "Traffic Island Link": {"mae": 4.4729374914539264, "mse": 35.014113751940577, "best_function": 2, "parameters": [0.83410596480952881, 4.0407095233227786, 0.71874519346616683, 1.0, -0.073113900626609052, 0.89117748600673852, -3.8547515656561337, 6.8258838515258367, 28.46946047984822]}}, "street_tally": [1.0, 1.0, 2.0]}