{"nature_results": {"Single Carriageway": {"mae": 17.988552955179472, "mse": 386.97843316777255, "best_function": 0, "parameters": [1.0, 1.0, 1.0, 1.0, 1.0, 1.0, 1.0]}}, "street_tally": [1.0, 0.0, 0.0]}