{"nature_results": {"Traffic Island Link At Junction": {"mae": 6.5209174582238836, "mse": 62.111684427669388, "best_function": 2, "parameters": [0.12994179205426803, 2.3091046043319099, 0.75984286371169052, 1.0, 0.011177890649497702, -0.25551800920721424, 1.3472097337913171, -1.7508419370747945, 21.615751215676084]}, "Single Carriageway": {"mae": 20.910745203457658, "mse": 478.8393076440446, "best_function": 0, "parameters": [1.0, 1.0, 1.0, 1.0, 1.0, 1.0, 1.0]}, "Slip Road": {"mae": 3.5828607829758328, "mse": 17.964743763059232, "best_function": 0, "parameters": [1.0, 1.0, 0.091223234386772156, 1.0, 0.29191394028035234, 0.90931461032854821, 21.082226452788756]}}, "street_tally": [2.0, 0.0, 1.0]}