{"nature_results": {"Dual Carriageway": {"mae": 9.999812112836695, "mse": 170.81263929886791, "best_function": 0, "parameters": [4.2970305897470418, 9.3238338455090499, -5.6266195912870023, 1.0, -0.34719628363344923, 1.1600576334175188, 41.062011200755947]}}, "street_tally": [1.0, 0.0, 0.0]}