{"nature_results": {"Traffic Island Link At Junction": {"mae": 8.7431087107765375, "mse": 132.76765397625445, "best_function": 2, "parameters": [-22.945602607422895, 1.4654026384990657, -6.3124871115518646, 1.0, 0.48180584744101707, -5.8813661339205074, 21.589435123582366, -22.371896763798588, 33.961525518071859]}, "Single Carriageway": {"mae": 7.1772204542824625, "mse": 84.573273765044533, "best_function": 1, "parameters": [2.7939768452698686, 0.89277328220776786, 0.93322582712614133, -0.32476998902497223, 1.4803487474356836, -2.2373791022190366, 1.0, 32.016078093597976]}}, "street_tally": [0.0, 1.0, 1.0]}