{"nature_results": {"Roundabout": {"mae": 4.5611757389862717, "mse": 40.120707966028839, "best_function": 2, "parameters": [1.1381019162142831, 4.0179180433750457, -4.92683936393093, 1.0, -0.032359926427144137, 0.30112576872770747, -1.3030054181174862, 4.0149748375218035, 23.026547149971464]}}, "street_tally": [0.0, 0.0, 1.0]}