{"nature_results": {"Traffic Island Link At Junction": {"mae": 6.3411880562585914, "mse": 83.02438825794782, "best_function": 2, "parameters": [-0.33952500218117643, 4.6739354969264744, -0.11631797914822894, 1.0, 0.074224845877218226, -0.92138246769001597, 3.423184747510847, -3.6002959146577567, 15.434997586854685]}, "Single Carriageway": {"mae": 23.550464941739257, "mse": 600.23077017915102, "best_function": 0, "parameters": [1.0, 1.0, 1.0, 1.0, 1.0, 1.0, 1.0]}, "Dual Carriageway": {"mae": 7.3597590494598011, "mse": 98.77750363986101, "best_function": 2, "parameters": [3.6795405424864156, 3.9599270205025863, -0.97116801366483063, 1.0, 0.030883490990801898, -0.58594407945426363, 3.1757590536645108, -5.2208521102343148, 34.300777772123048]}, "Slip Road": {"mae": 8.2812531436066568, "mse": 106.12472741079853, "best_function": 0, "parameters": [1.0, 1.0, 1.0, 1.0, 1.0, 1.0, 1.0]}}, "street_tally": [2.0, 0.0, 2.0]}