{"nature_results": {"Traffic Island Link At Junction": {"mae": 3.7018942077496968, "mse": 22.169078757674036, "best_function": 2, "parameters": [-0.2553213603634743, 1.599001864385337, -0.70156631296000982, 1.0, -0.0049473818173526585, -0.14115877985733127, 1.1894186664094064, -1.5038020682205087, 22.727596220756251]}, "Single Carriageway": {"mae": 7.6528777023777286, "mse": 1388.8347944840152, "best_function": 2, "parameters": [7.9800645270110673, 7.1653223255399725, -0.72395189993443876, 1.0, -0.012508220373536938, 0.013562327420538423, 0.58274998915337783, -1.3192460991874473, 33.904284905320083]}, "Dual Carriageway": {"mae": 8.7986800659290143, "mse": 117.4794463568377, "best_function": 0, "parameters": [2.3924892916292029, 1.9508887486600219, -0.23138556535136501, 1.0, -0.03626224772140052, 1.2444641076739844, 24.355694188426892]}, "Traffic Island Link": {"mae": 6.3693002222723525, "mse": 259.25879723393058, "best_function": 2, "parameters": [7.804802170606524, 5.5745499224496431, -0.9297360659670082, 1.0, -0.0021502889537587944, -0.12016302903152942, 1.1496875552920129, -2.2560174932853925, 38.411921966862806]}}, "street_tally": [1.0, 0.0, 3.0]}