{"nature_results": {"Traffic Island Link At Junction": {"mae": 7.4841539829202217, "mse": 97.050766837379641, "best_function": 2, "parameters": [1.6023767615399132, 0.66247042651820887, -1.2496095387485036, 1.0, 0.0085891113096665528, -0.16062166003525435, 0.27956500598830414, 2.1357529708293335, 21.65180250328622]}, "Single Carriageway": {"mae": 5.4539431454952414, "mse": 53.218665964472656, "best_function": 2, "parameters": [-0.72346139955999123, 1.0480277300820635, -0.48859179240070105, 1.0, 0.054259404704516179, -0.66150928744050197, 2.0092936820651168, -0.054854595180573451, 25.360884095350038]}, "Slip Road": {"mae": 6.4064424600090097, "mse": 73.52752005340659, "best_function": 0, "parameters": [1.0, 1.0, 1.0, 1.0, 1.0, 1.0, 1.0]}, "Traffic Island Link": {"mae": 8.37029762712646, "mse": 115.32367087308394, "best_function": 2, "parameters": [167.06907527298193, 88.213621019797557, -0.99564020072256487, 1.0, 0.12337879111333339, -1.4444827441667174, 4.5742012049673715, -2.2498198198751993, 23.545927305846622]}}, "street_tally": [1.0, 0.0, 3.0]}