{"nature_results": {"Traffic Island Link At Junction": {"mae": 3.6624566360280375, "mse": 22.859484395794549, "best_function": 1, "parameters": [2.2704485522763411, 1.0426562426650909, 1.0392156606458689, -0.056492806942018747, 1.3793205957584105, 0.56707615588257809, 1.0, 16.460202940461294]}, "Single Carriageway": {"mae": 4.9788896867320505, "mse": 48.664342209206893, "best_function": 2, "parameters": [1.5548475210798591, 1.3968078730286255, 0.86706004063612074, 1.0, -0.050667924923395447, 0.61979373144242844, -2.6806684440378867, 4.872837211779725, 26.756471286632696]}, "Roundabout": {"mae": 13.475208588968895, "mse": 288.78834441265332, "best_function": 0, "parameters": [61.196829802971216, 3.296413818631664, -0.71537843189647643, 1.0, 0.43202894263972569, 1.0300913207663283, 27.284847416307006]}, "Dual Carriageway": {"mae": 5.8922792620590485, "mse": 46.852574659695428, "best_function": 2, "parameters": [4.4295033736494158, 7.0126587962794567, 0.50765083474906514, 1.0, -0.032124771564721266, 0.36598950048538292, -1.7532979087989107, 4.7447638066235882, 19.247423100075945]}, "Traffic Island Link": {"mae": 6.0386574924218657, "mse": 51.959167487401722, "best_function": 2, "parameters": [30.041729105726898, 15.57412866473034, 2.8779846930860611, 1.0, -0.037454851261005562, 0.44133980520650407, -2.1886609190099806, 4.6207387851046837, 25.298285057323646]}}, "street_tally": [1.0, 1.0, 3.0]}