{"nature_results": {"Traffic Island Link At Junction": {"mae": 11.089934161586342, "mse": 175.78020065690794, "best_function": 1, "parameters": [11.308503831502316, 0.77612444180964024, 0.9792915234275924, -4.5209428343707092, 3.0329911193095764, -1.1779443561195113, 1.0, 22.451006472611734]}, "Single Carriageway": {"mae": 21.748483332283307, "mse": 557.10163817095531, "best_function": 0, "parameters": [1.0, 1.0, 1.0, 1.0, 1.0, 1.0, 1.0]}, "Traffic Island Link": {"mae": 8.1534173970710793, "mse": 96.234828952570126, "best_function": 1, "parameters": [5.8921241359223346, 2.2056990373193726, 1.358186826255098, -1.8867747415858482, 2.06397679858404, 5.7608587782621221, 1.0, 7.8095603997090057]}}, "street_tally": [1.0, 2.0, 0.0]}