{"nature_results": {"Single Carriageway": {"mae": 25.258564222132218, "mse": 672.56329514446247, "best_function": 0, "parameters": [1.0, 1.0, 1.0, 1.0, 1.0, 1.0, 1.0]}, "Dual Carriageway": {"mae": 20.875906732957695, "mse": 470.2444277823451, "best_function": 0, "parameters": [1.0, 1.0, 1.0, 1.0, 1.0, 1.0, 1.0]}, "Slip Road": {"mae": 6.8439792348328767, "mse": 98.294092704797592, "best_function": 2, "parameters": [173.13828405161522, 72.225659269372898, 0.83359166358358849, 1.0, -0.09167487808381658, 0.57640206370965208, 0.40332884662949642, -3.0307973395578447, 15.457862326296496]}}, "street_tally": [2.0, 0.0, 1.0]}