{"nature_results": {"Single Carriageway": {"mae": 16.608583549167992, "mse": 321.70019961485281, "best_function": 0, "parameters": [1.0, 1.0, 1.0, 1.0, 1.0, 1.0, 1.0]}}, "street_tally": [1.0, 0.0, 0.0]}