{"nature_results": {"Single Carriageway": {"mae": 4.9385225675114555, "mse": 37.31656506962581, "best_function": 2, "parameters": [-5.4584388739485687, 0.30170514038670337, -0.38256686711273136, 1.0, -0.096361901368331226, 1.2767581959981686, -4.9868667751118467, 4.7678883102437055, 36.56673968256009]}, "Traffic Island Link": {"mae": 8.9361775583361425, "mse": 118.08546774963305, "best_function": 0, "parameters": [-6.9528085013180965, 0.95992371092117479, 0.25400308975515806, 1.0, -1.2407910729894724, 1.5452305077738671, 40.611126011625117]}}, "street_tally": [1.0, 0.0, 1.0]}