{"nature_results": {"Traffic Island Link At Junction": {"mae": 6.972375991960404, "mse": 84.418187064758513, "best_function": 1, "parameters": [2.6312407673852709, 1.0110788528049179, 1.0174669201993616, -0.29185141345489218, 1.4768286128853672, -3.9617527091401694, 1.0, 24.805178075855498]}, "Single Carriageway": {"mae": 6.2254768765437225, "mse": 68.415430859937786, "best_function": 1, "parameters": [2.2719494566014982, 1.0292583222677409, 1.0255622065723009, -0.1259311145721802, 1.4171667958424234, 0.11735055327603761, 1.0, 20.039270158403664]}, "Traffic Island Link": {"mae": 6.3866471322282203, "mse": 77.429624406522137, "best_function": 1, "parameters": [1.8827304264939531, 1.0254704411437088, 1.0522988459804059, 0.04248998710920493, 1.3600834321269144, 0.02976809631671129, 1.0, 19.676603636215791]}}, "street_tally": [0.0, 3.0, 0.0]}