{"nature_results": {"Single Carriageway": {"mae": 4.2180508156807104, "mse": 33.471568983649369, "best_function": 2, "parameters": [-1.0845582198689878, 0.9136009320811822, 0.076532770643204406, 1.0, -0.07228533346039745, 0.90928836013645264, -3.5911886091708825, 4.6533022877918278, 37.569111769744261]}, "Dual Carriageway": {"mae": 6.4215378865960862, "mse": 82.51909809733732, "best_function": 2, "parameters": [2.5635923919750696, 5.259413259698432, 0.011591312243992458, 1.0, -0.10031106746788288, 1.2067493794794157, -4.6601330932473788, 6.3036636506232195, 35.732054408437179]}}, "street_tally": [0.0, 0.0, 2.0]}