{"nature_results": {"Traffic Island Link At Junction": {"mae": 5.3376040827826134, "mse": 47.089871263614633, "best_function": 2, "parameters": [115.09418007396273, 69.874326884494607, -2.2168109810413354, 1.0, -0.43510229557423874, 5.848468115257611, -25.647153465547873, 38.338010591612424, 18.787107745696343]}, "Single Carriageway": {"mae": 23.32403217864643, "mse": 562.8713445377299, "best_function": 0, "parameters": [1.0, 1.0, 1.0, 1.0, 1.0, 1.0, 1.0]}, "Dual Carriageway": {"mae": 8.021667139982755, "mse": 119.48190972237502, "best_function": 2, "parameters": [-5.2950060029596573, 1.4289463900897161, -1.4648091845181064, 1.0, -0.057061071700689414, 0.75368859268711208, -2.9906905015046554, 3.3085348795353973, 64.087177901018919]}, "Slip Road": {"mae": 15.465434741969109, "mse": 662.03646487639867, "best_function": 0, "parameters": [3.2739423048368401, 12.427864807250293, -0.85141679889245481, 1.0, -1.1858393835375831, 1.6299416046825395, 46.77053383795667]}}, "street_tally": [2.0, 0.0, 2.0]}