{"nature_results": {"Slip Road": {"mae": 10.785588603301974, "mse": 289.15214277344108, "best_function": 0, "parameters": [10.817430199182123, 9.839960565635387, -0.23331225592875859, 1.0, -0.5701239022604343, 1.3541382871350471, 49.135433641297148]}, "Dual Carriageway": {"mae": 7.9396478908139168, "mse": 123.69605330699744, "best_function": 2, "parameters": [-4.0086967442091375, 5.8778088787763787, -0.98449853947696897, 1.0, -0.027292855911073444, 0.28020564652228974, -1.0742701593452062, 1.9240748548891793, 60.964426398034291]}}, "street_tally": [1.0, 0.0, 1.0]}