{"nature_results": {"Dual Carriageway": {"mae": 15.928514387435991, "mse": 319.41192437014769, "best_function": 1, "parameters": [5.3077047493966516, 1.1308405915963908, 1.1322566291716774, -1.4836493451430242, 1.8961191998001858, 2.0887662944666041, 1.0, 52.837450970893428]}}, "street_tally": [0.0, 1.0, 0.0]}