{"nature_results": {"Slip Road": {"mae": 5.3224310217165787, "mse": 56.519890545199907, "best_function": 2, "parameters": [-5.3416719235555137, 6.9349215573807701, 0.11635157684062813, 1.0, -0.089881025296717709, 1.216504083885162, -5.4545758696831061, 8.8634313375271319, 52.531487137127755]}, "Dual Carriageway": {"mae": 26.629321748169811, "mse": 1130.8135719339618, "best_function": 1, "parameters": [0.15981337266051754, 0.99417611491231517, 1.0253693584550725, 0.9423562057011271, 1.017694316260275, -2.7234855266449896, 1.0, 67.868470782232734]}}, "street_tally": [0.0, 1.0, 1.0]}