{"nature_results": {"Slip Road": {"mae": 43.302986266859534, "mse": 2036.1860893095743, "best_function": 0, "parameters": [1.0, 1.0, 1.0, 1.0, 1.0, 1.0, 1.0]}, "Dual Carriageway": {"mae": 59.416792635530484, "mse": 3668.1641501951244, "best_function": 0, "parameters": [1.0, 1.0, 1.0, 1.0, 1.0, 1.0, 1.0]}, "Roundabout": {"mae": 486.12748861095838, "mse": 17823228.327941626, "best_function": 1, "parameters": [1.0, 1.0, 1.0, 1.0, 1.0, 1.0, 1.0, 1.0]}}, "street_tally": [2.0, 1.0, 0.0]}