{"nature_results": {"Slip Road": {"mae": 55.346700102450491, "mse": 4921.347581291775, "best_function": 1, "parameters": [0.59692481895489569, 1.0136279700036688, 1.0244839939302046, 0.70008525521293175, 1.112104880696591, -0.5097759202905161, 1.0, 51.185546886473908]}, "Dual Carriageway": {"mae": 7.9250482177372685, "mse": 105.18669413746382, "best_function": 0, "parameters": [-2.7503711757558831, 4.2822074273511799, -0.40489862894336093, 1.0, 2.1862099755453372, 0.14165141430924855, 69.304037252871879]}}, "street_tally": [1.0, 1.0, 0.0]}