{"nature_results": {"Slip Road": {"mae": 10.895972828187793, "mse": 185.31102966611007, "best_function": 2, "parameters": [-1.2659033810625955, 5.2046902141534321, -1.4437005473046991, 1.0, 0.06659226729402834, -0.79730695005838514, 2.545732748091555, -1.2223690930834432, 36.641110506463569]}, "Dual Carriageway": {"mae": 21.803527843367153, "mse": 1439.9048713507621, "best_function": 1, "parameters": [0.10520264083506992, 1.0045043714400941, 1.0143378580345523, 0.94687899935933872, 1.018881567159762, -2.209815388661422, 1.0, 60.890645415809594]}, "Roundabout": {"mae": 5.8511541948197694, "mse": 55.358912145017236, "best_function": 2, "parameters": [4.386881383383038, 9.2792959400825676, -0.92641636271587924, 1.0, 0.018262903229605776, -0.38328372937680411, 2.1259558660461355, -3.1208768030555651, 20.634649010952039]}}, "street_tally": [0.0, 1.0, 2.0]}