{"nature_results": {"Slip Road": {"mae": 14.802465000683998, "mse": 288.71669389350126, "best_function": 0, "parameters": [31.851315470121108, 20.21055793970028, 0.46312531181107919, 1.0, -0.47384487248235918, 1.0676588886132987, 31.566663386063755]}, "Dual Carriageway": {"mae": 61.64943049884824, "mse": 3894.4907328770191, "best_function": 0, "parameters": [1.0, 1.0, 1.0, 1.0, 1.0, 1.0, 1.0]}}, "street_tally": [2.0, 0.0, 0.0]}