{"nature_results": {"Single Carriageway": {"mae": 6.3162995728283189, "mse": 47.80307090200774, "best_function": 0, "parameters": [1.0, 1.0, 1.0, 1.0, 1.0, 1.0, 1.0]}}, "street_tally": [1.0, 0.0, 0.0]}