{"nature_results": {"Single Carriageway": {"mae": 5.6461283881201734, "mse": 49.732386472983876, "best_function": 2, "parameters": [1.739129275359566, 3.6267935053304434, 0.80928593267263571, 1.0, 0.041124548056667765, -0.65154154408763687, 3.1587670585292575, -5.0083156244679206, 18.699571222254534]}}, "street_tally": [0.0, 0.0, 1.0]}