{"nature_results": {"Single Carriageway": {"mae": 5.855333815622739, "mse": 61.826392616784645, "best_function": 0, "parameters": [3.9854331318313188, 6.5733669253222633, -0.50980460926970217, 1.0, -0.68100461618849462, 0.96831880065083387, 26.212794677010756]}}, "street_tally": [1.0, 0.0, 0.0]}