{"nature_results": {"Single Carriageway": {"mae": 5.5782666421056746, "mse": 57.402494017335115, "best_function": 2, "parameters": [18.757364538657185, 12.01283130688797, 0.1452620191083237, 1.0, -0.14728218426068307, 1.7969831541127941, -6.7909730325876305, 7.3095986600182963, 31.336345212327117]}}, "street_tally": [0.0, 0.0, 1.0]}