{"nature_results": {"Traffic Island Link At Junction": {"mae": 18.744543497897656, "mse": 459.56359670469703, "best_function": 0, "parameters": [1.0, 1.0, 1.0, 1.0, 1.0, 1.0, 1.0]}, "Single Carriageway": {"mae": 20.432509237920755, "mse": 508.39353898412787, "best_function": 0, "parameters": [1.0, 1.0, 1.0, 1.0, 1.0, 1.0, 1.0]}, "Traffic Island Link": {"mae": 19.675485402366903, "mse": 481.73290921300861, "best_function": 0, "parameters": [1.0, 1.0, 1.0, 1.0, 1.0, 1.0, 1.0]}}, "street_tally": [3.0, 0.0, 0.0]}