{"nature_results": {"Single Carriageway": {"mae": 22.74229598755436, "mse": 602.5642014723287, "best_function": 0, "parameters": [1.0, 1.0, 1.0, 1.0, 1.0, 1.0, 1.0]}, "Roundabout": {"mae": 16.925670811038891, "mse": 364.6131899831671, "best_function": 0, "parameters": [1.0, 1.0, 1.0, 1.0, 1.0, 1.0, 1.0]}}, "street_tally": [2.0, 0.0, 0.0]}