{"nature_results": {"Traffic Island Link At Junction": {"mae": 19.44353512042246, "mse": 461.47367608544567, "best_function": 0, "parameters": [1.0, 1.0, 1.0, 1.0, 1.0, 1.0, 1.0]}, "Single Carriageway": {"mae": 5.970278632833586, "mse": 63.371175807981146, "best_function": 2, "parameters": [-2.8372120858691003, 1.3241291728775408, -1.6804713051903413, 1.0, 0.0029206023878374232, -0.17989248391848123, 1.5847290654917305, -3.7519353253825374, 35.285446576501251]}, "Roundabout": {"mae": 6.890854917022903, "mse": 81.791465391009737, "best_function": 2, "parameters": [0.017199000310258339, 12.160635407903394, 0.1735884652482439, 1.0, -0.20376223404677263, 2.3703320587345713, -7.6708271534384362, 4.2285003159694536, 29.101270764835739]}, "Dual Carriageway": {"mae": 7.1628305027441446, "mse": 82.170489384433324, "best_function": 2, "parameters": [-10.693157314799681, 3.5159211609742465, 0.54399118374822675, 1.0, -0.15920939433387482, 2.0613970706053233, -7.5927438824807325, 5.4990298164163782, 36.865795223005115]}, "Traffic Island Link": {"mae": 23.839840400577859, "mse": 666.28862103333086, "best_function": 0, "parameters": [1.0, 1.0, 1.0, 1.0, 1.0, 1.0, 1.0]}}, "street_tally": [2.0, 0.0, 3.0]}