{"nature_results": {"Single Carriageway": {"mae": 4.8108481300003163, "mse": 41.712124732482039, "best_function": 2, "parameters": [9.158264519562259, 9.6777635648631648, 1.0714367803481468, 1.0, -0.074335505619059328, 0.99840714142867826, -4.6465595198861749, 8.2815061832759298, 19.270349584880908]}}, "street_tally": [0.0, 0.0, 1.0]}