{"nature_results": {"Traffic Island Link At Junction": {"mae": 7.2419382897056481, "mse": 70.698989755854242, "best_function": 1, "parameters": [2.630999090732641, 0.9941501528670289, 0.98735987793521041, -0.23060257352590985, 1.4431891989625412, -1.7915214003830626, 1.0, 17.031401690992496]}, "Single Carriageway": {"mae": 24.345802839359358, "mse": 650.78710801613067, "best_function": 0, "parameters": [1.0, 1.0, 1.0, 1.0, 1.0, 1.0, 1.0]}, "Roundabout": {"mae": 16.883234049763661, "mse": 321.21303867388309, "best_function": 0, "parameters": [1.0, 1.0, 1.0, 1.0, 1.0, 1.0, 1.0]}, "Dual Carriageway": {"mae": 24.19088258594125, "mse": 639.99249539814662, "best_function": 0, "parameters": [1.0, 1.0, 1.0, 1.0, 1.0, 1.0, 1.0]}, "Traffic Island Link": {"mae": 18.690560797037666, "mse": 445.80934855018444, "best_function": 0, "parameters": [1.0, 1.0, 1.0, 1.0, 1.0, 1.0, 1.0]}}, "street_tally": [4.0, 1.0, 0.0]}