{"nature_results": {"Dual Carriageway": {"mae": 4.5671934986909219, "mse": 43.035563152827216, "best_function": 2, "parameters": [3.0081693241285139, 6.221561945475349, 0.020403022116150971, 1.0, -0.050155468461944741, 0.54914926434369116, -1.6629607374484943, 1.0380206833290082, 53.384641817485857]}}, "street_tally": [0.0, 0.0, 1.0]}