{"nature_results": {"Single Carriageway": {"mae": 7.1278331479696018, "mse": 94.705415892016347, "best_function": 2, "parameters": [26.916852779724749, 13.511546005333768, 4.0404277280733041, 1.0, 0.11678078669509395, -1.7243443648064463, 7.8128637317169041, -11.205904952307936, 33.178893116420177]}, "Slip Road": {"mae": 7.3831500545379498, "mse": 97.137907661453752, "best_function": 0, "parameters": [-3.4708159854912735, 0.20455618281342369, -3.427549683156724, 1.0, -0.3530770420619822, 1.1564415177908591, 37.950744903227246]}}, "street_tally": [1.0, 0.0, 1.0]}