{"nature_results": {"Single Carriageway": {"mae": 5.7787719743009447, "mse": 112.23504294163254, "best_function": 2, "parameters": [-5.4180761130771389, 5.0113070494523493, 3.9474160400063312, 1.0, -0.0519364586702451, 0.55448002425167253, -2.0077870952741943, 3.1884673286132026, 21.04579459364027]}}, "street_tally": [0.0, 0.0, 1.0]}