{"nature_results": {"Traffic Island Link At Junction": {"mae": 5.7714787097181031, "mse": 58.667804055366652, "best_function": 2, "parameters": [1.0950223049216641, 6.9520867480295774, -0.04150676738020187, 1.0, 0.3269361137001584, -3.9897140299221832, 14.806977697579944, -15.826223899798311, 21.668968344703828]}, "Single Carriageway": {"mae": 5.3685021504237866, "mse": 55.148792970931986, "best_function": 2, "parameters": [0.64472156967568628, 0.40076250162380644, 0.32775107289279515, 1.0, 0.36155519926369584, -4.2660844862010778, 14.997398647143294, -14.171783161732408, 27.143753875302895]}, "Traffic Island Link": {"mae": 5.9735565607678698, "mse": 54.928765521777301, "best_function": 0, "parameters": [-2.9330560353414117, 7.0247741292448795, 1.5538553971130447, 1.0, 2.3162680730749043, 0.028780666969123625, 29.79113151538969]}}, "street_tally": [1.0, 0.0, 2.0]}