{"nature_results": {"Single Carriageway": {"mae": 2.8893780088344041, "mse": 14.388046999505825, "best_function": 2, "parameters": [6.1145809169246084, 0.73984283879509927, -0.14851596201250072, 1.0, 0.00093884086873774475, 0.11155250818367246, -1.2906754671465519, 3.5727114654891015, 15.425352429380126]}}, "street_tally": [0.0, 0.0, 1.0]}