{"nature_results": {"Traffic Island Link At Junction": {"mae": 11.791565282749522, "mse": 160.09276779459859, "best_function": 0, "parameters": [1.0, 1.0, 1.0, 1.0, 1.0, 1.0, 1.0]}, "Single Carriageway": {"mae": 7.3336130139450848, "mse": 107.92302288347122, "best_function": 1, "parameters": [4.5357427487223791, 0.99718133398993514, 0.98294740431177952, -1.1928093360413761, 1.8020948603227489, 1.83820524811301, 1.0, 11.580555279481548]}}, "street_tally": [1.0, 1.0, 0.0]}