{"nature_results": {"Single Carriageway": {"mae": 6.6658492493537738, "mse": 83.281207960379589, "best_function": 1, "parameters": [2.2247174622026886, 0.95950831536893577, 0.96733608012240113, -0.080689649593001622, 1.3956056165367736, -1.1473451918156474, 1.0, 29.916154318103782]}, "Dual Carriageway": {"mae": 7.9422229095419841, "mse": 115.14422833668354, "best_function": 1, "parameters": [1.858322060319479, 0.92749860234988157, 0.9491162712201926, 0.1231856133024245, 1.3152996816758127, -2.6045135997644291, 1.0, 30.647933907254412]}}, "street_tally": [0.0, 2.0, 0.0]}