{"nature_results": {"Traffic Island Link At Junction": {"mae": 19.445430068095639, "mse": 437.57746059557576, "best_function": 0, "parameters": [1.0, 1.0, 1.0, 1.0, 1.0, 1.0, 1.0]}, "Single Carriageway": {"mae": 6.7442094102208756, "mse": 86.255357448837486, "best_function": 2, "parameters": [3.8663311996980561, 7.4264232268402237, -1.1584190567824959, 1.0, 0.010147205978716434, -0.24565450952266277, 1.254772013198393, -0.96863791107914632, 31.129011706324921]}, "Slip Road": {"mae": 6.8872848554427089, "mse": 61.852743537558268, "best_function": 0, "parameters": [28.932992622382613, 30.024309753066202, -0.68107285046301747, 1.0, 0.28603053588651361, 0.69322526357860648, 13.524376623214785]}, "Traffic Island Link": {"mae": 6.4234880441609938, "mse": 78.660533295594789, "best_function": 2, "parameters": [-1.9224482478141369, 4.2791857983696371, -0.50610486274031463, 1.0, 0.060727209415611827, -0.68667496191691968, 2.1257538845150199, -1.1926479497313829, 35.366827783242918]}}, "street_tally": [2.0, 0.0, 2.0]}