{"nature_results": {"Traffic Island Link At Junction": {"mae": 13.341666942679538, "mse": 234.79746882729128, "best_function": 0, "parameters": [1.0, 1.0, 1.0, 1.0, 1.0, 1.0, 1.0]}, "Single Carriageway": {"mae": 18.834842334896006, "mse": 373.44610934805388, "best_function": 0, "parameters": [1.0, 1.0, 1.0, 1.0, 1.0, 1.0, 1.0]}}, "street_tally": [2.0, 0.0, 0.0]}