{"nature_results": {"Traffic Island Link At Junction": {"mae": 15.470664393024832, "mse": 256.70679549100578, "best_function": 0, "parameters": [1.0, 1.0, 1.0, 1.0, 1.0, 1.0, 1.0]}, "Single Carriageway": {"mae": 16.73949372481875, "mse": 338.73367489972412, "best_function": 0, "parameters": [1.0, 1.0, 1.0, 1.0, 1.0, 1.0, 1.0]}}, "street_tally": [2.0, 0.0, 0.0]}