{"nature_results": {"Single Carriageway": {"mae": 4.7832731777898534, "mse": 36.104123191155281, "best_function": 2, "parameters": [76.778178516002598, 52.141024014490903, -0.71281036762817185, 1.0, 0.0052363272199383859, 0.045251534537982585, -0.62138269206626418, 0.71896326914709952, 25.463868638390675]}}, "street_tally": [0.0, 0.0, 1.0]}