{"nature_results": {"Single Carriageway": {"mae": 2.9215178616666284, "mse": 17.045879099084594, "best_function": 0, "parameters": [4.1185079603602297, 4.5069465359996954, 0.47267489387518735, 1.0, 0.32565306412617556, 0.76129235229362691, 25.544140441816573]}}, "street_tally": [1.0, 0.0, 0.0]}