{"nature_results": {"Single Carriageway": {"mae": 12.942337564007314, "mse": 222.67591048713879, "best_function": 0, "parameters": [1.0, 1.0, 1.0, 1.0, 1.0, 1.0, 1.0]}, "Dual Carriageway": {"mae": 10.642035701983161, "mse": 195.49773724281283, "best_function": 0, "parameters": [1.0, 1.0, 1.0, 1.0, 1.0, 1.0, 1.0]}}, "street_tally": [2.0, 0.0, 0.0]}