{"nature_results": {"Traffic Island Link At Junction": {"mae": 13.958043181983999, "mse": 255.46443702005129, "best_function": 0, "parameters": [1.0, 1.0, 1.0, 1.0, 1.0, 1.0, 1.0]}, "Single Carriageway": {"mae": 5.8679976307957356, "mse": 60.357674023478658, "best_function": 1, "parameters": [3.2459421717394545, 0.92776864584966401, 0.98686279597313076, -0.61084947117621557, 1.5978742149691691, -1.7644604879512773, 1.0, 24.051973135540177]}, "Slip Road": {"mae": 8.5452159753487447, "mse": 117.78993745334128, "best_function": 0, "parameters": [1.0, 1.0, 1.0, 1.0, 1.0, 1.0, 1.0]}}, "street_tally": [2.0, 1.0, 0.0]}