{"nature_results": {"Traffic Island Link At Junction": {"mae": 8.5011311607391988, "mse": 128.52866619201285, "best_function": 0, "parameters": [1.0, 1.0, 1.0, 1.0, 1.0, 1.0, 1.0]}, "Single Carriageway": {"mae": 8.1367126291574881, "mse": 98.983772145756106, "best_function": 2, "parameters": [-1.6350509303579916, 0.38362304534124603, 0.31539707462842526, 1.0, -0.00079170103717651763, -0.039816793297081432, -0.053953444050595767, 1.9341120661029181, 17.199594074620791]}, "Dual Carriageway": {"mae": 11.983891669463068, "mse": 177.74186963570949, "best_function": 0, "parameters": [1.0, 1.0, 1.0, 1.0, 1.0, 1.0, 1.0]}, "Slip Road": {"mae": 7.0303190143585619, "mse": 84.601809030931577, "best_function": 1, "parameters": [2.2686149237177933, 0.98564977300528112, 1.032483730325048, -0.048970860286486007, 1.375129314770033, 1.3127120210438346, 1.0, 9.5242268192458557]}}, "street_tally": [2.0, 1.0, 1.0]}