{"nature_results": {"Traffic Island Link At Junction": {"mae": 12.258509250398406, "mse": 239.27449518480461, "best_function": 2, "parameters": [37.593648030489824, 20.459135936531247, 2.221585357715909, 1.0, 0.10335499820685856, -1.431453558508939, 6.454350131636537, -9.6780517488548305, 23.378010023892926]}, "Single Carriageway": {"mae": 3.9642709606969984, "mse": 29.388767969703924, "best_function": 2, "parameters": [-2.482657363517438, 4.689334671323385, 0.56295790594515815, 1.0, -0.036082789731883613, 0.36021209425725065, -1.1648328043708207, 1.6321644709942964, 30.071922834522042]}}, "street_tally": [0.0, 0.0, 2.0]}