{"nature_results": {"Single Carriageway": {"mae": 6.8180374921705438, "mse": 176.33067331108117, "best_function": 2, "parameters": [0.061387551844024335, 3.8360649026317328, -0.36198872213434585, 1.0, 0.096545284800140019, -1.2016854913085888, 4.4194671614443184, -4.2664381980202783, 18.17229519247746]}}, "street_tally": [0.0, 0.0, 1.0]}