{"nature_results": {"Traffic Island Link At Junction": {"mae": 3.6334494194563924, "mse": 30.7181851505906, "best_function": 0, "parameters": [1.7890441087756828, 4.0646846720517997, 0.46695336321609904, 1.0, 0.63289667847927622, 0.66407216565966476, 17.851652041435642]}, "Single Carriageway": {"mae": 3.4162344788329824, "mse": 22.293070341160039, "best_function": 0, "parameters": [-1.7094167853271984, 6.2050533780221917, -1.3803378478598742, 1.0, 0.012841486236271238, 1.1449209116225876, 23.219349112634212]}}, "street_tally": [2.0, 0.0, 0.0]}