{"nature_results": {"Traffic Island Link At Junction": {"mae": 6.1803250079731624, "mse": 86.364015729246518, "best_function": 2, "parameters": [7.7962508039003309, 12.291422164764709, -0.62305429087027631, 1.0, 0.26104937140416606, -3.3396250860227692, 12.900165628600071, -13.311473304901282, 31.588869792735203]}, "Single Carriageway": {"mae": 6.5203293013308645, "mse": 76.026469996563065, "best_function": 2, "parameters": [-1.4277446391983108, 0.31421424502470308, 0.00010666401358250255, 1.0, 0.11880218302376411, -1.526227742655331, 5.5771888152882747, -4.1476534133642682, 22.952180941806827]}, "Dual Carriageway": {"mae": 8.0835145561908721, "mse": 100.02280447091469, "best_function": 2, "parameters": [6.5463580232899075, 2.0531467495794553, 0.68264775718938442, 1.0, 0.069041193681171786, -0.9208951186199672, 3.4128203560871575, -2.4891968816471879, 19.248156136678158]}}, "street_tally": [0.0, 0.0, 3.0]}