{"nature_results": {"Single Carriageway": {"mae": 6.1640218550802661, "mse": 56.152386696321933, "best_function": 2, "parameters": [18.73414879610279, 8.5623009050895362, -0.085532136961471883, 1.0, -0.012965735971820713, 0.083673678822564157, 0.028849861278492761, -0.098668661934906643, 14.589367758513813]}}, "street_tally": [0.0, 0.0, 1.0]}