{"nature_results": {"Single Carriageway": {"mae": 21.801865024777111, "mse": 527.80543642535144, "best_function": 0, "parameters": [1.0, 1.0, 1.0, 1.0, 1.0, 1.0, 1.0]}, "Traffic Island Link": {"mae": 5.2674213316008283, "mse": 46.434340196105907, "best_function": 2, "parameters": [27.653998430839028, 6.5966537797270917, 2.5757525273091506, 1.0, -0.038288166856414563, 0.41430896511770476, -1.4904315146730878, 2.3543247462181514, 30.748980029862214]}}, "street_tally": [1.0, 0.0, 1.0]}