{"nature_results": {"Single Carriageway": {"mae": 14.587669027080011, "mse": 226.4937924603995, "best_function": 0, "parameters": [1.0, 1.0, 1.0, 1.0, 1.0, 1.0, 1.0]}}, "street_tally": [1.0, 0.0, 0.0]}