{"nature_results": {"Single Carriageway": {"mae": 15.658467432488056, "mse": 275.13355595964242, "best_function": 0, "parameters": [1.0, 1.0, 1.0, 1.0, 1.0, 1.0, 1.0]}}, "street_tally": [1.0, 0.0, 0.0]}