{"nature_results": {"Single Carriageway": {"mae": 5.139285028974137, "mse": 56.289375019097875, "best_function": 2, "parameters": [-7.423742841201344, 5.985868245268966, 1.5761757718887577, 1.0, 0.35977600299090784, -4.2079143882424423, 14.043031313958268, -10.148923370968172, 19.251793455143719]}}, "street_tally": [0.0, 0.0, 1.0]}