{"nature_results": {"Single Carriageway": {"mae": 7.3044798100774742, "mse": 101.56375139405425, "best_function": 2, "parameters": [3.0225909109058646, 2.926773257028271, -3.4071683744902961, 1.0, 0.070762052397576047, -0.96670804936083043, 3.8752439194080384, -4.5325144518639844, 28.464118403083912]}, "Dual Carriageway": {"mae": 10.099144290470406, "mse": 244.87841691399785, "best_function": 1, "parameters": [5.1521926492809342, 1.0011096030063051, 1.0040552930842805, -1.5783141504761127, 1.9602540282066165, 1.6091415369154727, 1.0, 18.09902622581501]}, "Traffic Island Link": {"mae": 8.7968536026144779, "mse": 107.00978247839147, "best_function": 1, "parameters": [3.7642540959847075, 0.98902275845541598, 0.97810897632932114, -0.85019257858628428, 1.6833442453768319, -5.3717902019423551, 1.0, 14.056142506017649]}}, "street_tally": [0.0, 2.0, 1.0]}