{"nature_results": {"Single Carriageway": {"mae": 8.1139386000227294, "mse": 197.37411261377736, "best_function": 0, "parameters": [10.180175441798651, 13.761765094026291, -4.1538064707328859, 1.0, -0.6789422374843721, 0.89672411245074046, 25.503173391072352]}, "Roundabout": {"mae": 7.4657377771454385, "mse": 98.842903063870267, "best_function": 1, "parameters": [1.9432206646078141, 1.0178468307545734, 1.0296929473042489, 0.053127268157909802, 1.3480390130599762, -2.9572438321289471, 1.0, 24.322398761489229]}, "Dual Carriageway": {"mae": 6.9112928757079244, "mse": 76.119775185658483, "best_function": 2, "parameters": [7.715749385101299, 5.1187870212323547, -1.6335076014481, 1.0, 0.08486391521116099, -0.91892718010848595, 2.7430071651337071, -1.6827759762979784, 27.322355165477852]}, "Slip Road": {"mae": 7.656500819476757, "mse": 74.598796822380393, "best_function": 2, "parameters": [2.4936494008948413, 1.3245788145536683, -4.7317242948123521, 1.0, -0.33335307192694597, 4.3147442056912295, -17.913073524195482, 24.67009170260042, 11.370345712794578]}}, "street_tally": [1.0, 1.0, 2.0]}