{"nature_results": {"Traffic Island Link At Junction": {"mae": 6.6657228240506265, "mse": 71.655068543664584, "best_function": 2, "parameters": [-2.5421340254430356, 1.8640690029259235, 0.92749551931775753, 1.0, -0.04741348092712494, 0.39432071775965427, -0.87089350122090736, 0.81168522807595589, 16.351362761686751]}, "Single Carriageway": {"mae": 6.0707186623676117, "mse": 69.223894896616272, "best_function": 2, "parameters": [7.3655474899366293, 6.567661285519387, -2.0614561563627292, 1.0, -0.039175170377664381, 0.47454396361794116, -2.0766217586169446, 4.3327570183114048, 30.800228222839053]}, "Slip Road": {"avg_speed": {"mae": 6.7743271015880397, "mse": 78.195048435378155, "best_function": 2, "parameters": [8.6088078835646282, 7.2516828599470005, -3.3725724699623028, 1.0, -0.093577954102650684, 1.1301388814239659, -4.5794801862652026, 7.4818604375587192, 35.460057030874857]}}, "Traffic Island Link": {"mae": 6.7743271015880397, "mse": 78.195048435378155, "best_function": 2, "parameters": [8.6088078835646282, 7.2516828599470005, -3.3725724699623028, 1.0, -0.093577954102650684, 1.1301388814239659, -4.5794801862652026, 7.4818604375587192, 35.460057030874857]}}, "street_tally": [0.0, 0.0, 3.0]}