{"nature_results": {"Traffic Island Link At Junction": {"mae": 5.1995585340603165, "mse": 59.290375968838624, "best_function": 1, "parameters": [1.9983065230668813, 0.97866006309406317, 0.97639547420744632, 0.012017020291019254, 1.3654729434948307, -1.1358360424350122, 1.0, 22.188353070569573]}, "Single Carriageway": {"mae": 6.5526667171649802, "mse": 60.579591383283351, "best_function": 1, "parameters": [2.8916460399511879, 0.93252322420934119, 0.95654186155701082, -0.39632048648682128, 1.511339136060839, -1.0923676253526762, 1.0, 24.066728687108586]}, "Traffic Island Link": {"mae": 24.210361263778115, "mse": 622.99706274001414, "best_function": 0, "parameters": [1.0, 1.0, 1.0, 1.0, 1.0, 1.0, 1.0]}}, "street_tally": [1.0, 2.0, 0.0]}