{"nature_results": {"Single Carriageway": {"mae": 13.630103194364617, "mse": 200.91934011831447, "best_function": 0, "parameters": [1.0, 1.0, 1.0, 1.0, 1.0, 1.0, 1.0]}, "Roundabout": {"mae": 7.4955818518705613, "mse": 90.769997920569352, "best_function": 0, "parameters": [6.5532810872666243, 30.450236402605661, -2.4868291142305532, 1.0, 3.5197231514665277, 0.19804145365912085, 17.820085276229904]}}, "street_tally": [2.0, 0.0, 0.0]}