{"nature_results": {"Single Carriageway": {"mae": 3.8459309240666957, "mse": 30.147486882022168, "best_function": 2, "parameters": [-0.086435940600409156, 1.7192098442364512, -2.208579982931401, 1.0, -0.077282105175950022, 0.60868902306553041, -0.79876775041242909, -0.57052654005267467, 29.160685772412013]}}, "street_tally": [0.0, 0.0, 1.0]}