{"nature_results": {"Single Carriageway": {"mae": 7.9049378990522552, "mse": 92.966854859205, "best_function": 1, "parameters": [-2.3574211412417676, -3.2129627734240218, -1.9298069528214761, 2.1721451120440727, 0.56421154399455431, 1.5336150325657747, 1.0, 27.50490255058784]}}, "street_tally": [0.0, 1.0, 0.0]}