{"nature_results": {"Traffic Island Link At Junction": {"mae": 12.488955180982598, "mse": 188.61723250159156, "best_function": 0, "parameters": [1.0, 1.0, 1.0, 1.0, 1.0, 1.0, 1.0]}, "Single Carriageway": {"mae": 22.918699514514049, "mse": 577.81771064782777, "best_function": 0, "parameters": [1.0, 1.0, 1.0, 1.0, 1.0, 1.0, 1.0]}, "Slip Road": {"mae": 5.787542863913524, "mse": 46.041046447323296, "best_function": 1, "parameters": [2.532224095136463, 1.0016978405375205, 1.0359161381077036, -0.20049646218406503, 1.4343876932714872, 0.36663018703371841, 1.0, 10.154875624943005]}, "Roundabout": {"mae": 10.141343813249264, "mse": 151.59061693943937, "best_function": 2, "parameters": [-2.3514517485742927, 3.4667186545930049, -0.64928672516463548, 1.0, -0.23239958064998611, 2.7587142059531802, -10.64306286872978, 14.40790802829871, 34.131754690324961]}, "Traffic Island Link": {"mae": 8.1160335059756203, "mse": 103.68241616407212, "best_function": 1, "parameters": [0.025878551919523929, 1.0022455306886877, 0.9963318202030359, 1.0531206837598464, 0.96793943610709443, -1.6150514368380815, 1.0, 34.283571263696629]}}, "street_tally": [2.0, 2.0, 1.0]}