{"nature_results": {"Slip Road": {"mae": 33.255217797113481, "mse": 1141.1670262341979, "best_function": 0, "parameters": [1.0, 1.0, 1.0, 1.0, 1.0, 1.0, 1.0]}, "Dual Carriageway": {"mae": 35.247115169045045, "mse": 1301.171505567653, "best_function": 0, "parameters": [1.0, 1.0, 1.0, 1.0, 1.0, 1.0, 1.0]}}, "street_tally": [2.0, 0.0, 0.0]}