{"nature_results": {"Dual Carriageway": {"mae": 21.871760604651424, "mse": 564.43111836333287, "best_function": 0, "parameters": [1.0, 1.0, 1.0, 1.0, 1.0, 1.0, 1.0]}}, "street_tally": [1.0, 0.0, 0.0]}