{"nature_results": {"Single Carriageway": {"mae": 5.2036359218439312, "mse": 42.884934922298328, "best_function": 2, "parameters": [-3.5234025053791473, 5.09642500344928, -2.6722264367350261, 1.0, 0.0097474227548962622, 0.00019609495786088171, -0.79094865545757265, 2.4445023420784571, 21.913636058670257]}}, "street_tally": [0.0, 0.0, 1.0]}