{"nature_results": {"Traffic Island Link At Junction": {"mae": 5.7704023221836351, "mse": 59.548580391584238, "best_function": 2, "parameters": [17.242926109071171, 12.346447129999838, -5.212310091733074, 1.0, -0.16377438607186989, 1.7946581961043706, -5.2287036802418383, 2.0732517261291115, 25.324047000988603]}, "Single Carriageway": {"mae": 6.3689481713821579, "mse": 69.495538474817963, "best_function": 2, "parameters": [1.9189976608268053, 2.8772587874965683, 0.29005378105684154, 1.0, -0.095144259356208849, 1.05540035024831, -3.5230089578653221, 3.453642847982723, 27.183472158390909]}, "Dual Carriageway": {"mae": 8.1079651911517239, "mse": 114.67315895624442, "best_function": 0, "parameters": [30.958087753626458, 23.292485468968366, -0.56890646756684426, 1.0, 0.54261655224734073, 0.77792054392362153, 22.096410810740537]}, "Slip Road": {"mae": 9.8278478566713723, "mse": 125.76696968146653, "best_function": 2, "parameters": [19.808851944490623, 3.7346930505635765, -12.260719433654479, 1.0, -0.018910915170872178, 0.10248863282040821, 1.0498495645727965, -5.7902900296237805, 27.919098635435159]}}, "street_tally": [1.0, 0.0, 3.0]}