{"nature_results": {"Slip Road": {"mae": 10.006959625838576, "mse": 168.39847619854285, "best_function": 2, "parameters": [1318.006366214312, 395.82764697520969, -2.1787566272502064, 1.0, 0.30668602638431508, -3.8507992812286282, 15.63429278579936, -20.569910049562878, 12.083427500994841]}}, "street_tally": [0.0, 0.0, 1.0]}