{"nature_results": {"Traffic Island Link At Junction": {"mae": 14.080002052705391, "mse": 218.83535114696414, "best_function": 0, "parameters": [1.0, 1.0, 1.0, 1.0, 1.0, 1.0, 1.0]}, "Single Carriageway": {"mae": 19.59279391593893, "mse": 413.75607013621538, "best_function": 0, "parameters": [1.0, 1.0, 1.0, 1.0, 1.0, 1.0, 1.0]}, "Traffic Island Link": {"mae": 5.3312334875170357, "mse": 48.398955833026527, "best_function": 1, "parameters": [2.0547087862412292, 0.9894316283527379, 1.0327883700893936, 0.032590668118360755, 1.3489654678789844, 6.2353130344922283, 1.0, 25.639575999855559]}}, "street_tally": [2.0, 1.0, 0.0]}