{"nature_results": {"Single Carriageway": {"mae": 11.593067053889497, "mse": 208.39864884623589, "best_function": 0, "parameters": [1.0, 1.0, 1.0, 1.0, 1.0, 1.0, 1.0]}}, "street_tally": [1.0, 0.0, 0.0]}