{"nature_results": {"Single Carriageway": {"mae": 4.2396683662890169, "mse": 23.16066250166989, "best_function": 1, "parameters": [2.5440541618736896, 0.87291456588084426, 0.90247235595963404, -0.22273362797921625, 1.4467649667355897, 1.2712904618075538, 1.0, 9.7284228982989092]}}, "street_tally": [0.0, 1.0, 0.0]}