{"nature_results": {"Single Carriageway": {"mae": 27.142360489970422, "mse": 780.95557850615683, "best_function": 0, "parameters": [1.0, 1.0, 1.0, 1.0, 1.0, 1.0, 1.0]}, "Roundabout": {"mae": 10.328502790787248, "mse": 211.33961702108931, "best_function": 2, "parameters": [-2.2075270616926934, 1.8804624651183075, -5.9364633407276042, 1.0, 0.22374541505356416, -2.6887936414021234, 9.9304625647893907, -11.041291858464582, 34.023547300372108]}, "Traffic Island Link": {"mae": 6.1945909616009622, "mse": 65.176400060332071, "best_function": 2, "parameters": [8.224975063796844, 2.1468287216874575, 1.0226837230439352, 1.0, 0.08324073064199955, -1.2784575252010093, 5.6990118458459991, -6.8430633086495751, 35.743159442199023]}, "Traffic Island Link At Junction": {"mae": 2.9645067216107384, "mse": 14.392871366451725, "best_function": 2, "parameters": [2.2236498837546019, 1.1237499906440802, 1.5237206320910865, 1.0, 0.07874035825404202, -1.0909641941124733, 4.5985339562566843, -5.7556528644334382, 23.433071762306326]}, "Slip Road": {"mae": 8.5245273110936246, "mse": 110.42098610875992, "best_function": 0, "parameters": [1.0, 1.0, 1.0, 1.0, 1.0, 1.0, 1.0]}, "Dual Carriageway": {"mae": 9.4954586975117188, "mse": 172.04251138869498, "best_function": 2, "parameters": [-2.0078376069717412, 2.4009573318477466, 1.4358181427499184, 1.0, -0.15390706709176771, 1.6907361974214679, -6.0339824921017691, 8.6495792517451235, 21.35346611013739]}}, "street_tally": [2.0, 0.0, 4.0]}