{"nature_results": {"Dual Carriageway": {"mae": 22.261464265659161, "mse": 560.22845242193512, "best_function": 0, "parameters": [1.0, 1.0, 1.0, 1.0, 1.0, 1.0, 1.0]}, "Roundabout": {"mae": 8.549342962819761, "mse": 132.31399001002245, "best_function": 1, "parameters": [4.7814186056694652, 1.0138507467291968, 1.0357081466223719, -1.352347004577334, 1.8689352847762692, 2.0387791609160484, 1.0, 19.200795225658759]}}, "street_tally": [1.0, 1.0, 0.0]}