{"nature_results": {"Traffic Island Link At Junction": {"mae": 5.5362266893698182, "mse": 46.904923033143525, "best_function": 0, "parameters": [3.4893369861519981, 8.9859799620832916, 1.7504135749241267, 1.0, 0.013867290137365096, 0.95726351999995019, 21.936722421442788]}, "Single Carriageway": {"mae": 20.614045487701308, "mse": 468.00626901548588, "best_function": 0, "parameters": [1.0, 1.0, 1.0, 1.0, 1.0, 1.0, 1.0]}, "Roundabout": {"mae": 12.971752416333668, "mse": 240.85412653094207, "best_function": 1, "parameters": [4.134497539608109, -2.0907979859557599, -0.13434901890088247, -1.1956199966029271, 1.8377368212858336, 3.5648051631247575, 1.0, 29.249187324439056]}}, "street_tally": [2.0, 1.0, 0.0]}