{"nature_results": {"Traffic Island Link At Junction": {"mae": 8.4256384859083848, "mse": 990.99112950600738, "best_function": 0, "parameters": [13.197741571638456, 6.7407702853753158, -0.85744913772554798, 1.0, -0.82783340001895911, 1.3019380353106409, 22.475884417457355]}, "Single Carriageway": {"mae": 6.1190767676812499, "mse": 97.781194614363656, "best_function": 2, "parameters": [3.8256293628054485, 2.8466480544167689, -0.90538562938203215, 1.0, -0.057436360303865674, 0.67997881572497509, -2.7742996224608336, 4.6320398058476284, 25.65086825365254]}}, "street_tally": [1.0, 0.0, 1.0]}