{"nature_results": {"Single Carriageway": {"mae": 20.212789104402972, "mse": 479.19755555657144, "best_function": 0, "parameters": [1.0, 1.0, 1.0, 1.0, 1.0, 1.0, 1.0]}, "Slip Road": {"mae": 5.0781859001784948, "mse": 44.708161974155566, "best_function": 1, "parameters": [3.4964723098659451, 3.5664015032236893, 2.1780224861218418, -0.75785004339265893, 1.6622935649840924, -0.065800604319012912, 1.0, 4.3184292278792409]}}, "street_tally": [1.0, 1.0, 0.0]}