{"nature_results": {"Single Carriageway": {"mae": 12.471146406494666, "mse": 232.09996127779834, "best_function": 0, "parameters": [1.0, 1.0, 1.0, 1.0, 1.0, 1.0, 1.0]}, "Slip Road": {"mae": 6.2731772761806193, "mse": 85.836996025530851, "best_function": 2, "parameters": [62.182531023903543, 51.021906144277196, -6.287257087828916, 1.0, -0.089608266451042917, 0.66082156145918913, -0.030749554860660666, -1.9738263262653484, 22.566384620706213]}}, "street_tally": [1.0, 0.0, 1.0]}