{"nature_results": {"Traffic Island Link At Junction": {"mae": 6.4254661940074618, "mse": 67.846010522434042, "best_function": 2, "parameters": [7.7891175706506823, 6.7036959463406092, -0.57994549597316847, 1.0, -0.031022451482492164, 0.43410036337333957, -2.1987282651946147, 4.5143242797503174, 6.1266210618855395]}, "Single Carriageway": {"mae": 4.4954729609214112, "mse": 34.174102774801, "best_function": 2, "parameters": [6.0669930060184649, 1.5118268348881538, 1.1177689845445438, 1.0, -0.012057160200795058, 0.089071263914940357, -0.49933433518346471, 2.0371981873639022, 25.184225012712488]}}, "street_tally": [0.0, 0.0, 2.0]}