{"nature_results": {"Traffic Island Link At Junction": {"mae": 7.5134217517047572, "mse": 114.71584640216189, "best_function": 2, "parameters": [3.8305326924392631, 6.4028744884986368, 0.8123362098315956, 1.0, 0.034211127046017253, -0.53382995134363642, 1.9761851838797444, 0.078969384360192407, 24.234492306368647]}, "Single Carriageway": {"mae": 5.3872317433701395, "mse": 55.764515720924237, "best_function": 2, "parameters": [0.15150174396661775, 2.4751392856677263, 1.2810398335523911, 1.0, -0.019901859403376188, 0.21232166893503568, -0.94851706088681431, 2.6443917322451851, 24.733325439973601]}, "Dual Carriageway": {"mae": 20.946971529344491, "mse": 510.84519662599945, "best_function": 0, "parameters": [1.0, 1.0, 1.0, 1.0, 1.0, 1.0, 1.0]}, "Traffic Island Link": {"mae": 8.4309072814255046, "mse": 132.88676647584197, "best_function": 2, "parameters": [10.347605448020946, 1.8532404482306217, 1.5840617802720764, 1.0, -0.10012136213326284, 1.3741756032460279, -5.6904755107785618, 6.6151466699223773, 27.354313202215252]}}, "street_tally": [1.0, 0.0, 3.0]}