{"nature_results": {"Single Carriageway": {"mae": 10.044697080567389, "mse": 165.71454556166762, "best_function": 1, "parameters": [1.9345667626990561, 0.95293727154004426, 0.99506379216804153, 0.088721584605680248, 1.3289883931727182, 2.8574763761537962, 1.0, 23.695323742996042]}}, "street_tally": [0.0, 1.0, 0.0]}