{"nature_results": {"Traffic Island Link At Junction": {"mae": 4.0225548338739445, "mse": 27.39239476889367, "best_function": 2, "parameters": [-0.66285032793979148, 0.068500800653338079, 0.076431941782156954, 1.0, -0.022992431655023626, 0.2055781198181611, -0.61900634818981359, 1.0685421231413659, 20.4410654989398]}, "Single Carriageway": {"mae": 4.0108680686807867, "mse": 30.596154352444149, "best_function": 0, "parameters": [1.9535555732771377, 5.0939764847472482, -0.10566419455038134, 1.0, 1.7327461333577696, 0.1025079882392963, 27.807425960956628]}, "Dual Carriageway": {"mae": 5.2874521484167651, "mse": 52.713202204608017, "best_function": 2, "parameters": [1.5674956785090721, 1.0840506004543846, -0.38626182626174477, 1.0, 0.061404056457842415, -0.85792149217520497, 3.6925133608638263, -4.3863680110528831, 27.020093928123927]}, "Roundabout": {"mae": 9.1753243784910943, "mse": 151.58853584309909, "best_function": 2, "parameters": [1.2771055767673438, 0.71217106371016348, 0.52066821569661581, 1.0, 0.055381875066304098, -0.79150158889865985, 3.1284883359805726, -3.0888578971697624, 28.144445296056659]}}, "street_tally": [1.0, 0.0, 3.0]}