{"nature_results": {"Single Carriageway": {"mae": 16.243319867964669, "mse": 357.54576554784234, "best_function": 0, "parameters": [-7.0490919829497614, 6.77633911457057, -2.2965774113540589, 1.0, -1.9635433337807222, 1.4109363710421181, 36.695457044774088]}}, "street_tally": [1.0, 0.0, 0.0]}