{"nature_results": {"Single Carriageway": {"mae": 8.5831977968337281, "mse": 91.507455837484372, "best_function": 1, "parameters": [-4.9105991034981749, -3.4023738801900754, -0.33886217194105273, 3.4090588311509067, 0.1097024380465077, 3.5987240799291524, 1.0, 38.584371962015979]}}, "street_tally": [0.0, 1.0, 0.0]}