{"nature_results": {"Single Carriageway": {"mae": 6.1538231040713747, "mse": 724.16487971230345, "best_function": 0, "parameters": [4.8950029063093892, 8.4104946080109038, 0.81891561319563377, 1.0, 1.4263374739586938, 0.37819201219981557, 18.896576122312624]}, "Slip Road": {"mae": 7.8439506222848285, "mse": 108.05393897967514, "best_function": 0, "parameters": [1.0, 1.0, 1.0, 1.0, 1.0, 1.0, 1.0]}}, "street_tally": [2.0, 0.0, 0.0]}