{"nature_results": {"Traffic Island Link At Junction": {"mae": 8.8528994055171708, "mse": 124.07877043376303, "best_function": 2, "parameters": [-4.7821217813717718, 0.13797648374280247, 1.2794993902777922, 1.0, -0.078415281254615943, 0.84864654447045884, -2.7180696586350144, 2.4458052317464238, 24.115668248802667]}, "Single Carriageway": {"mae": 5.3399695370740696, "mse": 50.826398024370597, "best_function": 2, "parameters": [-1.6720498753632937, 3.4621000498575674, -0.054077387308825609, 1.0, -0.040305182739598155, 0.38581882453197303, -1.248683924795607, 1.825953919614745, 29.012234619039113]}, "Roundabout": {"mae": 16.279950477888313, "mse": 406.10239260606818, "best_function": 1, "parameters": [1.4473539406859532, 0.99986461882064548, 1.0014379983021604, 0.29688131213390911, 1.257516563258295, 1.2372547310383368, 1.0, 23.201397763519608]}, "Traffic Island Link": {"mae": 4.7257106213778712, "mse": 45.482852319332466, "best_function": 2, "parameters": [-0.6665217475431946, 4.3688269767706585, -0.46806501670715073, 1.0, -0.003454337203954605, -0.13333642269556223, 1.3935584426209238, -3.51932538569252, 35.085981279993455]}}, "street_tally": [0.0, 1.0, 3.0]}