{"nature_results": {"Traffic Island Link At Junction": {"mae": 5.817791025832352, "mse": 43.388846894820972, "best_function": 2, "parameters": [141.4236590515834, 89.949790509692548, 8.3235797566633387, 1.0, -0.28229563646768119, 4.2433604791984791, -20.870324492682453, 34.613240233942797, -6.4876004439470973]}, "Single Carriageway": {"mae": 8.0489536775510988, "mse": 118.23612142425506, "best_function": 1, "parameters": [1.7479620204602664, 1.0033249472451902, 1.0034216912642668, 0.18074996926441289, 1.2947775129867953, -1.0091215414219228, 1.0, 23.211477540039795]}}, "street_tally": [0.0, 1.0, 1.0]}