{"nature_results": {"Single Carriageway": {"mae": 5.8974724726990306, "mse": 56.315983360062468, "best_function": 1, "parameters": [3.8203775623000196, 1.0751048611708103, 1.05085689276358, -0.88643677317609515, 1.698155127307428, 1.6764943598011695, 1.0, 26.784243435124342]}}, "street_tally": [0.0, 1.0, 0.0]}