{"nature_results": {"Dual Carriageway": {"mae": 5.74259178425066, "mse": 49.055254272258395, "best_function": 2, "parameters": [16.686112856941826, 15.839926863086811, -0.31191091854382114, 1.0, -0.099305329911556495, 1.2499252921999884, -4.9812775928223143, 6.3020730512873513, 26.081123544555641]}}, "street_tally": [0.0, 0.0, 1.0]}