{"nature_results": {"Single Carriageway": {"mae": 30.551070518932079, "mse": 994.44467109198899, "best_function": 0, "parameters": [1.0, 1.0, 1.0, 1.0, 1.0, 1.0, 1.0]}, "Roundabout": {"mae": 28.108854969322877, "mse": 963.53709503023856, "best_function": 0, "parameters": [1.0, 1.0, 1.0, 1.0, 1.0, 1.0, 1.0]}, "Traffic Island Link": {"mae": 33.634469263574573, "mse": 1198.5527084281516, "best_function": 0, "parameters": [1.0, 1.0, 1.0, 1.0, 1.0, 1.0, 1.0]}, "Traffic Island Link At Junction": {"mae": 18.861043622634284, "mse": 559.96578239787209, "best_function": 1, "parameters": [0.069775831963372115, 1.0213905008108406, 1.012533709084551, 0.92890932491641887, 1.0321400295713783, -0.67844572525236502, 1.0, 31.849296968232228]}, "Slip Road": {"mae": 7.6927951308773581, "mse": 90.588917321866887, "best_function": 0, "parameters": [1.0, 1.0, 1.0, 1.0, 1.0, 1.0, 1.0]}, "Dual Carriageway": {"mae": 9.1608143012772825, "mse": 130.96840671840573, "best_function": 2, "parameters": [1.73857746942064, 3.5733459931997982, -1.2812876882819837, 1.0, 0.025773396405990412, -0.39731388570696691, 2.0327684435819826, -3.8585548358083877, 31.411523646631323]}}, "street_tally": [4.0, 1.0, 1.0]}