{"nature_results": {"Single Carriageway": {"mae": 4.1932588432967872, "mse": 30.482333153145088, "best_function": 2, "parameters": [-1.8104093090164666, 5.7462708129684312, -1.3258793261453463, 1.0, -0.2826208589303012, 3.5684103171235173, -14.277102191765479, 18.226394637813922, 18.985224533695128]}, "Slip Road": {"mae": 5.7276396367964324, "mse": 52.591264757189848, "best_function": 0, "parameters": [1.0, 1.0, 1.0, 1.0, 1.0, 1.0, 1.0]}}, "street_tally": [1.0, 0.0, 1.0]}