{"nature_results": {"Traffic Island Link At Junction": {"mae": 7.6252151599463511, "mse": 96.211318397800156, "best_function": 2, "parameters": [-3.1427557945541205, 4.1861929056861413, 0.90364160284416273, 1.0, 0.14903335112253158, -1.7872423185210766, 5.7893307566419665, -3.0833251737671139, 24.809866918863271]}, "Single Carriageway": {"mae": 20.070390919446751, "mse": 472.22581973041599, "best_function": 0, "parameters": [1.0, 1.0, 1.0, 1.0, 1.0, 1.0, 1.0]}, "Slip Road": {"mae": 4.0140903186210233, "mse": 27.539943252318725, "best_function": 0, "parameters": [-4.9734543356054832, 1.0230841129551045, -1.4766721788524952, 1.0, 0.59092027821898307, 0.69772947644429717, 16.019007707365809]}, "Traffic Island Link": {"mae": 5.9452662319103746, "mse": 56.226550457456511, "best_function": 2, "parameters": [19.331176088168526, 16.502257152436371, -2.676504205931034, 1.0, 0.0021776135068394264, -0.26878868835655623, 2.37707574625871, -5.54061923265603, 32.890486640992734]}}, "street_tally": [2.0, 0.0, 2.0]}