{"nature_results": {"Single Carriageway": {"mae": 4.5354532645089565, "mse": 39.091274185349405, "best_function": 2, "parameters": [0.62968825617557733, 1.7857641659110173, -2.1102772742571836, 1.0, -0.26314550703995487, 3.1983684063282944, -12.114601420681383, 14.346604808332348, 22.768587649716341]}, "Traffic Island Link": {"mae": 4.7985243982256813, "mse": 41.471657964817354, "best_function": 2, "parameters": [0.55171764673766976, 5.2999965084290741, 1.8629674182814513, 1.0, -0.26869419747980028, 3.2671462671559248, -12.617990521417203, 16.409225483997233, 16.625522094645838]}}, "street_tally": [0.0, 0.0, 2.0]}