{"nature_results": {"Single Carriageway": {"mae": 6.5283340263239049, "mse": 94.675719460299291, "best_function": 2, "parameters": [0.85520691707399787, 0.53678190279616966, 0.44829123585506336, 1.0, -0.0013774987962813512, 0.12410496193758591, -1.3596531541446111, 4.1967124530069029, 18.097002705469063]}}, "street_tally": [0.0, 0.0, 1.0]}