{"nature_results": {"Traffic Island Link At Junction": {"mae": 18.933538099667093, "mse": 385.54273400364139, "best_function": 0, "parameters": [1.0, 1.0, 1.0, 1.0, 1.0, 1.0, 1.0]}, "Single Carriageway": {"mae": 5.8622726940721579, "mse": 58.28779646657145, "best_function": 2, "parameters": [0.090495498301294441, 3.3331134193805578, -0.33774621356398238, 1.0, -0.10875374016635275, 0.95707110300029941, -1.5923583119664819, -1.7461661603361947, 29.454355636773307]}}, "street_tally": [1.0, 0.0, 1.0]}