{"nature_results": {"Single Carriageway": {"mae": 6.1445531509609665, "mse": 91.44817900374791, "best_function": 0, "parameters": [1.7991000919612361, 4.9611490741084658, 0.48805601155369049, 1.0, 0.021048669479622806, 1.0637841698638206, 32.9578913837614]}, "Slip Road": {"mae": 6.7063507530035578, "mse": 64.539101506827137, "best_function": 0, "parameters": [3.7181856339827695, 3.7736325236887853, 0.24676462645096764, 1.0, -0.39712328802481167, 1.0386758339476614, 20.759866105147111]}}, "street_tally": [2.0, 0.0, 0.0]}