{"nature_results": {"Traffic Island Link At Junction": {"mae": 16.418217057574566, "mse": 368.17148633815475, "best_function": 0, "parameters": [1.0, 1.0, 1.0, 1.0, 1.0, 1.0, 1.0]}, "Single Carriageway": {"mae": 14.675084161206737, "mse": 292.09180309793084, "best_function": 0, "parameters": [1.0, 1.0, 1.0, 1.0, 1.0, 1.0, 1.0]}, "Dual Carriageway": {"mae": 5.4641491022431161, "mse": 50.223339978112648, "best_function": 2, "parameters": [-4.1118765294511253, 2.2510854892992747, -0.54368262181427562, 1.0, 0.0048728691039904293, 0.068450930904586316, -1.1722743397486548, 3.9502884834653837, 17.617547454824191]}}, "street_tally": [2.0, 0.0, 1.0]}