{"nature_results": {"Traffic Island Link At Junction": {"mae": 8.61430111073315, "mse": 123.05800078184181, "best_function": 1, "parameters": [3.1300848128646193, 0.97100634260139873, 0.97518656468218179, -0.49958884464751319, 1.5469106596950302, -0.3969343074684486, 1.0, 18.721930752859411]}, "Single Carriageway": {"mae": 7.7519512292771866, "mse": 98.981519012359897, "best_function": 1, "parameters": [2.2959525776525798, 1.0798397848568286, 1.1114933291459939, -0.14823571930731738, 1.42786654346996, 2.0639037283458235, 1.0, 32.025533829778261]}, "Dual Carriageway": {"mae": 5.1716136342125836, "mse": 47.295366587293522, "best_function": 2, "parameters": [36.832361855564869, 40.091223098200579, 3.1266906006590518, 1.0, 0.33456445364361576, -4.4127780890921517, 17.011248167932575, -16.046215051089241, 28.374603960086279]}}, "street_tally": [0.0, 2.0, 1.0]}