{"nature_results": {"Traffic Island Link At Junction": {"mae": 33.845940064188149, "mse": 11870.847524390942, "best_function": 1, "parameters": [0.19479716723659568, 0.99440986888374883, 1.014919549354381, 0.9486781055704091, 1.011196695705042, -1.6795075111577922, 1.0, 16.148300768949873]}, "Single Carriageway": {"mae": 5.5704092721518537, "mse": 60.437322444406561, "best_function": 2, "parameters": [1.1323951800863445, 3.7809284958006195, -0.99205016255448863, 1.0, -0.0310729759550461, 0.27066385986582664, -0.76385687596897722, 1.2205072939374724, 30.708841227181683]}, "Dual Carriageway": {"mae": 5.8208112706570425, "mse": 61.258199449312137, "best_function": 2, "parameters": [1.289491362310468, 2.5265863679605856, -1.2943691661033503, 1.0, 0.045142991740796612, -0.65796745405936119, 2.7025737812284252, -2.7666352463129873, 28.91541772636873]}, "Slip Road": {"mae": 10.048996993232496, "mse": 141.65727986605987, "best_function": 0, "parameters": [1.0, 1.0, 1.0, 1.0, 1.0, 1.0, 1.0]}}, "street_tally": [1.0, 1.0, 2.0]}