{"nature_results": {"Single Carriageway": {"mae": 4.2279730963665365, "mse": 32.209537541836987, "best_function": 2, "parameters": [0.35937253220560561, 4.6120165167223419, -0.9149301000468224, 1.0, -0.06841551743831964, 0.73217642197170951, -2.6958693308147668, 4.1516658396840356, 35.257360862605751]}, "Dual Carriageway": {"mae": 5.7711788794902716, "mse": 60.384825318197137, "best_function": 2, "parameters": [-1.7123434596664704, 3.8713358216647564, -1.5310135252009638, 1.0, -0.12850080873346004, 1.3397936857789841, -4.2725121453106176, 4.3484850582431687, 29.30951140686895]}}, "street_tally": [0.0, 0.0, 2.0]}