{"nature_results": {"Traffic Island Link At Junction": {"mae": 18.914558670409928, "mse": 446.69012896217737, "best_function": 0, "parameters": [1.0, 1.0, 1.0, 1.0, 1.0, 1.0, 1.0]}, "Single Carriageway": {"mae": 5.4209052965715605, "mse": 56.190914883489903, "best_function": 2, "parameters": [0.46738536130972796, 0.39413102480589401, 1.3212317177905255, 1.0, -0.04430292508379341, 0.39492832914604936, -0.91410167115002694, 0.36348463722369206, 25.138385272455768]}, "Dual Carriageway": {"mae": 7.422748560810823, "mse": 97.753248287497044, "best_function": 2, "parameters": [1.1533257698481862, 10.104470052064144, 0.44502112317932851, 1.0, -0.0065763469662043494, 0.020767754005670103, 0.098346915893159692, -0.077720072347374547, 17.235674527287017]}}, "street_tally": [1.0, 0.0, 2.0]}