{"nature_results": {"Traffic Island Link At Junction": {"mae": 8.1455762914107197, "mse": 118.24086903839104, "best_function": 2, "parameters": [8.1870396295674759, 5.9076274484873279, 0.41502653350391572, 1.0, 0.073414869697663532, -0.99228181845117525, 4.0961875417926805, -4.8235568090642698, 22.244130240846999]}, "Single Carriageway": {"mae": 5.3181093600799096, "mse": 57.79868245472737, "best_function": 2, "parameters": [-1.7902309418897144, 2.8051001454738556, -0.66604183600298028, 1.0, 0.005963656593697686, -0.25339962127011728, 1.6890516769205428, -2.9515616131463247, 32.542882647037658]}, "Dual Carriageway": {"mae": 7.8597646443492097, "mse": 181.47304937625714, "best_function": 1, "parameters": [-0.033722710274274537, 1.0069617199787992, 1.0261564162431565, 1.0248483176071652, 0.98876179618948745, -1.1651317906800585, 1.0, 30.198438636569843]}, "Traffic Island Link": {"mae": 28.795496809813567, "mse": 879.94417687341831, "best_function": 0, "parameters": [1.0, 1.0, 1.0, 1.0, 1.0, 1.0, 1.0]}}, "street_tally": [1.0, 1.0, 2.0]}