{"nature_results": {"Single Carriageway": {"mae": 6.176058303626033, "mse": 78.873684970012533, "best_function": 2, "parameters": [4.5797882025714411, 5.2828631622516866, 0.032736307025212019, 1.0, -0.035464270323003033, 0.31613732896595714, -0.69009145258027349, 0.27798028328050817, 20.056911449624724]}}, "street_tally": [0.0, 0.0, 1.0]}