{"nature_results": {"Traffic Island Link At Junction": {"mae": 14.347321370791597, "mse": 241.37577879040546, "best_function": 0, "parameters": [1.0, 1.0, 1.0, 1.0, 1.0, 1.0, 1.0]}, "Single Carriageway": {"mae": 4.6343213958804643, "mse": 41.353262969714386, "best_function": 2, "parameters": [-19.689220843570023, 1.9006401716201391, 0.85980493509707978, 1.0, -0.18776369530544312, 2.0009615445422511, -6.1615389647738379, 6.0909513590615543, 28.019510629778761]}, "Dual Carriageway": {"mae": 4.612024428021317, "mse": 35.377891206425062, "best_function": 2, "parameters": [-5.4302039150239727, 9.1959887010830688, 0.49885011193115247, 1.0, -0.16887863545995607, 1.7720385638027174, -5.27012211909783, 4.0037187394569616, 32.327078063489388]}}, "street_tally": [1.0, 0.0, 2.0]}