{"nature_results": {"Single Carriageway": {"mae": 15.034724665924843, "mse": 239.45522704384754, "best_function": 0, "parameters": [1.0, 1.0, 1.0, 1.0, 1.0, 1.0, 1.0]}}, "street_tally": [1.0, 0.0, 0.0]}