{"nature_results": {"Single Carriageway": {"mae": 4.864340799380507, "mse": 40.012625947250143, "best_function": 0, "parameters": [-0.85198155578810675, 0.031436848222262004, -2.4465893904672846, 1.0, -0.029097109476849514, 0.90749341149586182, 31.571720436126313]}}, "street_tally": [1.0, 0.0, 0.0]}