{"nature_results": {"Traffic Island Link At Junction": {"mae": 12.480387520943394, "mse": 186.54207044101847, "best_function": 0, "parameters": [1.0, 1.0, 1.0, 1.0, 1.0, 1.0, 1.0]}, "Single Carriageway": {"mae": 17.803735607980666, "mse": 380.0281895830787, "best_function": 0, "parameters": [1.0, 1.0, 1.0, 1.0, 1.0, 1.0, 1.0]}}, "street_tally": [2.0, 0.0, 0.0]}