{"nature_results": {"Single Carriageway": {"mae": 14.529059723400467, "mse": 253.72737828451164, "best_function": 0, "parameters": [1.0, 1.0, 1.0, 1.0, 1.0, 1.0, 1.0]}}, "street_tally": [1.0, 0.0, 0.0]}