{"nature_results": {"Single Carriageway": {"mae": 3.7561440589134985, "mse": 23.082601088757901, "best_function": 1, "parameters": [2.1844551843907278, 1.1497121831712669, 1.1184119912463975, -0.091722115625577194, 1.4066042122751561, 0.027254052436149645, 1.0, 18.562506482012683]}}, "street_tally": [0.0, 1.0, 0.0]}