{"nature_results": {"Traffic Island Link At Junction": {"mae": 4.1418372367274969, "mse": 27.715383337097585, "best_function": 0, "parameters": [0.37497498704051391, 7.0014444935296449, -0.13029146186491269, 1.0, 2.0661333011656167, 0.04067262693311291, 16.157220675958293]}, "Single Carriageway": {"mae": 4.1308586123241229, "mse": 29.882079749098018, "best_function": 0, "parameters": [8.3347583550475193, 6.320435302379634, -0.89644137763899923, 1.0, 2.310884645911913, 0.11914527779410711, 22.58687748870841]}, "Roundabout": {"mae": 15.210587847890132, "mse": 337.04353520646868, "best_function": 0, "parameters": [1.0, 1.0, 1.0, 1.0, 1.0, 1.0, 1.0]}}, "street_tally": [3.0, 0.0, 0.0]}