{"nature_results": {"Traffic Island Link At Junction": {"mae": 5.3672595687355882, "mse": 43.752982390899284, "best_function": 0, "parameters": [1.4418837375573716, 7.7953101614281541, 1.2108873904222919, 1.0, 0.50754427131998048, 0.90306847977779237, 18.826053569886277]}, "Single Carriageway": {"mae": 8.2553344935703965, "mse": 92.921446473566135, "best_function": 1, "parameters": [3.4428143412206524, 1.0287341649778197, 1.0354291006663259, -0.60355063478381066, 1.5760565824783321, 0.81337301346272195, 1.0, 17.133682386444637]}}, "street_tally": [1.0, 1.0, 0.0]}