{"nature_results": {"Traffic Island Link At Junction": {"mae": 3.9816256519551834, "mse": 27.058790042380259, "best_function": 2, "parameters": [47.687094670304525, 25.942666134668109, 3.8989528571036649, 1.0, -0.057729079913830361, 0.65494913289517487, -2.1449188664976755, 1.1316703107773183, 18.023350783805967]}, "Single Carriageway": {"mae": 5.2524908113596203, "mse": 50.256885536143649, "best_function": 2, "parameters": [-29.957504028486628, 1.1400395113140411, 2.1790683391996519, 1.0, -0.25171150781596019, 2.8728740001735034, -9.5772729935556509, 8.5846041254477718, 27.798161090991353]}, "Dual Carriageway": {"mae": 7.2639462843581342, "mse": 93.188331968595804, "best_function": 2, "parameters": [2.5796430869916476, 6.8797859761669278, 2.9774702613472712, 1.0, -0.3073662610504595, 3.7349701626310248, -14.318230082650818, 18.432748947413454, 12.806240617480604]}, "Slip Road": {"mae": 7.9162765466237701, "mse": 140.10008023807399, "best_function": 0, "parameters": [1.0, 1.0, 1.0, 1.0, 1.0, 1.0, 1.0]}}, "street_tally": [1.0, 0.0, 3.0]}