{"nature_results": {"Single Carriageway": {"mae": 23.343428421407481, "mse": 569.94170710570347, "best_function": 0, "parameters": [1.0, 1.0, 1.0, 1.0, 1.0, 1.0, 1.0]}, "Dual Carriageway": {"mae": 24.527435154429181, "mse": 631.07539919304406, "best_function": 0, "parameters": [1.0, 1.0, 1.0, 1.0, 1.0, 1.0, 1.0]}}, "street_tally": [2.0, 0.0, 0.0]}