{"nature_results": {"Traffic Island Link At Junction": {"mae": 16.918365801984994, "mse": 380.4346086628122, "best_function": 0, "parameters": [1.0, 1.0, 1.0, 1.0, 1.0, 1.0, 1.0]}, "Single Carriageway": {"mae": 23.414719585865289, "mse": 638.51265090422532, "best_function": 0, "parameters": [1.0, 1.0, 1.0, 1.0, 1.0, 1.0, 1.0]}}, "street_tally": [2.0, 0.0, 0.0]}