{"nature_results": {"Traffic Island Link At Junction": {"mae": 8.5910705650102432, "mse": 104.98409345491611, "best_function": 1, "parameters": [3.1758935204096352, 0.87916547508599585, 0.90761964455764144, -0.45239907997495266, 1.515881978054654, 1.1338343321574067, 1.0, 22.730106371903691]}, "Single Carriageway": {"mae": 14.684725717217679, "mse": 459.11390842774296, "best_function": 1, "parameters": [1.4096233347112563, 1.0052522586992039, 0.99744655574101115, 0.38447341886140485, 1.212242408048086, 0.65295409085474709, 1.0, 25.594795059611368]}, "Roundabout": {"mae": 24.188994123664713, "mse": 662.14449780555606, "best_function": 0, "parameters": [1.0, 1.0, 1.0, 1.0, 1.0, 1.0, 1.0]}, "Dual Carriageway": {"mae": 11.386083067879509, "mse": 254.40175764004451, "best_function": 1, "parameters": [1.5287147605392688, 1.0215857689852035, 1.0303251837758445, 0.31092017805731464, 1.2428561902269768, 1.5889173794529607, 1.0, 28.624373631076399]}, "Slip Road": {"mae": 5.8866785182773658, "mse": 60.808348246491441, "best_function": 2, "parameters": [-6.1406277533002127, 0.035318600435361613, 0.31880893159339152, 1.0, -0.11377851732490485, 1.3618474846917239, -5.004993925850612, 5.2629573660936781, 15.987483076570753]}}, "street_tally": [1.0, 3.0, 1.0]}