{"nature_results": {"Single Carriageway": {"mae": 6.0788304210703146, "mse": 58.27998387329351, "best_function": 2, "parameters": [10.935347220209128, 7.3077931211607341, 0.38464954734308132, 1.0, -0.065551523755956964, 0.86673189147737606, -3.4993245532142581, 3.4318663427104323, 18.648998354789978]}, "Slip Road": {"mae": 6.8818445839706452, "mse": 90.260623289828843, "best_function": 0, "parameters": [1.0, 1.0, 1.0, 1.0, 1.0, 1.0, 1.0]}}, "street_tally": [1.0, 0.0, 1.0]}