{"nature_results": {"Traffic Island Link At Junction": {"mae": 3.5882408679878837, "mse": 26.507682176704868, "best_function": 2, "parameters": [4.2632165866183378, 4.3536142499831954, 0.47376761599504202, 1.0, 0.036006468460176411, -0.57954054815583578, 2.7549066857818278, -3.7648170149997835, 17.11414399724595]}, "Single Carriageway": {"mae": 7.6559724851287285, "mse": 89.320055932460789, "best_function": 2, "parameters": [2.2991651576935004, 0.4327785337814154, 0.11255487547181264, 1.0, -0.038901152577392573, 0.61199218955468271, -3.2993149954759105, 5.4617093733773219, 23.855106193232544]}}, "street_tally": [0.0, 0.0, 2.0]}