{"nature_results": {"Traffic Island Link At Junction": {"mae": 16.307760928225854, "mse": 306.26164523701084, "best_function": 0, "parameters": [1.0, 1.0, 1.0, 1.0, 1.0, 1.0, 1.0]}, "Single Carriageway": {"mae": 18.213404112052352, "mse": 396.8659277285513, "best_function": 0, "parameters": [1.0, 1.0, 1.0, 1.0, 1.0, 1.0, 1.0]}, "Slip Road": {"mae": 4.6146931783223248, "mse": 36.371533354351769, "best_function": 0, "parameters": [38.066793851026233, 18.632383301207433, -0.76210093714825455, 1.0, -0.079588320326612338, 0.45645619308742125, 15.511810670445829]}}, "street_tally": [3.0, 0.0, 0.0]}