{"nature_results": {"Single Carriageway": {"mae": 8.2699640751279482, "mse": 144.56446225923639, "best_function": 2, "parameters": [13.266892818335981, 11.075023698577061, 0.78219527875572181, 1.0, 0.040176176878746861, -0.70826292421084314, 3.6866861655898435, -5.7978555313932185, 17.335941804456887]}, "Dual Carriageway": {"mae": 8.8167202994015508, "mse": 135.73922632085228, "best_function": 0, "parameters": [1.0, 1.0, 1.0, 1.0, 1.0, 1.0, 1.0]}}, "street_tally": [1.0, 0.0, 1.0]}