{"nature_results": {"Traffic Island Link At Junction": {"mae": 4.6324467841425419, "mse": 48.322149035285122, "best_function": 2, "parameters": [6.5259446040269076, 10.175668143145199, -1.0428138778261866, 1.0, 0.03604433370788418, -0.36775268107594572, 0.93021127377639046, -0.14316604516473852, 25.375478741909436]}, "Single Carriageway": {"mae": 59.853854083333751, "mse": 5877.0976713938062, "best_function": 1, "parameters": [0.74488000500810969, 1.0272550257831734, 1.0359069839201076, 0.65610988934620718, 1.1235495588076332, 0.38308220021884531, 1.0, 32.821012617767963]}, "Roundabout": {"mae": 18.332448618663481, "mse": 419.31360879461647, "best_function": 0, "parameters": [1.0, 1.0, 1.0, 1.0, 1.0, 1.0, 1.0]}, "Dual Carriageway": {"mae": 24.092097308918468, "mse": 679.47752583310626, "best_function": 0, "parameters": [1.0, 1.0, 1.0, 1.0, 1.0, 1.0, 1.0]}, "Traffic Island Link": {"mae": 10.39853514714599, "mse": 157.37301208089033, "best_function": 1, "parameters": [2.5802075891688823, 1.182176572306985, 1.1304667608975361, -0.22919703158077298, 1.4477332223945938, 1.8668164866376098, 1.0, 35.899941562655229]}}, "street_tally": [2.0, 2.0, 1.0]}