{"nature_results": {"Traffic Island Link At Junction": {"mae": 11.637693627799299, "mse": 269.75409350663801, "best_function": 1, "parameters": [1.6200015067312934, 0.99707764291057421, 1.0050359449182871, 0.26874443535035608, 1.2573923416091772, 1.035645519019943, 1.0, 24.260620405135452]}, "Single Carriageway": {"mae": 15.715881194489787, "mse": 566.3487232245551, "best_function": 1, "parameters": [1.4433878133295748, 0.999512310330539, 0.99659051941115273, 0.34359919387338755, 1.2313450255041001, 1.445111683106642, 1.0, 26.021362157093474]}, "Roundabout": {"mae": 15.015269641165778, "mse": 274.62632315243258, "best_function": 0, "parameters": [1.0, 1.0, 1.0, 1.0, 1.0, 1.0, 1.0]}, "Dual Carriageway": {"mae": 7.3227114226675454, "mse": 108.71954764716307, "best_function": 1, "parameters": [1.7623683316624468, 0.99723273218279906, 0.99177611035841584, 0.17505348239722673, 1.2959907838753406, 0.43035773834195112, 1.0, 28.755529323798363]}, "Slip Road": {"mae": 7.6655815461431835, "mse": 111.33369964895448, "best_function": 2, "parameters": [-4.7859912133434452, 2.9167758874861525, -2.8118969615012079, 1.0, 0.0066660194264436257, -0.33609459966611488, 2.5690223954059777, -4.8418085391196897, 30.091285423819155]}}, "street_tally": [1.0, 3.0, 1.0]}