{"nature_results": {"Traffic Island Link At Junction": {"mae": 8.6224659978087512, "mse": 118.17459030326525, "best_function": 0, "parameters": [1.0, 1.0, 1.0, 1.0, 1.0, 1.0, 1.0]}, "Single Carriageway": {"mae": 25.043640395399599, "mse": 723.98503361111557, "best_function": 0, "parameters": [1.0, 1.0, 1.0, 1.0, 1.0, 1.0, 1.0]}}, "street_tally": [2.0, 0.0, 0.0]}