{"nature_results": {"Single Carriageway": {"mae": 5.6970207963252033, "mse": 60.47144809410937, "best_function": 0, "parameters": [0.8638338754729078, 4.3216552705845803, 0.35955256428865001, 1.0, 1.3758059330995265, 0.31542799776914399, 24.277498363114137]}, "Dual Carriageway": {"mae": 6.7190390509406059, "mse": 80.070663026703826, "best_function": 2, "parameters": [-1.35181950891916, 1.5521840135280689, -0.49487954779813914, 1.0, -0.0049370508402384328, -0.14694435315000431, 1.3676997960867001, -2.1358178863781467, 22.248514085855636]}}, "street_tally": [1.0, 0.0, 1.0]}