{"nature_results": {"Single Carriageway": {"mae": 8.8879755702635492, "mse": 131.44384567787975, "best_function": 0, "parameters": [1.0, 1.0, 1.0, 1.0, 1.0, 1.0, 1.0]}, "Dual Carriageway": {"mae": 7.6929451896552354, "mse": 78.76621695935944, "best_function": 1, "parameters": [2.4642911337974942, 1.0182822925322175, 0.98920314066358705, -0.23444893153727264, 1.4602013871123467, -1.7490271995398907, 1.0, 15.792219983396141]}}, "street_tally": [1.0, 1.0, 0.0]}