{"nature_results": {"Single Carriageway": {"mae": 18.317921325903313, "mse": 394.43161975726633, "best_function": 0, "parameters": [1.0, 1.0, 1.0, 1.0, 1.0, 1.0, 1.0]}}, "street_tally": [1.0, 0.0, 0.0]}