{"nature_results": {"Traffic Island Link At Junction": {"mae": 7.4355207310714517, "mse": 85.890808378432112, "best_function": 2, "parameters": [44.737652714533155, 32.921451613003867, 2.8083781984000602, 1.0, -0.32241577441371194, 3.7072012767885565, -11.404379606352908, 3.2864938309596576, 22.546393314044789]}, "Single Carriageway": {"mae": 9.1791928461253836, "mse": 117.33038753411813, "best_function": 1, "parameters": [1.6697907779897561, 0.90341482585888166, 0.95944646359335628, 0.24871987105272586, 1.265801350806754, 2.6194946844273406, 1.0, 13.748848287398326]}}, "street_tally": [0.0, 1.0, 1.0]}