{"nature_results": {"Single Carriageway": {"mae": 4.7092378941159421, "mse": 44.269305578366009, "best_function": 2, "parameters": [2.8471442777197344, 1.5515716263599424, -2.2527126396781747, 1.0, 0.018665322923342775, -0.29514926067387703, 1.000372328461967, 0.33418191575339817, 33.056962323138194]}}, "street_tally": [0.0, 0.0, 1.0]}