{"nature_results": {"Traffic Island Link At Junction": {"mae": 16.726629720896593, "mse": 366.16297702639554, "best_function": 0, "parameters": [1.0, 1.0, 1.0, 1.0, 1.0, 1.0, 1.0]}, "Single Carriageway": {"mae": 7.2152377792742213, "mse": 258.45475293869805, "best_function": 1, "parameters": [1.9020932098494683, 1.0275125417408879, 1.0394431675565334, 0.10890987236987804, 1.3208057439286698, 0.04327078078533142, 1.0, 23.890916706937265]}}, "street_tally": [1.0, 1.0, 0.0]}