{"nature_results": {"Single Carriageway": {"mae": 18.882735507878486, "mse": 416.04009397526897, "best_function": 0, "parameters": [1.0, 1.0, 1.0, 1.0, 1.0, 1.0, 1.0]}, "Dual Carriageway": {"mae": 15.506354977499411, "mse": 308.5921967315773, "best_function": 0, "parameters": [1.0, 1.0, 1.0, 1.0, 1.0, 1.0, 1.0]}}, "street_tally": [2.0, 0.0, 0.0]}