{"nature_results": {"Single Carriageway": {"mae": 23.569199259545858, "mse": 645.35498317520251, "best_function": 0, "parameters": [1.0, 1.0, 1.0, 1.0, 1.0, 1.0, 1.0]}, "Slip Road": {"mae": 3.9112955206023194, "mse": 39.499759383263815, "best_function": 2, "parameters": [-1.8647505756492948, 1.3421212111603011, -2.5109342065224207, 1.0, 0.0057528481275125332, 0.170752188891371, -2.578694169167481, 8.9654586698133869, 15.656397099677887]}}, "street_tally": [1.0, 0.0, 1.0]}