{"nature_results": {"Single Carriageway": {"mae": 11.23303380832615, "mse": 242.77000431140226, "best_function": 1, "parameters": [1.5865597105943021, 1.004460484477504, 1.0131497154891194, 0.24880236650126242, 1.2724596956471736, -0.19154237118755946, 1.0, 20.832124064833756]}, "Dual Carriageway": {"mae": 8.6487216770208057, "mse": 105.98060784739579, "best_function": 0, "parameters": [1.0, 1.0, 1.0, 1.0, 1.0, 1.0, 1.0]}}, "street_tally": [1.0, 1.0, 0.0]}