{"nature_results": {"Traffic Island Link At Junction": {"mae": 18.639374192939524, "mse": 447.46470955433358, "best_function": 0, "parameters": [1.0, 1.0, 1.0, 1.0, 1.0, 1.0, 1.0]}, "Single Carriageway": {"mae": 5.5024294672694625, "mse": 62.722213662444787, "best_function": 2, "parameters": [1.7034630884308162, 6.2127494179563252, -0.018376438928676242, 1.0, -0.029402471845349609, 0.29077170718732648, -1.0494667997557157, 2.0662540831104694, 24.776583428138828]}, "Traffic Island Link": {"mae": 5.0914531336408082, "mse": 45.759487415278116, "best_function": 2, "parameters": [0.089467352580076542, 6.6033933642623666, -1.0837665260136626, 1.0, -0.082223420942274528, 0.73483270944713786, -1.8320921390948102, 2.4625944189997551, 26.686913523919838]}}, "street_tally": [1.0, 0.0, 2.0]}