{"nature_results": {"Single Carriageway": {"mae": 5.1196535914211472, "mse": 43.62229890162584, "best_function": 2, "parameters": [4.547437070270357, 8.4075949698308072, -0.53352773711319745, 1.0, -0.067642571686955311, 0.73418495967419517, -2.4956938791804903, 2.9733765586869501, 30.044485321619483]}, "Dual Carriageway": {"mae": 8.7440701756966419, "mse": 120.45599619979875, "best_function": 2, "parameters": [27.159370760555337, 38.760706200063048, 0.75414454203262882, 1.0, -0.13708855202622772, 1.671380575913471, -7.2209435450091952, 12.256682078738478, 17.893968884048313]}, "Traffic Island Link": {"mae": 4.8926790268358209, "mse": 36.760938940750812, "best_function": 2, "parameters": [1.4515093923555638, 5.5869547337501526, 0.6953117432235888, 1.0, -0.10947729464541367, 1.2492150694784503, -4.3932452328117408, 4.5408955161226991, 34.138192276007949]}}, "street_tally": [0.0, 0.0, 3.0]}