{"nature_results": {"Traffic Island Link At Junction": {"mae": 3.7457557729618212, "mse": 23.721167124554025, "best_function": 2, "parameters": [-2.1008457634765239, 4.9184695292154998, -2.592992063706594, 1.0, -0.0086213535140047259, 0.017287646410645396, -0.054054471036143248, 2.1111319263998678, 20.881766184037346]}, "Single Carriageway": {"mae": 3.8387442499950457, "mse": 28.520353877327214, "best_function": 2, "parameters": [-4.1256742289463926, 1.1051038083650342, -2.8044352244819115, 1.0, 0.085429147990644161, -1.160345642551087, 4.9210677076754044, -6.6072804915878125, 35.085409364037673]}}, "street_tally": [0.0, 0.0, 2.0]}