{"nature_results": {"Single Carriageway": {"mae": 6.6635350935336461, "mse": 74.61010953825415, "best_function": 2, "parameters": [1.696994244534348, 2.1933350988246549, 0.094617843278829272, 1.0, -0.024776989314580389, 0.34181858504653195, -1.5655067033152781, 2.2952818915441577, 19.609257411519806]}}, "street_tally": [0.0, 0.0, 1.0]}