{"nature_results": {"Traffic Island Link At Junction": {"mae": 4.6278144048303691, "mse": 38.146674391142113, "best_function": 2, "parameters": [11.253545541814448, 8.9482939870343259, 0.55091001301747411, 1.0, 0.02212555124159743, -0.36693847666254786, 1.4428015122214013, -0.2209261197834218, 32.608869473055819]}, "Single Carriageway": {"mae": 5.9413358747792353, "mse": 64.314167727154128, "best_function": 2, "parameters": [4.9588904279620305, 3.8978241248967511, 1.542646699843111, 1.0, 0.034856419130497196, -0.47666528446212664, 1.4997000680893688, 0.60882103758154149, 24.205152443109533]}, "Dual Carriageway": {"mae": 7.0913004714181929, "mse": 85.262859190483397, "best_function": 2, "parameters": [2.7006320035607381, 3.4685985684935079, 0.90992463982879701, 1.0, 0.034826636615933659, -0.4133553226804938, 0.98770575256609083, 1.3444982326272434, 23.809996087011307]}, "Traffic Island Link": {"mae": 6.7242732526353173, "mse": 86.25146677522585, "best_function": 1, "parameters": [2.0233185914251246, 0.98474148615510504, 0.99662964270735266, 0.040556543295897307, 1.3476629432395142, 0.92154986469406186, 1.0, 25.445341040428985]}}, "street_tally": [0.0, 1.0, 3.0]}