{"nature_results": {"Single Carriageway": {"mae": 17.928446642682598, "mse": 351.07124267199458, "best_function": 0, "parameters": [1.0, 1.0, 1.0, 1.0, 1.0, 1.0, 1.0]}}, "street_tally": [1.0, 0.0, 0.0]}