{"nature_results": {"Traffic Island Link At Junction": {"mae": 5.0285633118841613, "mse": 69.759015477265933, "best_function": 2, "parameters": [6.6964435058201559, 4.9567693969738329, 0.34994348546152598, 1.0, -0.032966723828207867, 0.35646608847211236, -1.3337399259435485, 1.4268983138499007, 20.372836022973782]}, "Single Carriageway": {"mae": 2.6645123302394023, "mse": 13.341092569197954, "best_function": 0, "parameters": [1.2727356019417084, 5.5478584103771214, 0.7144269625137678, 1.0, 0.0035132482492254979, 0.83577066550793799, 21.109561356331316]}}, "street_tally": [1.0, 0.0, 1.0]}