{"nature_results": {"Single Carriageway": {"mae": 5.5301562928994832, "mse": 212.87822032829192, "best_function": 2, "parameters": [2.8921884013334802, 6.9642451929512621, 0.70375818018947367, 1.0, -0.050623523871808684, 0.63912672891145883, -3.0822116768230936, 6.1254456070016685, 22.041954099910008]}, "Dual Carriageway": {"mae": 5.8725528996559229, "mse": 66.66020524366175, "best_function": 2, "parameters": [-0.46631791023517866, 0.11666960318883779, -0.11834661270095603, 1.0, -0.042599972978897283, 0.53478064261637481, -2.6215449786323131, 5.3749427179029396, 23.640551607676571]}}, "street_tally": [0.0, 0.0, 2.0]}