{"nature_results": {"Traffic Island Link At Junction": {"mae": 8.574113340758295, "mse": 140.12202129565017, "best_function": 0, "parameters": [1.0, 1.0, 1.0, 1.0, 1.0, 1.0, 1.0]}, "Single Carriageway": {"mae": 9.5634174749398984, "mse": 170.11544922613336, "best_function": 2, "parameters": [25.561834096337581, 15.51181418246215, 0.62587050801194644, 1.0, 0.049624804960330171, -0.55299113491388407, 1.8983265225346091, -1.9822502422260917, 19.689240214577747]}, "Dual Carriageway": {"mae": 4.4604131613793419, "mse": 39.972122850345421, "best_function": 2, "parameters": [-3.3666741507904989, 2.5285628772788971, -1.2267320250539271, 1.0, -0.05429006605062936, 0.60848767744280752, -2.2282341503708891, 2.8941801314686031, 47.763155490721282]}, "Slip Road": {"mae": 6.4599144823679699, "mse": 97.457114766098385, "best_function": 2, "parameters": [-8.113207209624278, 1.8393275490325336, -1.6655907880936422, 1.0, 0.038461530556977541, -0.41566484496528266, 0.99709138574435485, 0.87537264509352597, 37.420738554450644]}}, "street_tally": [1.0, 0.0, 3.0]}