{"nature_results": {"Single Carriageway": {"mae": 4.7075315322593214, "mse": 40.329606256082215, "best_function": 2, "parameters": [34.185811606160094, 23.293404606773784, 0.0059136164192139518, 1.0, 0.13052197914552766, -1.6187420872683225, 5.7985826300776555, -4.4986358740375607, 23.196677575244035]}, "Slip Road": {"mae": 3.7449844333441038, "mse": 24.208428333005397, "best_function": 2, "parameters": [-13.365969055962355, 3.6072920506234611, -0.97874376791511941, 1.0, 0.14769817655507156, -1.8467274002727763, 6.5343521544365695, -4.2920091130625817, 18.480912500045733]}}, "street_tally": [0.0, 0.0, 2.0]}