{"nature_results": {"Single Carriageway": {"mae": 3.7360587332448523, "mse": 27.625538292439888, "best_function": 2, "parameters": [-1.7784266326278213, 0.69223300249145059, -0.46393907181911076, 1.0, -0.0069898721625931692, 0.052030749601397197, -0.026139167465017099, -0.30716192854330782, 20.532062199192406]}, "Slip Road": {"mae": 4.9533642621926681, "mse": 58.14087111726181, "best_function": 2, "parameters": [18.1951717654206, 2.1110784419897497, -3.9300934612652973, 1.0, 0.17392653484867071, -1.9872803524223754, 6.7539649688446257, -6.5608262200201697, 23.99937976489862]}}, "street_tally": [0.0, 0.0, 2.0]}