{"nature_results": {"Single Carriageway": {"mae": 7.0327689507500333, "mse": 90.657307113763082, "best_function": 1, "parameters": [1.7751870103812306, 0.98864787119103226, 0.97530691313291473, 0.17758910315679666, 1.2938689721469476, 2.3918827836947232, 1.0, 19.009130218015159]}, "Dual Carriageway": {"mae": 6.4720307934094778, "mse": 68.655403883468679, "best_function": 2, "parameters": [-0.67472052023001683, 2.9787005827683499, 0.37726975738103175, 1.0, -0.062641313234200746, 0.64028217888604178, -2.1238734659534773, 3.0320311244993952, 21.03591079102663]}}, "street_tally": [0.0, 1.0, 1.0]}