{"nature_results": {"Traffic Island Link At Junction": {"mae": 7.5148408599059486, "mse": 96.466166206925209, "best_function": 2, "parameters": [-4.4867854312059876, 1.9716942562152751, 3.6110329561759102, 1.0, 0.037754569691769047, -0.40146436773084471, 0.98744513536151546, 0.59337763184970505, 21.004616414637795]}, "Single Carriageway": {"mae": 32.732122702534106, "mse": 4841.5637348969603, "best_function": 1, "parameters": [0.89479377766723578, 1.0034002283119552, 0.99805295230417457, 0.56126732370032417, 1.1617409783647983, 2.8667014291608401, 1.0, 24.212975078224996]}, "Dual Carriageway": {"mae": 42.482730352090684, "mse": 9249.9475355421127, "best_function": 1, "parameters": [0.4872361635941671, 1.0011359791155214, 0.99545322428622562, 0.75752204228831632, 1.0900405833302553, 2.0921327052118244, 1.0, 25.562652902411479]}}, "street_tally": [0.0, 2.0, 1.0]}