{"nature_results": {"Single Carriageway": {"mae": 7.7980412196116093, "mse": 118.53242684297929, "best_function": 1, "parameters": [1.7032572597468585, 0.95122125939242375, 0.95424760672130338, 0.15940098615281806, 1.3113470289717526, -1.9875553641547361, 1.0, 28.13828829802717]}}, "street_tally": [0.0, 1.0, 0.0]}