{"nature_results": {"Dual Carriageway": {"mae": 17.8956686511154, "mse": 360.52434233754286, "best_function": 0, "parameters": [1.0, 1.0, 1.0, 1.0, 1.0, 1.0, 1.0]}, "Roundabout": {"mae": 6.0915212522443341, "mse": 55.198634198236938, "best_function": 0, "parameters": [21.506290512210285, 24.052728364971831, 2.791345713256792, 1.0, 0.34976539889173686, 0.73078205870126911, 9.0992036727984402]}}, "street_tally": [2.0, 0.0, 0.0]}