{"nature_results": {"Traffic Island Link At Junction": {"mae": 27.544849634169953, "mse": 799.51414002999877, "best_function": 0, "parameters": [1.0, 1.0, 1.0, 1.0, 1.0, 1.0, 1.0]}, "Single Carriageway": {"mae": 9.059913359774189, "mse": 130.55890600720377, "best_function": 1, "parameters": [0.037555815229735723, 1.0049154596369485, 0.98748885339857417, 1.0341566770258588, 0.97657661260738182, -0.16885081014992176, 1.0, 32.703427087943503]}, "Dual Carriageway": {"mae": 8.6871861135599051, "mse": 122.35052212186268, "best_function": 1, "parameters": [1.9577445986715118, 1.0014863600236408, 0.99199260341293449, 0.035222399824130335, 1.3553896501462193, 0.23055487340634806, 1.0, 22.23879798923414]}}, "street_tally": [1.0, 2.0, 0.0]}