{"nature_results": {"Traffic Island Link At Junction": {"mae": 11.820994399003519, "mse": 173.37437260463273, "best_function": 0, "parameters": [1.0, 1.0, 1.0, 1.0, 1.0, 1.0, 1.0]}, "Single Carriageway": {"mae": 19.824386765597939, "mse": 436.64009049350904, "best_function": 0, "parameters": [1.0, 1.0, 1.0, 1.0, 1.0, 1.0, 1.0]}, "Traffic Island Link": {"mae": 4.4986099334448078, "mse": 36.545991195402898, "best_function": 2, "parameters": [29.228333431798514, 17.244775289062343, -0.1332241856010572, 1.0, -0.071457232766692469, 0.70593930864120669, -1.6312156882774631, -0.013676842982820459, 26.121777091841157]}}, "street_tally": [2.0, 0.0, 1.0]}