{"nature_results": {"Traffic Island Link At Junction": {"mae": 6.3657732015599091, "mse": 57.509675907158005, "best_function": 0, "parameters": [72.464049269720462, 40.048347060320353, -2.3997305479393174, 1.0, 1.4569349241824052, 0.094488206226190474, 15.084331797569606]}, "Single Carriageway": {"mae": 5.3379859351830898, "mse": 1066.4275311505123, "best_function": 2, "parameters": [9.8146690392810232, 7.8414559388401495, 0.055425986913745895, 1.0, -0.042878064205375876, 0.44176293261988386, -1.448358802707447, 1.9924528807463477, 24.805267875945756]}}, "street_tally": [1.0, 0.0, 1.0]}