{"nature_results": {"Single Carriageway": {"mae": 5.3743723699478014, "mse": 48.948132074916998, "best_function": 2, "parameters": [-2.0674524655993207, 0.82097329090354532, -0.097869398261425822, 1.0, 0.08172068692720813, -1.1307842825169065, 4.511012829023155, -4.2438285602587698, 31.160806475699008]}, "Dual Carriageway": {"mae": 21.393651412500532, "mse": 539.44000601339133, "best_function": 0, "parameters": [1.0, 1.0, 1.0, 1.0, 1.0, 1.0, 1.0]}, "Traffic Island Link": {"mae": 5.7713643390214413, "mse": 60.479368227188353, "best_function": 2, "parameters": [-4.7271570303584252, 5.1882099839304656, 0.20379569319580593, 1.0, 0.00088030779628867073, -0.10530554606886811, 0.62028344059200602, -0.14090226850119114, 37.286472160295645]}}, "street_tally": [1.0, 0.0, 2.0]}