{"nature_results": {"Dual Carriageway": {"mae": 14.95480568411309, "mse": 355.34141890465207, "best_function": 0, "parameters": [1.0, 1.0, 1.0, 1.0, 1.0, 1.0, 1.0]}}, "street_tally": [1.0, 0.0, 0.0]}