{"nature_results": {"Single Carriageway": {"mae": 5.3816528944780524, "mse": 40.855119326237798, "best_function": 1, "parameters": [3.0586880690416001, 0.53708300463669068, 1.1619369815231266, -0.42868548152081587, 1.5144860044994548, -4.348036462967209, 1.0, 15.392826131983444]}}, "street_tally": [0.0, 1.0, 0.0]}