{"nature_results": {"Single Carriageway": {"mae": 15.96155337641682, "mse": 302.26515669418467, "best_function": 0, "parameters": [1.0, 1.0, 1.0, 1.0, 1.0, 1.0, 1.0]}}, "street_tally": [1.0, 0.0, 0.0]}