{"nature_results": {"Traffic Island Link At Junction": {"mae": 217.48938441039232, "mse": 93247.3129958879, "best_function": 1, "parameters": [1.0, 1.0, 1.0, 1.0, 1.0, 1.0, 1.0, 1.0]}, "Single Carriageway": {"mae": 31.593907746730796, "mse": 1089.3868816416086, "best_function": 0, "parameters": [1.0, 1.0, 1.0, 1.0, 1.0, 1.0, 1.0]}, "Dual Carriageway": {"mae": 210.59760803641871, "mse": 81897.999361204362, "best_function": 1, "parameters": [1.0, 1.0, 1.0, 1.0, 1.0, 1.0, 1.0, 1.0]}, "Slip Road": {"mae": 52.731668697824254, "mse": 5781.1889116506272, "best_function": 1, "parameters": [0.74254523439168196, 1.2075217274386967, 1.0664164378839553, 0.5280026701945657, 1.1945606754998372, 5.4742929991732998, 1.0, 33.322478865103164]}}, "street_tally": [1.0, 3.0, 0.0]}