{"nature_results": {"Traffic Island Link At Junction": {"mae": 5.4393193279162109, "mse": 47.522383406468322, "best_function": 2, "parameters": [-0.47029189139189187, 3.2658778676956173, 2.7139788126678099, 1.0, 0.0027097859281669523, -0.23374056052828096, 2.5141459131900881, -8.7793744566233762, 27.762156062795352]}, "Single Carriageway": {"mae": 3.8977358194414307, "mse": 25.982977733353469, "best_function": 2, "parameters": [1.2236036414798703, 4.2032601908321512, 2.818637271143944, 1.0, -0.10421225199605755, 1.1329467810671854, -3.1088877564789339, -0.61063518028838248, 35.274238695950721]}, "Dual Carriageway": {"mae": 7.2236353531226909, "mse": 962.64088070538628, "best_function": 2, "parameters": [2.5669908227993838, 4.5002791251066219, 1.7388812603582995, 1.0, -0.10678936399703431, 1.3404637599616214, -4.7202707316018522, 3.3179810692011338, 41.104565880726959]}, "Roundabout": {"mae": 7.1371912624319034, "mse": 102.21792159339105, "best_function": 2, "parameters": [-9.8844852484206829, 15.513117574913247, -0.28893792291259701, 1.0, -0.21453209542318974, 2.7464071292028769, -10.481289468712268, 9.6329920884545555, 38.99498722322317]}}, "street_tally": [0.0, 0.0, 4.0]}