{"nature_results": {"Dual Carriageway": {"mae": 7.1628728281206575, "mse": 85.120541823020289, "best_function": 2, "parameters": [-1.4221792576486973, 9.2955878215776622, -1.1135078247313426, 1.0, -0.078543232469155289, 1.025406734207343, -4.4489767620547553, 6.165160669521768, 40.331034075580561]}}, "street_tally": [0.0, 0.0, 1.0]}