{"nature_results": {"Single Carriageway": {"mae": 5.6984903918194982, "mse": 51.315198769707514, "best_function": 1, "parameters": [3.1362511529740527, 0.97680405961525396, 0.97339909355515886, -0.53756998399869582, 1.5670668070011371, 0.84856563334880564, 1.0, 19.83591511056666]}}, "street_tally": [0.0, 1.0, 0.0]}