{"nature_results": {"Dual Carriageway": {"mae": 9.3869291922571012, "mse": 177.63904392928978, "best_function": 1, "parameters": [1.9538747134259082, 1.0733820779522403, 1.040209226128012, 0.10172400681757454, 1.3194715617838246, 0.0072998530041612497, 1.0, 41.499963681647536]}}, "street_tally": [0.0, 1.0, 0.0]}