{"nature_results": {"Single Carriageway": {"mae": 5.6723930462999048, "mse": 63.665691475047197, "best_function": 2, "parameters": [-0.052685891171577293, 2.2062095155537413, 0.40451301466975198, 1.0, 0.049520197027880575, -0.76983561185022298, 3.2281743118662569, -2.5773596333080078, 27.157691299872312]}}, "street_tally": [0.0, 0.0, 1.0]}