{"nature_results": {"Traffic Island Link At Junction": {"mae": 5.2347348929431066, "mse": 48.454587068901567, "best_function": 1, "parameters": [2.3289622847604603, 1.0123479168176721, 1.0171185275436967, -0.17553971785216227, 1.4394123678899997, 2.4615757469632857, 1.0, 26.508628626993627]}, "Single Carriageway": {"mae": 5.7572195246719753, "mse": 50.449657284179288, "best_function": 1, "parameters": [2.8354902927199896, 1.0064294953947155, 1.0208492979834909, -0.35228605397998325, 1.4917958279590104, 2.7173374138282984, 1.0, 11.7789441427238]}, "Dual Carriageway": {"mae": 5.6516489138947357, "mse": 54.993544255040561, "best_function": 1, "parameters": [2.6625975666953572, 1.0048261814578632, 1.0287654600824296, -0.29484003770133471, 1.4755951759521486, 2.7858189374986124, 1.0, 22.908879567077992]}, "Roundabout": {"mae": 62.230831281305534, "mse": 20617.916592530921, "best_function": 1, "parameters": [-0.21945280212388862, 1.0139063149848131, 1.0345836543043467, 1.1125836571101675, 0.95761634417379826, 1.8065485231794183, 1.0, 26.34625557749456]}}, "street_tally": [0.0, 4.0, 0.0]}