{"nature_results": {"Single Carriageway": {"mae": 6.8831750619612633, "mse": 82.327503962035522, "best_function": 2, "parameters": [19.850692666709701, 15.630098926098322, -0.78315866908796172, 1.0, -0.068183979902089797, 0.65329056796764307, -1.7106872328155394, 0.80397646890299068, 25.806544918083166]}, "Roundabout": {"mae": 5.4486028715498263, "mse": 56.68837319516966, "best_function": 2, "parameters": [1.3660409776336047, 0.58375164149305614, 0.47408689745987542, 1.0, -0.0075956474755949355, 0.037800503876167069, 0.23826128847442052, -1.2787785763394992, 20.909364487282545]}, "Dual Carriageway": {"mae": 8.9169351832621722, "mse": 141.70811194692948, "best_function": 2, "parameters": [-3.3664865978656291, 2.0265592476151091, -1.1835237864052841, 1.0, -0.028038276658529204, 0.25554024079510229, -0.74157564629726203, 0.87567133684857668, 46.09047888708222]}, "Slip Road": {"mae": 9.5717481263451631, "mse": 149.01913827544519, "best_function": 0, "parameters": [4.3273734139518449, 5.0422681909788247, -1.2179340321403189, 1.0, 0.089081579800134203, 0.87707857479776108, 32.227441997748329]}}, "street_tally": [1.0, 0.0, 3.0]}