{"nature_results": {"Single Carriageway": {"mae": 5.5847569425976573, "mse": 48.702201939772927, "best_function": 2, "parameters": [7.7658169589327786, 8.857817581016656, 2.9425034494625431, 1.0, -0.02932555215404542, 0.42234863948292733, -2.5351081725459546, 5.6658106260442169, 16.71674612652874]}}, "street_tally": [0.0, 0.0, 1.0]}