{"nature_results": {"Traffic Island Link At Junction": {"mae": 7.6260175700385329, "mse": 68.975430689331134, "best_function": 1, "parameters": [2.1388354602740751, 0.99217179768756569, 1.0057418667375282, -0.010154364287945361, 1.3653476227298449, -0.61582259373215131, 1.0, 9.5022563397076123]}, "Single Carriageway": {"mae": 5.9110718223281982, "mse": 58.048170002593729, "best_function": 1, "parameters": [1.9358447489630504, 0.96972977902976365, 0.98279839047609086, 0.10620642416428117, 1.3193579994578093, 0.32357353188063831, 1.0, 16.933641157555755]}, "Dual Carriageway": {"mae": 7.7831786103616984, "mse": 140.58395519137179, "best_function": 2, "parameters": [-0.46711829786274817, 1.1220148094487576, -1.40052758592938, 1.0, -0.01553778650641835, 0.093494335724913835, 0.066700589732737958, -0.25491927804200776, 21.565907629820913]}}, "street_tally": [0.0, 2.0, 1.0]}