{"nature_results": {"Traffic Island Link At Junction": {"mae": 5.4671412432700039, "mse": 50.562552796241441, "best_function": 2, "parameters": [11.146117438771801, 2.3418153542536597, 2.8629684411425629, 1.0, -0.031623212173748083, 0.41477335693830897, -1.8067663552781235, 2.2991933065781862, 27.65293213687908]}, "Single Carriageway": {"mae": 7.9734113893937169, "mse": 106.80707516436009, "best_function": 2, "parameters": [48.792826684479273, 36.962743328912694, 3.4220824204120985, 1.0, -0.012144101937269003, 0.14823422239318829, -0.50692906721744846, -0.33854164693150368, 44.870726620348918]}, "Traffic Island Link": {"mae": 5.5806337510009021, "mse": 51.224573213784154, "best_function": 2, "parameters": [55.114835401445838, 45.862832548181572, 0.83714076420139227, 1.0, -0.025029926719191797, 0.20215873454535072, -0.18382930240641615, -1.6045244791658524, 37.932577449682228]}}, "street_tally": [0.0, 0.0, 3.0]}