{"nature_results": {"Single Carriageway": {"mae": 22.655870473311492, "mse": 595.35452876395914, "best_function": 0, "parameters": [1.0, 1.0, 1.0, 1.0, 1.0, 1.0, 1.0]}}, "street_tally": [1.0, 0.0, 0.0]}