{"nature_results": {"Traffic Island Link At Junction": {"mae": 7.1755446801348493, "mse": 95.382556168777057, "best_function": 2, "parameters": [3.971710783781226, 1.5625036678457662, 0.0091218938974028108, 1.0, -0.10640721324986235, 1.2144335986269692, -4.2735921411899396, 4.0381981365338948, 42.043112156147004]}, "Single Carriageway": {"mae": 6.1848897780238223, "mse": 65.233307421410302, "best_function": 0, "parameters": [5.935224387100293, 0.70019239219958163, -1.9857934231925847, 1.0, 0.075478836397956384, 0.69664878095383431, 41.110269209804002]}, "Roundabout": {"mae": 13.928263785561649, "mse": 247.4534852098945, "best_function": 0, "parameters": [1.0, 1.0, 1.0, 1.0, 1.0, 1.0, 1.0]}, "Dual Carriageway": {"mae": 25.455589099617701, "mse": 696.30255063172422, "best_function": 0, "parameters": [1.0, 1.0, 1.0, 1.0, 1.0, 1.0, 1.0]}, "Traffic Island Link": {"mae": 6.4553440228482364, "mse": 66.657275866033217, "best_function": 2, "parameters": [3.6814596491126452, 6.8411770115470993, -1.5832563372244439, 1.0, -0.13825367535229649, 1.4160198792972674, -4.1531529812923109, 3.0266622423333889, 44.788194033538922]}}, "street_tally": [3.0, 0.0, 2.0]}