{"nature_results": {"Single Carriageway": {"mae": 31.534486666859529, "mse": 1129.5446353124805, "best_function": 0, "parameters": [1.0, 1.0, 1.0, 1.0, 1.0, 1.0, 1.0]}, "Roundabout": {"mae": 22.091515317379258, "mse": 562.74715297234752, "best_function": 0, "parameters": [1.0, 1.0, 1.0, 1.0, 1.0, 1.0, 1.0]}, "Dual Carriageway": {"mae": 72.538130733983451, "mse": 8994.4203624776292, "best_function": 1, "parameters": [-0.25745286921343968, 1.0487078463870705, 1.0530871683385297, 1.1633988961227932, 0.93272448887435833, 0.49319659707620667, 1.0, 46.289077691557104]}, "Slip Road": {"mae": 6.8805317689364411, "mse": 64.355388695077536, "best_function": 0, "parameters": [1.0, 1.0, 1.0, 1.0, 1.0, 1.0, 1.0]}}, "street_tally": [3.0, 1.0, 0.0]}