{"nature_results": {"Traffic Island Link At Junction": {"mae": 6.593073816456509, "mse": 76.20110335778638, "best_function": 0, "parameters": [1.0503182079958762, 1.9608583369692449, 0.30180661131132025, 1.0, 0.75319077848982485, 0.85096029501999315, 19.684421780966925]}, "Single Carriageway": {"mae": 5.7396552834749848, "mse": 66.246328992999636, "best_function": 2, "parameters": [-2.0736879258217891, 0.64676919107873587, 0.13133533861846958, 1.0, -0.040287491045071011, 0.46562708743761727, -2.3746677989302758, 6.2806325034482811, 28.694445493730157]}, "Dual Carriageway": {"mae": 10.504538758868224, "mse": 173.15788611672022, "best_function": 1, "parameters": [4.4537476746652258, 1.0018180724524857, 1.0210000233629577, -1.1638785696410081, 1.7932731472204944, 0.01273283671055736, 1.0, 25.121253397940389]}}, "street_tally": [1.0, 1.0, 1.0]}