{"nature_results": {"Traffic Island Link At Junction": {"mae": 18.580278668337236, "mse": 400.82734914785783, "best_function": 0, "parameters": [1.0, 1.0, 1.0, 1.0, 1.0, 1.0, 1.0]}, "Single Carriageway": {"mae": 33.624498906309796, "mse": 1221.6059846130527, "best_function": 0, "parameters": [1.0, 1.0, 1.0, 1.0, 1.0, 1.0, 1.0]}, "Traffic Island Link": {"mae": 25.139605019017836, "mse": 1197.1707096214543, "best_function": 1, "parameters": [1.2718652433974063, 1.2910159598989732, 1.1391140962720325, 0.33927801430434745, 1.2493151596250027, 4.6773425072994037, 1.0, 36.132782491195783]}}, "street_tally": [2.0, 1.0, 0.0]}