{"nature_results": {"Single Carriageway": {"mae": 15.6355129259828, "mse": 419.90377687744319, "best_function": 0, "parameters": [1.0, 1.0, 1.0, 1.0, 1.0, 1.0, 1.0]}, "Dual Carriageway": {"mae": 7.0575107433273629, "mse": 138.04773311525395, "best_function": 2, "parameters": [4.8311290083245364, 7.3131503455292108, 0.73321427669106498, 1.0, -0.073769095846139887, 0.82576550149384376, -3.115350575426536, 5.1945218445176895, 17.595990013370969]}, "Traffic Island Link": {"mae": 105.95701004965314, "mse": 25342.663244807853, "best_function": 1, "parameters": [-0.48799628846468135, 1.0812470573624322, 1.0249317070809842, 1.2294305765708673, 0.91665244352255204, 0.95762931934429951, 1.0, 28.165451747000283]}}, "street_tally": [1.0, 1.0, 1.0]}