{"nature_results": {"Single Carriageway": {"mae": 8.2245154347321971, "mse": 119.03610052603578, "best_function": 2, "parameters": [51.738746250015303, 47.304761511092195, 1.2972600897113158, 1.0, -0.52073720225632769, 6.8802853166878046, -28.683372119179147, 37.897237359866836, 15.610939092923985]}}, "street_tally": [0.0, 0.0, 1.0]}