{"nature_results": {"Traffic Island Link At Junction": {"mae": 5.5490563533102621, "mse": 284.01899840070411, "best_function": 0, "parameters": [2.7779402603203804, 4.5070688087950996, 1.6628630194854117, 1.0, 0.48409171687796326, 0.67791391929675116, 13.816387521498841]}, "Single Carriageway": {"mae": 20.792468574455661, "mse": 502.22215962809958, "best_function": 0, "parameters": [1.0, 1.0, 1.0, 1.0, 1.0, 1.0, 1.0]}, "Traffic Island Link": {"mae": 6.3398676966419094, "mse": 64.670881767048627, "best_function": 0, "parameters": [-1.6207687553574748, 1.3876944705277667, 1.9104443962507927, 1.0, 0.64044197249545221, 0.41762151880010945, 32.453819256303419]}}, "street_tally": [3.0, 0.0, 0.0]}