{"nature_results": {"Single Carriageway": {"mae": 7.9645229124083095, "mse": 101.26497891185244, "best_function": 2, "parameters": [1.645838406182454, 3.4759019197574297, -1.7704573041348359, 1.0, -0.030184769204515849, -0.041307544566356658, 2.6040310689598725, -7.7219084992741536, 24.650175752630631]}}, "street_tally": [0.0, 0.0, 1.0]}