{"nature_results": {"Traffic Island Link At Junction": {"mae": 18.409232485172829, "mse": 405.40117540698969, "best_function": 0, "parameters": [1.0, 1.0, 1.0, 1.0, 1.0, 1.0, 1.0]}, "Single Carriageway": {"mae": 9.2619453835948455, "mse": 142.37882249227201, "best_function": 2, "parameters": [14.926925904798077, 13.305136240671919, 2.9077268045583207, 1.0, -0.22239208771411501, 2.9068666231292362, -12.286271111042426, 16.510268515813255, 42.256595387455135]}, "Roundabout": {"mae": 7.8972410340913779, "mse": 120.41717766240448, "best_function": 0, "parameters": [1.0337606936473518, 0.1634376200883022, 0.72921109143575857, 1.0, 1.9096975583540621, 0.009077758819476478, 23.961630114342615]}, "Traffic Island Link": {"mae": 9.0097828740439887, "mse": 149.37080589744704, "best_function": 1, "parameters": [2.4337614635526155, 1.3599641043776087, 1.2098012025124154, -0.17586738313451789, 1.4300159414920084, 2.2301698869449846, 1.0, 32.811688365259123]}}, "street_tally": [2.0, 1.0, 1.0]}