{"nature_results": {"Traffic Island Link At Junction": {"mae": 8.3955214949688965, "mse": 114.53252238033548, "best_function": 2, "parameters": [-6.6178462801657485, 4.3123591459063988, -3.748512923573851, 1.0, 0.094014599347367334, -1.2607914062648566, 4.6470613872447748, -2.5255558659028128, 24.053076783155394]}, "Single Carriageway": {"mae": 6.2856968936487636, "mse": 77.570740939865971, "best_function": 1, "parameters": [1.8770098430763764, 0.98732621539600529, 1.0213022818015662, 0.11741703207952647, 1.3184684949367838, -2.8977675140716661, 1.0, 27.02702034596113]}}, "street_tally": [0.0, 1.0, 1.0]}