{"nature_results": {"Traffic Island Link At Junction": {"mae": 17.757064658193848, "mse": 377.1647490901139, "best_function": 0, "parameters": [1.0, 1.0, 1.0, 1.0, 1.0, 1.0, 1.0]}, "Single Carriageway": {"mae": 6.4415681847747122, "mse": 68.742003953091185, "best_function": 0, "parameters": [-0.41549817876887407, 1.1982486031823676, -0.26179184084280038, 1.0, 1.6849672225415895, 0.1290302382441012, 27.821482475587139]}, "Slip Road": {"mae": 9.6238627756227721, "mse": 128.36060179310786, "best_function": 0, "parameters": [1.0, 1.0, 1.0, 1.0, 1.0, 1.0, 1.0]}, "Traffic Island Link": {"mae": 12.838398314943008, "mse": 198.59780986393619, "best_function": 1, "parameters": [2.6132458710259279, 0.9983569042560414, 0.99706368874534479, -0.28861900095824744, 1.4774522431606698, 2.9843039243495397, 1.0, 20.799868479223459]}}, "street_tally": [3.0, 1.0, 0.0]}