{"nature_results": {"Dual Carriageway": {"mae": 20.589445338409035, "mse": 680.99501625616983, "best_function": 1, "parameters": [1.2402431721081011, 0.90707545466558304, 0.95652228904363412, 0.33784330500344917, 1.2542961936548787, 0.23047844838297493, 1.0, 50.263904815023274]}}, "street_tally": [0.0, 1.0, 0.0]}