{"nature_results": {"Single Carriageway": {"mae": 12.018111809696038, "mse": 427.3346568411672, "best_function": 1, "parameters": [1.1596916673030802, 0.992469692931503, 0.98131289679550704, 0.46662027323237509, 1.189857232868925, 2.0275734501699074, 1.0, 24.869135959788032]}}, "street_tally": [0.0, 1.0, 0.0]}