{"nature_results": {"Single Carriageway": {"mae": 5.9718576387422946, "mse": 72.43091981191543, "best_function": 2, "parameters": [5.6760669094450797, 4.1790693581163456, -0.59910375309574126, 1.0, -0.17216486666997155, 2.2492726993281065, -9.2213661099356532, 10.966637207951567, 46.705360518522291]}, "Dual Carriageway": {"mae": 28.52105110176365, "mse": 1027.5447179457319, "best_function": 0, "parameters": [1.0, 1.0, 1.0, 1.0, 1.0, 1.0, 1.0]}}, "street_tally": [1.0, 0.0, 1.0]}