{"nature_results": {"Traffic Island Link At Junction": {"mae": 9.5171825811833966, "mse": 321.60602421273995, "best_function": 2, "parameters": [2.0841354402477563, 5.0804400460234502, 2.3404128498648928, 1.0, 0.10081430255567192, -1.0352654100358469, 2.4619745143388334, 0.58359624175674074, 29.233019377191489]}, "Single Carriageway": {"mae": 5.8992452298658797, "mse": 90.241215099314132, "best_function": 2, "parameters": [3.1333921875576705, 3.8364107187647383, 2.6026933072981802, 1.0, 0.013404928530155957, -0.13685112750495221, -0.0043491111276841021, 1.8325833622923808, 29.80103873003976]}, "Slip Road": {"mae": 15.303964746249092, "mse": 411.10134639147333, "best_function": 0, "parameters": [1.0, 1.0, 1.0, 1.0, 1.0, 1.0, 1.0]}}, "street_tally": [1.0, 0.0, 2.0]}