{"nature_results": {"Traffic Island Link At Junction": {"mae": 10.248773459500404, "mse": 183.6096912611967, "best_function": 1, "parameters": [1.6452487100017796, 0.9777119172727613, 0.99738654027447349, 0.28859217988488783, 1.2446679208642892, 2.6180119942943612, 1.0, 23.026502522115369]}, "Single Carriageway": {"mae": 5.9669849488085838, "mse": 57.746966492995853, "best_function": 2, "parameters": [-4.5671431191209395, 1.0264871858615212, 0.7478142159766703, 1.0, 0.046149209519643741, -0.62172050184911143, 2.2694806242621164, -1.1628089896476141, 27.384189084323449]}}, "street_tally": [0.0, 1.0, 1.0]}