{"nature_results": {"Single Carriageway": {"mae": 6.6455044341271448, "mse": 73.314134098949665, "best_function": 2, "parameters": [0.007806555788100078, 3.7883761730437655, 2.0332084093593545, 1.0, -0.040008060540350332, 0.30606852073396829, -0.73682942801814, 1.4411074134467177, 24.553554259921434]}, "Dual Carriageway": {"mae": 5.7507976355355055, "mse": 59.578657862907846, "best_function": 2, "parameters": [0.89655576382155378, 1.8722098831639602, 0.61898999147630851, 1.0, 0.041289258613420809, -0.68323993411059747, 3.1021116172423695, -3.5567817700688185, 21.176173313695855]}, "Roundabout": {"mae": 11.402872776066237, "mse": 183.45667201966535, "best_function": 2, "parameters": [-31.606355271944182, 7.9364603481394411, -0.61242372310908855, 1.0, -0.5160796548448634, 6.3623264199314216, -24.367803758858845, 30.953859509134919, 22.214873889447393]}}, "street_tally": [0.0, 0.0, 3.0]}