{"nature_results": {"Traffic Island Link At Junction": {"mae": 7.4849672218946557, "mse": 85.675818189475464, "best_function": 0, "parameters": [20.846570804441843, 11.302908245902866, -0.091336627800919112, 1.0, 0.23897436114846637, 1.0416633490011482, 19.09638894326477]}, "Single Carriageway": {"mae": 7.0761150978997938, "mse": 103.2771878864619, "best_function": 0, "parameters": [6.4204444788645514, 5.3610101543128099, -0.39678079160356416, 1.0, 0.6086885276486983, 0.96609440228133381, 22.481592125814977]}, "Dual Carriageway": {"mae": 8.2408463662149138, "mse": 104.63699014335755, "best_function": 0, "parameters": [3.789223646634333, 4.4767461455506368, -0.034879162701912714, 1.0, -0.093819741733792927, 1.2634917871043805, 19.822066736343121]}}, "street_tally": [3.0, 0.0, 0.0]}