{"nature_results": {"Single Carriageway": {"mae": 9.7822125588310822, "mse": 134.98076118820424, "best_function": 0, "parameters": [1.0, 1.0, 1.0, 1.0, 1.0, 1.0, 1.0]}}, "street_tally": [1.0, 0.0, 0.0]}