{"nature_results": {"Single Carriageway": {"mae": 4.5315757083329782, "mse": 47.046099490133365, "best_function": 2, "parameters": [29.246573192072606, 22.212646253423227, -1.1627249650244234, 1.0, -0.0046645565496228336, -0.25014966893376145, 2.5264592243828217, -5.5638021962172726, 17.713174907981852]}}, "street_tally": [0.0, 0.0, 1.0]}