{"nature_results": {"Single Carriageway": {"mae": 12.925515936090742, "mse": 246.26666499094921, "best_function": 1, "parameters": [0.049091981903452431, 0.72960670362586499, 0.85670911195039956, 0.9821209203327218, 1.0056071049438255, -0.22218716481011813, 1.0, 26.347692192137821]}}, "street_tally": [0.0, 1.0, 0.0]}