{"nature_results": {"Traffic Island Link At Junction": {"mae": 5.3479536702624921, "mse": 41.833790923669355, "best_function": 0, "parameters": [14.969958041099796, 29.166107637136584, -0.28916445385546097, 1.0, 0.0572946242794522, 0.92033947382191872, 20.274191014486608]}, "Single Carriageway": {"mae": 6.2022472930301937, "mse": 66.968051212445516, "best_function": 2, "parameters": [2.0701644320570267, 22.665613397996459, -1.2300127212737175, 1.0, 0.056488568210878332, -0.79504352300279968, 3.4266572205612302, -4.0387577525699303, 33.578849818342043]}}, "street_tally": [1.0, 0.0, 1.0]}