{"nature_results": {"Single Carriageway": {"mae": 6.8060745685497297, "mse": 67.264723885501411, "best_function": 2, "parameters": [20.846838440256938, 15.087004822481411, 0.52769450102178728, 1.0, 0.019262318616327767, -0.2161790407145403, 0.45515520005461407, 1.029164347461629, 18.900568091896243]}}, "street_tally": [0.0, 0.0, 1.0]}