{"nature_results": {"Traffic Island Link At Junction": {"mae": 18.19269090874975, "mse": 459.51773239144291, "best_function": 0, "parameters": [1.0, 1.0, 1.0, 1.0, 1.0, 1.0, 1.0]}, "Single Carriageway": {"mae": 5.1536979496443367, "mse": 47.916839372515064, "best_function": 2, "parameters": [7.0547110982041064, 11.732363454367746, -0.28472370133786828, 1.0, 0.10036792290088281, -1.1273174495334306, 3.4283809742107945, -1.71655353757708, 30.291301365422882]}, "Dual Carriageway": {"mae": 4.8190529888965266, "mse": 39.918117564385767, "best_function": 2, "parameters": [11.587532090679685, 16.639099337016994, 0.60226958847425016, 1.0, 0.10419738398551848, -1.2320382850735063, 4.1879455604091715, -3.4066916555604001, 32.694437858144106]}, "Traffic Island Link": {"mae": 5.3714654169867844, "mse": 54.579683066642048, "best_function": 2, "parameters": [-0.49545216151210325, 1.8412907414364952, 1.0976689901704488, 1.0, 0.18291780506766642, -2.3048008038364642, 8.79649742140362, -9.6580624526228274, 35.132338021412743]}}, "street_tally": [1.0, 0.0, 3.0]}