{"nature_results": {"Traffic Island Link At Junction": {"mae": 6.6267099142844392, "mse": 66.468604607265334, "best_function": 2, "parameters": [1.8482319177100519, 1.5500358051486107, 0.10571287229474369, 1.0, -0.26816262261072898, 3.2679234962316381, -12.542433510920507, 16.039749508586215, 17.274489516987519]}, "Single Carriageway": {"mae": 9.6619712100830064, "mse": 161.97345360573172, "best_function": 1, "parameters": [1.5484818617842828, 0.98754700613347757, 1.0306160699686207, 0.22076830863897767, 1.2919754945593991, -2.4943155918950475, 1.0, 33.299799157441058]}, "Slip Road": {"avg_speed": {"mae": 9.6619712100830064, "mse": 161.97345360573172, "best_function": 1, "parameters": [1.5484818617842828, 0.98754700613347757, 1.0306160699686207, 0.22076830863897767, 1.2919754945593991, -2.4943155918950475, 1.0, 33.299799157441058]}}}, "street_tally": [0.0, 1.0, 1.0]}