{"nature_results": {"Traffic Island Link At Junction": {"mae": 5.2754768185760534, "mse": 65.648889535771218, "best_function": 2, "parameters": [19.518018538290605, 2.376446324833092, 0.74104422819079274, 1.0, -0.099983122753316112, 0.90268560984147617, -2.1488191260697942, 1.7736992134153229, 16.56239850035136]}, "Single Carriageway": {"mae": 4.7250079482831824, "mse": 39.296592838433838, "best_function": 2, "parameters": [3.2110724142183495, 1.3938943703656668, -0.35097880183822716, 1.0, -0.090026754542646525, 0.9308277438559116, -2.6772268974681213, 1.8944739039354019, 33.302838635732051]}, "Slip Road": {"mae": 8.1885870066845481, "mse": 82.431208903159671, "best_function": 1, "parameters": [4.4674824470381544, 1.0366735742629145, 1.0364035236245164, -1.3574226167457746, 1.9013563871189696, -1.9475162903285188, 1.0, 11.313098560732868]}}, "street_tally": [0.0, 1.0, 2.0]}