{"nature_results": {"Single Carriageway": {"mae": 26.702711109992336, "mse": 756.18396768320747, "best_function": 0, "parameters": [1.0, 1.0, 1.0, 1.0, 1.0, 1.0, 1.0]}}, "street_tally": [1.0, 0.0, 0.0]}