{"nature_results": {"Traffic Island Link At Junction": {"mae": 5.7121005530829692, "mse": 355.44572114042671, "best_function": 2, "parameters": [3.6729653594353278, 7.1365393970935056, -0.37864537627575046, 1.0, 0.014231270221418901, -0.20510697664040678, 0.68013314841239469, 0.047100427822444169, 24.348498728485328]}, "Single Carriageway": {"mae": 6.1000059203721673, "mse": 61.439488565928329, "best_function": 1, "parameters": [2.5003219259817548, 1.0002989977003567, 1.0244705175753843, -0.16767936101467162, 1.4199267111173606, -2.3186349815672256, 1.0, 27.710398109590379]}, "Roundabout": {"mae": 5.3397048636939122, "mse": 51.293864239449078, "best_function": 2, "parameters": [0.84844257919043431, 1.0912255190446531, -1.6824030113621919, 1.0, 0.065469285653218634, -0.82641504369567675, 2.9467836272688626, -2.1555359174128816, 28.821079193927918]}, "Traffic Island Link": {"mae": 5.0022693914254956, "mse": 46.602892629395619, "best_function": 2, "parameters": [-10.006939252199698, 1.7862136673602393, -3.3670108619717407, 1.0, -0.037705180078433598, 0.47208149551210565, -2.6547432941948679, 7.6052376422320256, 34.090553163732601]}}, "street_tally": [0.0, 1.0, 3.0]}