{"nature_results": {"Single Carriageway": {"mae": 25.103941692185106, "mse": 700.01393440146978, "best_function": 0, "parameters": [1.0, 1.0, 1.0, 1.0, 1.0, 1.0, 1.0]}, "Traffic Island Link": {"mae": 5.0663886166385366, "mse": 35.813253335535116, "best_function": 2, "parameters": [36.993625589849202, 13.318729125995025, -0.27180317302837209, 1.0, 0.074447545335181498, -0.78003673423226472, 2.1452095519638745, -0.62999146468384115, 24.844287323360401]}}, "street_tally": [1.0, 0.0, 1.0]}