{"nature_results": {"Dual Carriageway": {"mae": 4.0617214794222285, "mse": 28.047928595468161, "best_function": 0, "parameters": [0.24346590219915232, 3.5295414427494238, -1.365728302632041, 1.0, 0.95295603430841413, 0.66001754528546686, 32.582514177900322]}}, "street_tally": [1.0, 0.0, 0.0]}