{"nature_results": {"Traffic Island Link At Junction": {"mae": 6.9843949935576308, "mse": 85.961819923812087, "best_function": 2, "parameters": [-1.8128727108746991, 3.5787699012299741, 0.55696417730619796, 1.0, -0.0062941328864036805, -0.0050172236551193627, 0.24555004753372478, 0.096442997240538619, 20.181214996101041]}, "Single Carriageway": {"mae": 5.7582493387457561, "mse": 59.357664298888899, "best_function": 2, "parameters": [-1.3762759978824897, 0.51379436272062895, 1.3540825030559236, 1.0, -0.043853489061236983, 0.42725364815494604, -1.4725780837254785, 3.088311231354782, 18.863849978819264]}, "Slip Road": {"mae": 12.124249198399003, "mse": 206.97630023173787, "best_function": 0, "parameters": [1.0, 1.0, 1.0, 1.0, 1.0, 1.0, 1.0]}, "Dual Carriageway": {"mae": 8.3659652592624525, "mse": 108.55785051338654, "best_function": 1, "parameters": [2.1206084674984735, 0.99026595545879315, 0.98644153844586258, 0.028756736343290679, 1.345781766302387, 2.8076836432253707, 1.0, 13.566577060569138]}, "Traffic Island Link": {"mae": 7.8231521635839529, "mse": 107.57688831495811, "best_function": 1, "parameters": [1.9300296570878424, 0.98944118499042222, 0.99082972027308869, 0.12240692647861129, 1.3124873956627734, 2.6556715414228158, 1.0, 12.539619329032048]}}, "street_tally": [1.0, 2.0, 2.0]}