{"nature_results": {"Single Carriageway": {"mae": 7.4425166540946499, "mse": 108.74237942230464, "best_function": 0, "parameters": [-8.4273235290692199, 3.2770628587098223, -0.19474558865203218, 1.0, 1.8980957781071157, 0.59466985523811022, 10.838614553152771]}}, "street_tally": [1.0, 0.0, 0.0]}