{"nature_results": {"Dual Carriageway": {"mae": 9.8170306831967924, "mse": 135.92394672717049, "best_function": 2, "parameters": [-3.536567873856753, 7.9784958833077768, -7.9660723523744483, 1.0, -0.15253418189095735, 1.1906132985528042, -0.58023322411274059, -4.8912204818005112, 21.161152124822163]}}, "street_tally": [0.0, 0.0, 1.0]}