{"nature_results": {"Single Carriageway": {"mae": 21.340690478755644, "mse": 521.19631832295943, "best_function": 0, "parameters": [1.0, 1.0, 1.0, 1.0, 1.0, 1.0, 1.0]}, "Slip Road": {"mae": 7.3777605781356401, "mse": 90.388262311286056, "best_function": 0, "parameters": [1.0, 1.0, 1.0, 1.0, 1.0, 1.0, 1.0]}}, "street_tally": [2.0, 0.0, 0.0]}