{"nature_results": {"Traffic Island Link At Junction": {"mae": 20.165741748302604, "mse": 452.05095868988201, "best_function": 0, "parameters": [1.0, 1.0, 1.0, 1.0, 1.0, 1.0, 1.0]}, "Single Carriageway": {"mae": 34.724267596805753, "mse": 1236.8876155668636, "best_function": 0, "parameters": [1.0, 1.0, 1.0, 1.0, 1.0, 1.0, 1.0]}}, "street_tally": [2.0, 0.0, 0.0]}