{"nature_results": {"Single Carriageway": {"mae": 6.1590839353817453, "mse": 64.899332364529315, "best_function": 1, "parameters": [1.970169484432017, 0.98920068204380762, 0.98590574260317343, 0.059652769388391369, 1.3418732861303777, -0.33374297090427985, 1.0, 18.66637222755141]}}, "street_tally": [0.0, 1.0, 0.0]}