{"nature_results": {"Single Carriageway": {"mae": 5.6397733270382187, "mse": 54.73306422127007, "best_function": 2, "parameters": [3.1395455333144251, 6.8490326874164076, -1.7540397853579925, 1.0, 0.15973641918484127, -1.9449716977141791, 6.639971529751894, -4.0539529345480032, 28.128422510724771]}}, "street_tally": [0.0, 0.0, 1.0]}