{"nature_results": {"Traffic Island Link At Junction": {"mae": 24.926317089502952, "mse": 52363.208850693329, "best_function": 1, "parameters": [1.9002788589426425, 1.0056454964240864, 0.98784283990695521, 0.052378199218234833, 1.3531878947404754, -0.28018731301370647, 1.0, 13.750315270432077]}, "Single Carriageway": {"mae": 360.61503767257227, "mse": 20719290.893946629, "best_function": 1, "parameters": [0.29954957184800191, 1.008030372303627, 0.97134463568042884, 0.87354268611482833, 1.0430009628541868, 0.50268006825893141, 1.0, 17.632685152963109]}, "Traffic Island Link": {"mae": 336.88393796037224, "mse": 23140236.037239384, "best_function": 1, "parameters": [0.94281178511136321, 1.0078219376439863, 0.98991742416883632, 0.55582400491662076, 1.1613460127918647, -0.8850066549558675, 1.0, 22.734783966053406]}}, "street_tally": [0.0, 3.0, 0.0]}