{"nature_results": {"Traffic Island Link At Junction": {"mae": 5.4231487122152897, "mse": 56.590550771319045, "best_function": 2, "parameters": [0.50509869469926638, 1.7565774721899676, 1.1745399146019659, 1.0, 0.037518671058081821, -0.52103291686571596, 1.8900142948888197, -1.0105225784090481, 28.865750556367185]}, "Single Carriageway": {"mae": 8.1777003369110268, "mse": 118.78461251278148, "best_function": 1, "parameters": [1.7069673527174303, 1.0013741962396059, 0.99861496055126486, 0.19162062008811964, 1.2921545335608693, 1.4851385666702193, 1.0, 26.458913339868779]}, "Dual Carriageway": {"mae": 10.043140643670972, "mse": 177.10167379721801, "best_function": 1, "parameters": [1.6444914940848412, 0.99973863677692332, 0.99535906357393777, 0.2177522918478898, 1.2833963170044185, 0.99768267183182657, 1.0, 24.159217289489295]}, "Traffic Island Link": {"mae": 7.3501731023411168, "mse": 94.685808813152477, "best_function": 1, "parameters": [2.0617461608364325, 1.0010622303350141, 0.99296550676596429, 0.028770028482540289, 1.350149825985075, 1.0095982365830591, 1.0, 27.108263183624395]}}, "street_tally": [0.0, 3.0, 1.0]}