{"nature_results": {"Traffic Island Link At Junction": {"mae": 12.426965616462686, "mse": 214.35509804687223, "best_function": 0, "parameters": [1.0, 1.0, 1.0, 1.0, 1.0, 1.0, 1.0]}, "Single Carriageway": {"mae": 6.0850002048919318, "mse": 75.240774785836791, "best_function": 0, "parameters": [-0.13584343011796607, 3.2710912427969436, 0.151381355529003, 1.0, 1.8865382701983835, 0.22192643282307412, 20.747343913216845]}, "Slip Road": {"mae": 11.474598649115071, "mse": 148.45049796875858, "best_function": 0, "parameters": [1.0, 1.0, 1.0, 1.0, 1.0, 1.0, 1.0]}, "Dual Carriageway": {"mae": 6.9786988902230442, "mse": 66.534872002135643, "best_function": 2, "parameters": [-5.8219649536208609, 0.48482327711812223, -2.3287792933084317, 1.0, -0.0090403669141987386, -0.021108581909482504, 0.88792234461761055, -2.2323118777252766, 14.188618760772993]}, "Traffic Island Link": {"mae": 6.9606251314037344, "mse": 82.755135757693338, "best_function": 1, "parameters": [3.1513257737721512, 0.97999827700109177, 0.96920170148142482, -0.52543425860994764, 1.5589723874013677, -0.022426543351027783, 1.0, 17.810859713869984]}}, "street_tally": [3.0, 1.0, 1.0]}