{"nature_results": {"Traffic Island Link At Junction": {"mae": 4.8722230927801338, "mse": 37.915189215913138, "best_function": 2, "parameters": [8.2229420486934863, 10.773827674036141, 0.1211323645091642, 1.0, -0.013325976010353457, 0.37798276846379697, -1.9081460297539237, 0.86463719461992827, 23.167193269943269]}, "Single Carriageway": {"mae": 4.9844118525907009, "mse": 43.709709547478965, "best_function": 2, "parameters": [-7.2980774514838345, 0.51525618268673368, 1.4988298765958541, 1.0, 0.037681792733890385, -0.50654705456002436, 2.2880972645909652, -3.4498057875469312, 27.409107330600097]}, "Roundabout": {"mae": 6.8790413199741609, "mse": 82.83942934097854, "best_function": 2, "parameters": [4.4576340104392509, 4.774645951242185, 0.70766642688692705, 1.0, -0.0033705717691694392, 0.049300303745814067, -0.2977188800246795, 1.476999776765205, 23.405467079754246]}, "Dual Carriageway": {"mae": 20.668151697901415, "mse": 479.87140867840958, "best_function": 0, "parameters": [1.0, 1.0, 1.0, 1.0, 1.0, 1.0, 1.0]}, "Traffic Island Link": {"mae": 6.2785556061488146, "mse": 70.930224100160203, "best_function": 2, "parameters": [-2.1814892138845909, 5.5325712923659847, 0.87955701704568634, 1.0, 0.064165248918072404, -0.76767024053307065, 2.879402398109137, -3.5575315294945344, 30.477374154793203]}}, "street_tally": [1.0, 0.0, 4.0]}