{"nature_results": {"Traffic Island Link At Junction": {"mae": 27.421956879986233, "mse": 907.64599111372524, "best_function": 0, "parameters": [1.0, 1.0, 1.0, 1.0, 1.0, 1.0, 1.0]}, "Single Carriageway": {"mae": 7.3511962828293136, "mse": 93.705817425779827, "best_function": 2, "parameters": [0.0033533285989257866, 3.1730696696519227, -2.4139270638224493, 1.0, -0.11744684961355412, 1.3941149691101566, -5.218152136634906, 5.8204855029832299, 38.007468322327739]}, "Dual Carriageway": {"mae": 8.1546580430805395, "mse": 109.59962986212642, "best_function": 0, "parameters": [-3.2387539736236421, 1.62741452457721, -0.82973904660550479, 1.0, 0.070316480106250689, 0.94375906518307839, 31.594974586467945]}, "Traffic Island Link": {"mae": 27.121315306205812, "mse": 861.45943275332661, "best_function": 0, "parameters": [1.0, 1.0, 1.0, 1.0, 1.0, 1.0, 1.0]}}, "street_tally": [3.0, 0.0, 1.0]}