{"nature_results": {"Traffic Island Link At Junction": {"mae": 5.827707116275989, "mse": 51.851648602831609, "best_function": 0, "parameters": [1.0, 1.0, 1.0, 1.0, 1.0, 1.0, 1.0]}, "Single Carriageway": {"mae": 16.420192891949295, "mse": 322.88510752069612, "best_function": 0, "parameters": [1.0, 1.0, 1.0, 1.0, 1.0, 1.0, 1.0]}, "Roundabout": {"mae": 21.922147083353792, "mse": 559.04337973100178, "best_function": 0, "parameters": [1.0, 1.0, 1.0, 1.0, 1.0, 1.0, 1.0]}}, "street_tally": [3.0, 0.0, 0.0]}