{"nature_results": {"Traffic Island Link At Junction": {"mae": 6.74322753026199, "mse": 64.826925446507815, "best_function": 0, "parameters": [1.0, 1.0, 1.0, 1.0, 1.0, 1.0, 1.0]}, "Single Carriageway": {"mae": 55.679569277212977, "mse": 5208.2171275365945, "best_function": 1, "parameters": [0.5210153392958109, 1.0165632365452426, 1.0087915097609137, 0.77592304475865881, 1.0767233868979948, -0.15570598045164163, 1.0, 24.490738253925652]}, "Traffic Island Link": {"mae": 6.1831792046537686, "mse": 68.15120081099225, "best_function": 2, "parameters": [-5.9461331915780686, 4.0698485164250346, -0.044689735816072051, 1.0, -0.030496428022377842, 0.39910828201673454, -1.7893224182240091, 2.8813281103282375, 34.432865867347886]}}, "street_tally": [1.0, 1.0, 1.0]}