{"nature_results": {"Single Carriageway": {"mae": 524.34638912945536, "mse": 639436.27367655525, "best_function": 2, "parameters": [1.0, 1.0, 1.0, 1.0, 1.0, 1.0, 1.0, 1.0, 1.0]}}, "street_tally": [0.0, 0.0, 1.0]}