{"nature_results": {"Dual Carriageway": {"mae": 3.6769593714070599, "mse": 23.536323489893196, "best_function": 2, "parameters": [-0.069736728764971723, 0.97426909893235591, 0.078386460196401164, 1.0, -0.011149277815763137, 0.1500274936368502, -1.0907706654484044, 3.4365207644665121, 36.131745688689122]}}, "street_tally": [0.0, 0.0, 1.0]}