{"nature_results": {"Single Carriageway": {"mae": 4.1290399628854972, "mse": 29.673488524088725, "best_function": 2, "parameters": [6.4597163977787826, 11.048158104750501, -1.4821558234148697, 1.0, -0.15684542566161941, 1.9472509647325713, -7.1091366896116455, 5.6868347459524093, 40.560796014007899]}, "Dual Carriageway": {"mae": 13.194180489249655, "mse": 259.63144777971434, "best_function": 0, "parameters": [1.0, 1.0, 1.0, 1.0, 1.0, 1.0, 1.0]}}, "street_tally": [1.0, 0.0, 1.0]}