{"nature_results": {"Single Carriageway": {"mae": 2.5738327855040257, "mse": 14.180844930444289, "best_function": 2, "parameters": [35.378879264632282, 19.104579636076839, 1.0479006295780393, 1.0, -0.13627787952400361, 1.6723311394308045, -5.9512615822462935, 4.8624633588630584, 17.080356876126793]}}, "street_tally": [0.0, 0.0, 1.0]}