{"nature_results": {"Single Carriageway": {"mae": 5.3013781428413465, "mse": 57.655219018098578, "best_function": 2, "parameters": [3.5712848733320697, 8.8476458035283123, 0.21846168401808497, 1.0, -0.26410203343239669, 3.3296629853004065, -12.915555245751518, 15.132029097291371, 32.346774977426477]}}, "street_tally": [0.0, 0.0, 1.0]}