{"nature_results": {"Traffic Island Link At Junction": {"mae": 6.9509296702613232, "mse": 76.412758824594263, "best_function": 2, "parameters": [19.930528313356483, 51.620253943777946, -3.4901166607357998, 1.0, 0.17850530693687383, -1.8794481270959396, 4.9063687167808636, 1.0898136754721026, 26.278554930351778]}, "Single Carriageway": {"mae": 8.9555386160645085, "mse": 123.00234921401355, "best_function": 1, "parameters": [4.3990072885780886, -0.18676664953856226, 0.65528433596577274, -1.1620371452910621, 1.7999659711681719, -0.6342491813041804, 1.0, 38.233284821051029]}}, "street_tally": [0.0, 1.0, 1.0]}