{"nature_results": {"Single Carriageway": {"mae": 5.2844722966298603, "mse": 40.040491673205644, "best_function": 1, "parameters": [2.6928076135214898, 0.98882298638000077, 1.0041701629224826, -0.33821358435923266, 1.4978235745187993, 0.61343286851293732, 1.0, 11.943100985004548]}}, "street_tally": [0.0, 1.0, 0.0]}