{"nature_results": {"Traffic Island Link At Junction": {"mae": 3.9865425296865609, "mse": 39.224503808234978, "best_function": 2, "parameters": [-0.79017093978623798, 0.85523756491421099, 0.30421881586334998, 1.0, 0.054408230425671, -0.72643464611355246, 2.8591689220745273, -2.6809832361996895, 15.851928597969854]}, "Single Carriageway": {"mae": 4.3563694034556342, "mse": 38.121120281573035, "best_function": 2, "parameters": [8.6883109794865234, 10.771169918238238, 0.75405748071036449, 1.0, -0.031337355201084272, 0.32094054174361664, -1.0206664643778569, 1.3839516418322539, 16.926468100476914]}}, "street_tally": [0.0, 0.0, 2.0]}