{"nature_results": {"Traffic Island Link At Junction": {"mae": 6.9268099956321887, "mse": 85.559093450758127, "best_function": 1, "parameters": [1.6577919838348363, 0.99606860965064414, 0.97322314604228244, 0.22903223947594642, 1.2766430261897446, 0.18028870203109437, 1.0, 14.944176647991474]}, "Single Carriageway": {"mae": 10.062619712598337, "mse": 146.88822225397004, "best_function": 0, "parameters": [1.0, 1.0, 1.0, 1.0, 1.0, 1.0, 1.0]}, "Slip Road": {"mae": 8.8899093131189364, "mse": 125.19762952567415, "best_function": 2, "parameters": [35.230333233951313, 8.2757261893802596, 1.7499528635442778, 1.0, 0.0092056336115882154, -0.070463597516809973, 0.39093686382772297, -1.8087334289637069, 9.181501041647758]}}, "street_tally": [1.0, 1.0, 1.0]}