{"nature_results": {"Traffic Island Link At Junction": {"mae": 10.316777660176379, "mse": 138.58063511657267, "best_function": 2, "parameters": [11.747294167858303, 8.3707783057193872, 1.2958744153407711, 1.0, 0.0036877950270907123, 0.077204979438215582, -0.81463794510194187, 1.1778102180963432, 28.510090746235853]}, "Single Carriageway": {"mae": 6.1252995366343166, "mse": 61.945251853729097, "best_function": 2, "parameters": [5.8214144789102997, 1.6371063238090864, 2.9658279695801135, 1.0, -0.025738406369811395, 0.2629791610219675, -0.67692990892877014, 0.50860818020469067, 27.762676903186986]}, "Dual Carriageway": {"mae": 4.822734113204417, "mse": 42.081834082413714, "best_function": 2, "parameters": [6.7230197018814017, 8.6594344487562012, 3.6928533776054984, 1.0, -0.037171981357738693, 0.24799386384260524, -0.036149711982896182, 0.6628492621411628, 21.958095946158014]}, "Traffic Island Link": {"mae": 10.415886604033549, "mse": 151.01501259795739, "best_function": 2, "parameters": [49.885903248721128, 7.2750975081815055, -2.8611430521275261, 1.0, -0.34740941682660953, 4.3255359582174062, -15.946975507948089, 15.351283557790486, 27.014486486952435]}}, "street_tally": [0.0, 0.0, 4.0]}