{"nature_results": {"Single Carriageway": {"mae": 16.500857523002107, "mse": 474.33512116985116, "best_function": 0, "parameters": [1.0, 1.0, 1.0, 1.0, 1.0, 1.0, 1.0]}}, "street_tally": [1.0, 0.0, 0.0]}