{"nature_results": {"Single Carriageway": {"mae": 4.1321195609748189, "mse": 29.492354691885499, "best_function": 2, "parameters": [19.456158551936948, 23.97929952986016, 2.4174408149490976, 1.0, 0.016037876449535027, -0.14175081136819823, 0.35688589377849322, -0.73782031568572481, 23.732866291802377]}, "Dual Carriageway": {"mae": 6.0338881626562451, "mse": 48.083999549201486, "best_function": 1, "parameters": [2.2718286194455155, 0.92777077952759712, 0.89579097270513408, -0.093990981331296908, 1.3998285133572037, 1.4262614634452062, 1.0, 11.566919770579462]}}, "street_tally": [0.0, 1.0, 1.0]}