{"nature_results": {"Traffic Island Link At Junction": {"mae": 13.443460282911522, "mse": 278.72348993291791, "best_function": 0, "parameters": [1.0, 1.0, 1.0, 1.0, 1.0, 1.0, 1.0]}, "Single Carriageway": {"mae": 6.1590214462904687, "mse": 58.376586327404318, "best_function": 0, "parameters": [4.3303273315061936, 3.2904035789494408, 1.6674161927144178, 1.0, 1.9280596207124137, 0.38451597148694305, 12.52125057803017]}, "Dual Carriageway": {"mae": 7.8113302221825638, "mse": 122.04993087115025, "best_function": 0, "parameters": [2.9259406115042177, 17.783832140311148, -0.89560472854572382, 1.0, 1.5536680769956366, 0.31396455811402546, 17.476261204944215]}}, "street_tally": [3.0, 0.0, 0.0]}