{"nature_results": {"Single Carriageway": {"mae": 6.5750650130823631, "mse": 79.159802513192588, "best_function": 2, "parameters": [-1.8200808381237397, 0.73530411874399904, -1.0435893011698787, 1.0, -0.083215568360689884, 0.85778478078238218, -2.2044332250465679, -0.24712389731504625, 41.905793521241982]}, "Roundabout": {"mae": 17.330786680830826, "mse": 340.55354491836624, "best_function": 0, "parameters": [1.0, 1.0, 1.0, 1.0, 1.0, 1.0, 1.0]}, "Dual Carriageway": {"mae": 34.93692718931046, "mse": 1395.1320015073279, "best_function": 0, "parameters": [1.0, 1.0, 1.0, 1.0, 1.0, 1.0, 1.0]}, "Traffic Island Link": {"mae": 4.2798203587284132, "mse": 29.009091019421437, "best_function": 0, "parameters": [-11.498170176197267, 0.5312917140667075, 2.7693407285554246, 1.0, 1.9411411289767391, 0.13070387017726559, 33.703967682934646]}}, "street_tally": [3.0, 0.0, 1.0]}