{"nature_results": {"Single Carriageway": {"mae": 19.57859991562329, "mse": 458.33908245802161, "best_function": 0, "parameters": [1.0, 1.0, 1.0, 1.0, 1.0, 1.0, 1.0]}}, "street_tally": [1.0, 0.0, 0.0]}