{"nature_results": {"Traffic Island Link At Junction": {"mae": 21.488160624807939, "mse": 514.32122091680651, "best_function": 0, "parameters": [1.0, 1.0, 1.0, 1.0, 1.0, 1.0, 1.0]}, "Single Carriageway": {"mae": 5.3559193744882228, "mse": 50.769018134028656, "best_function": 1, "parameters": [2.1613867430212927, 1.1031117026333335, 1.0780507145359632, -0.051153604519306617, 1.3861594500627119, 1.6940414824602255, 1.0, 32.395174333147892]}, "Dual Carriageway": {"mae": 11.367221038787974, "mse": 198.32976296905287, "best_function": 1, "parameters": [6.2437471983618806, 0.93977701059300744, 0.97414486204556683, -2.094446067114327, 2.147055188099289, 2.3805401065014236, 1.0, 21.890002846041924]}, "Traffic Island Link": {"mae": 7.0806415014472552, "mse": 79.20643312309889, "best_function": 1, "parameters": [3.0156667737593525, 0.73571087663347434, 0.900956000349592, -0.45870111640774813, 1.5347274499262946, 5.270197953493704, 1.0, 29.842286614351153]}}, "street_tally": [1.0, 3.0, 0.0]}