{"nature_results": {"Traffic Island Link At Junction": {"mae": 18.814449926674271, "mse": 422.1036625470494, "best_function": 0, "parameters": [1.0, 1.0, 1.0, 1.0, 1.0, 1.0, 1.0]}, "Single Carriageway": {"mae": 5.860260294473135, "mse": 56.140014686747023, "best_function": 0, "parameters": [0.26230031530461184, 6.8912691331829059, 1.8769048391887457, 1.0, 1.2779471054205729, 0.16114888564029173, 24.19519826622945]}, "Traffic Island Link": {"mae": 12.706723531841806, "mse": 191.61853730174261, "best_function": 0, "parameters": [1.0, 1.0, 1.0, 1.0, 1.0, 1.0, 1.0]}}, "street_tally": [3.0, 0.0, 0.0]}