{"nature_results": {"Traffic Island Link At Junction": {"mae": 14.975598111711845, "mse": 262.24803779963577, "best_function": 0, "parameters": [1.0, 1.0, 1.0, 1.0, 1.0, 1.0, 1.0]}, "Single Carriageway": {"mae": 33.394074626723764, "mse": 1157.9154406081077, "best_function": 0, "parameters": [1.0, 1.0, 1.0, 1.0, 1.0, 1.0, 1.0]}, "Roundabout": {"mae": 9.8768882887915925, "mse": 164.90015014732126, "best_function": 1, "parameters": [1.7716565886650604, 0.89342007012931313, 0.89545224459196238, 0.053373111354546254, 1.3652189165959741, -3.7212431072796841, 1.0, 23.938892747617039]}}, "street_tally": [2.0, 1.0, 0.0]}