{"nature_results": {"Roundabout": {"mae": 7.594267438022051, "mse": 112.5132125206207, "best_function": 2, "parameters": [-1.5014662269489905, 2.2291278534014221, -4.3475100268831532, 1.0, 0.2516010128439321, -2.856099007831975, 8.8404732439343974, -4.7652316330755697, 30.506324756466039]}}, "street_tally": [0.0, 0.0, 1.0]}