{"nature_results": {"Single Carriageway": {"mae": 5.8348335793431092, "mse": 63.062322003673067, "best_function": 1, "parameters": [5.1883466973621983, 0.91719966125213781, 0.92301023175329922, -1.5520855982943731, 1.9413602075064107, -2.2055597277708574, 1.0, 31.08936534209785]}, "Traffic Island Link": {"mae": 6.7993468344982535, "mse": 72.943770042049692, "best_function": 1, "parameters": [3.6644615312734112, 0.94788232388494409, 0.95448836865350217, -0.83819880803071434, 1.6844767728169137, 0.38187305657425652, 1.0, 32.122921874807126]}}, "street_tally": [0.0, 2.0, 0.0]}