{"nature_results": {"Single Carriageway": {"mae": 235.20155640399318, "mse": 16692771.912413564, "best_function": 1, "parameters": [0.62335539964435727, 0.97711960819876642, 0.99583666213417799, 0.70662607278735723, 1.106109562095523, 0.59344642261624614, 1.0, 17.820504610435684]}}, "street_tally": [0.0, 1.0, 0.0]}