{"nature_results": {"Traffic Island Link At Junction": {"mae": 4.3372722844052047, "mse": 36.74641339041812, "best_function": 2, "parameters": [-0.96316393248023657, 2.468852142505348, 2.220196094061003, 1.0, -0.087555218045364036, 1.0320112183711316, -3.7701135030930804, 4.2194741179093747, 17.29031628923088]}, "Single Carriageway": {"mae": 122.17303793331409, "mse": 389346.11750178348, "best_function": 1, "parameters": [0.94551252058880331, 0.99782322952405034, 1.0555449973076148, 0.54256787772231241, 1.1674382699995942, 0.26057383945439905, 1.0, 30.571953477638147]}}, "street_tally": [0.0, 1.0, 1.0]}