{"nature_results": {"Traffic Island Link At Junction": {"mae": 9.8466670031133319, "mse": 118.99527677903941, "best_function": 2, "parameters": [59.842672551617348, 5.3483431423022232, 0.91278075340903875, 1.0, -0.12883079412493736, 1.5805039698648069, -5.3916275468995813, 3.5378831797605867, 17.464673906810283]}, "Single Carriageway": {"mae": 5.7829672031960326, "mse": 53.119815214281957, "best_function": 2, "parameters": [45.952383200893628, 35.111773952446057, -2.8218427810920002, 1.0, -0.09701251359539742, 1.1331389372578498, -4.4810803633080214, 7.4587417636844346, 27.382435075841435]}}, "street_tally": [0.0, 0.0, 2.0]}