{"nature_results": {"Single Carriageway": {"mae": 3.7068230239122437, "mse": 21.466282439825338, "best_function": 0, "parameters": [1.7731005575288354, 3.476878599020897, 0.1942516499127882, 1.0, 0.22334158427754691, 0.99161522626965914, 16.183108159816349]}}, "street_tally": [1.0, 0.0, 0.0]}