{"nature_results": {"Single Carriageway": {"mae": 18.706680256331516, "mse": 423.03998060727969, "best_function": 0, "parameters": [1.0, 1.0, 1.0, 1.0, 1.0, 1.0, 1.0]}}, "street_tally": [1.0, 0.0, 0.0]}