{"nature_results": {"Single Carriageway": {"mae": 5.2974022911876313, "mse": 42.756227526837428, "best_function": 2, "parameters": [4.0551086717429516, 4.0790142576061346, -0.39824480336931001, 1.0, 0.01592820287414598, -0.26719691837245096, 1.5405339747476301, -3.5148274509074078, 13.320663814190066]}, "Dual Carriageway": {"mae": 5.0972005047958255, "mse": 51.222914701870494, "best_function": 2, "parameters": [5.308359317509991, 6.2430748596556924, 1.4850927627360222, 1.0, -0.096252251667015676, 1.2268089771040027, -5.2774123432746407, 7.9594031965365097, 18.921848943536155]}}, "street_tally": [0.0, 0.0, 2.0]}