{"nature_results": {"Single Carriageway": {"mae": 3.6701617247698355, "mse": 26.908026378958002, "best_function": 2, "parameters": [1.685367237519249, 7.3862228389886981, 0.67440010281263207, 1.0, -0.0043461093882539714, 0.078151307796759384, -0.54907846088616852, 1.588723357118409, 19.26830612288666]}, "Dual Carriageway": {"mae": 25.279222036851838, "mse": 753.75898992546513, "best_function": 0, "parameters": [1.0, 1.0, 1.0, 1.0, 1.0, 1.0, 1.0]}}, "street_tally": [1.0, 0.0, 1.0]}