{"nature_results": {"Traffic Island Link At Junction": {"mae": 9.3230370824423048, "mse": 157.950399443778, "best_function": 2, "parameters": [18.546933816795981, 15.039725315179913, -0.27741705024333863, 1.0, 0.18890326769531707, -2.1812860652636892, 7.3265839692070829, -7.3255632839182585, 22.45007095604436]}, "Single Carriageway": {"mae": 7.8576449965959716, "mse": 128.41457584676439, "best_function": 2, "parameters": [3.7279612493174961, 8.1500362484254829, 3.0154511561192425, 1.0, 0.12319903641524055, -1.6899317770657243, 6.8421581487420218, -7.0705282507007645, 24.725606334021084]}, "Dual Carriageway": {"mae": 7.2698645645161513, "mse": 91.55608441910411, "best_function": 2, "parameters": [10.346936186942958, 3.2285288321768419, 3.596868027990975, 1.0, -0.07742815768503486, 1.0611322850976626, -4.9414312646727971, 8.3102565609419692, 13.35316843240421]}}, "street_tally": [0.0, 0.0, 3.0]}