{"nature_results": {"Single Carriageway": {"mae": 12.608572791828013, "mse": 319.69003138740857, "best_function": 1, "parameters": [1.3933231439566893, 0.94029722453118936, 0.93760464912139385, 0.35819817172370128, 1.2278718439815497, 3.9294241938369265, 1.0, 20.791341962399716]}}, "street_tally": [0.0, 1.0, 0.0]}