{"nature_results": {"Single Carriageway": {"mae": 6.4355210145673176, "mse": 73.912101519228145, "best_function": 0, "parameters": [23.331133754016335, 22.588488199979398, -1.8582177654184329, 1.0, 2.0085847040888143, 0.046917683823243572, 26.856960885492306]}, "Dual Carriageway": {"mae": 9.6448643329907693, "mse": 171.89663982150202, "best_function": 1, "parameters": [1.8132377599302716, 0.85175760737595918, 0.91416297363410004, 0.12112957794590862, 1.3230501261680734, -2.993793239287994, 1.0, 21.943292419767147]}, "Traffic Island Link": {"mae": 9.6305041211325779, "mse": 145.22852379180182, "best_function": 2, "parameters": [18.410442722138221, 21.251393650866643, 0.55402392068448414, 1.0, -0.23202525559823073, 2.5400038228310624, -8.4379430704454492, 8.5147761656733412, 29.711588727142338]}}, "street_tally": [1.0, 1.0, 1.0]}