{"nature_results": {"Single Carriageway": {"mae": 5.2304663700188163, "mse": 44.822853458705964, "best_function": 0, "parameters": [31.069320160259569, 16.601327700775915, -1.7451450468301468, 1.0, 1.1484904736199684, 0.56692061601860944, 26.656877634502596]}}, "street_tally": [1.0, 0.0, 0.0]}