{"nature_results": {"Traffic Island Link At Junction": {"mae": 8.9968531246092187, "mse": 141.8819121555054, "best_function": 0, "parameters": [1.0, 1.0, 1.0, 1.0, 1.0, 1.0, 1.0]}, "Single Carriageway": {"mae": 6.4004332566001594, "mse": 169.69529264376229, "best_function": 0, "parameters": [-0.87243706212263117, 3.0322662126276034, 0.025025432791371149, 1.0, -0.16999817116902638, 1.2795449164908808, 23.625054182870645]}, "Roundabout": {"mae": 6.6068189301631381, "mse": 79.26837766362425, "best_function": 2, "parameters": [2.1417333564529852, 0.31104706462660214, -0.079759826436761827, 1.0, -0.037327128468943371, 0.28925784275433508, -0.14833369825642673, -1.4831910641997172, 21.023523029869484]}, "Dual Carriageway": {"mae": 7.3229535172015572, "mse": 88.527710932895985, "best_function": 0, "parameters": [0.97446508093322559, 1.854347534677883, 0.52732391969192138, 1.0, 1.2064445739081795, 0.47662815850778983, 25.113795533945311]}, "Slip Road": {"mae": 14.141765793978935, "mse": 568.41223058853097, "best_function": 1, "parameters": [1.4533176432584647, 1.5833663216410561, 1.2900417814697844, 0.15553515638037152, 1.3354377249465728, -4.0719280657628865, 1.0, 15.568209760732312]}}, "street_tally": [3.0, 1.0, 1.0]}