{"nature_results": {"Single Carriageway": {"mae": 26.790285243988571, "mse": 748.11795087555345, "best_function": 0, "parameters": [1.0, 1.0, 1.0, 1.0, 1.0, 1.0, 1.0]}}, "street_tally": [1.0, 0.0, 0.0]}