{"nature_results": {"Traffic Island Link At Junction": {"mae": 27.480376703489036, "mse": 797.32036478432155, "best_function": 0, "parameters": [1.0, 1.0, 1.0, 1.0, 1.0, 1.0, 1.0]}, "Single Carriageway": {"mae": 26.60207846601779, "mse": 733.60877597704587, "best_function": 0, "parameters": [1.0, 1.0, 1.0, 1.0, 1.0, 1.0, 1.0]}}, "street_tally": [2.0, 0.0, 0.0]}