{"nature_results": {"Traffic Island Link At Junction": {"mae": 9.2448036387060846, "mse": 123.09368224197577, "best_function": 0, "parameters": [1.0, 1.0, 1.0, 1.0, 1.0, 1.0, 1.0]}, "Single Carriageway": {"mae": 18.281880094047402, "mse": 402.23450429065605, "best_function": 0, "parameters": [1.0, 1.0, 1.0, 1.0, 1.0, 1.0, 1.0]}}, "street_tally": [2.0, 0.0, 0.0]}