{"nature_results": {"Single Carriageway": {"mae": 4.4052172533208056, "mse": 35.551665301389896, "best_function": 2, "parameters": [18.442069608096745, 10.893673983831246, -1.6536904634227074, 1.0, 0.039869301616708208, -0.35828699276277454, 0.29127516734663461, 2.6143703361934172, 30.043564435316757]}}, "street_tally": [0.0, 0.0, 1.0]}