{"nature_results": {"Traffic Island Link At Junction": {"mae": 4.693355687135945, "mse": 33.533299362933718, "best_function": 0, "parameters": [-5.6614949346690251, 0.066190127628964146, -0.32923529645449467, 1.0, 1.5717225668190924, 0.098548547528862218, 16.103153617157226]}, "Single Carriageway": {"mae": 5.3822269227856738, "mse": 45.557292081928459, "best_function": 0, "parameters": [3.3807966003294605, 6.2223282953943579, -2.0998620032748305, 1.0, 1.2465354653396892, 0.56721983770589801, 30.521416094284767]}, "Slip Road": {"mae": 0.90023780677906018, "mse": 0.93202915308421219, "best_function": 0, "parameters": [2.5235702035357797, 3.3985413249488126, 1.5706325581396499, 1.0, 0.13965536408700696, 1.1876460692568716, 18.371280966427268]}, "Roundabout": {"mae": 9.9585809081681873, "mse": 174.76170831271614, "best_function": 2, "parameters": [45.227355985060292, 33.457653395526094, 6.0442066604977427, 1.0, -0.096695146768127849, 0.85882291648519271, -1.7774062998554641, -0.36165500072060985, 31.283487488975091]}, "Traffic Island Link": {"mae": 12.425235751230591, "mse": 199.39362830693389, "best_function": 0, "parameters": [1.0, 1.0, 1.0, 1.0, 1.0, 1.0, 1.0]}}, "street_tally": [4.0, 0.0, 1.0]}