{"nature_results": {"Single Carriageway": {"mae": 6.1799210477569826, "mse": 60.610432465955249, "best_function": 2, "parameters": [1.1451960331286941, 6.2297667439173035, -2.9266737444397286, 1.0, -0.079145610636535801, 0.81752067184289667, -3.1813634640367576, 5.2603177410768058, 21.249270734232297]}}, "street_tally": [0.0, 0.0, 1.0]}