{"nature_results": {"Single Carriageway": {"mae": 21.020450132564132, "mse": 505.14362591707271, "best_function": 0, "parameters": [1.0, 1.0, 1.0, 1.0, 1.0, 1.0, 1.0]}}, "street_tally": [1.0, 0.0, 0.0]}