{"nature_results": {"Single Carriageway": {"avg_speed": {"mae": 6.536291706372924, "mse": 66.72512705880996, "best_function": 2, "parameters": [14.411347957885649, 3.0805580283411138, -2.4883009686823709, 1.0, 0.20178258121633141, -2.2453143845757979, 7.8267154182201244, -9.3926448030272418, 15.192257537682206]}}}, "street_tally": [0.0, 0.0, 0.0]}