{"nature_results": {"Single Carriageway": {"mae": 10.221044805306326, "mse": 215.35258029391528, "best_function": 2, "parameters": [-0.32258255525171231, 1.9330279874162135, 0.28717912614560859, 1.0, -0.081860415275622156, 1.2284011080183359, -5.6093548349041038, 7.9253426827070648, 17.787870258631543]}}, "street_tally": [0.0, 0.0, 1.0]}