{"nature_results": {"Traffic Island Link At Junction": {"mae": 9.93991607403931, "mse": 149.32896820875544, "best_function": 1, "parameters": [2.4160830429988414, 0.97954968367033546, 1.0238913083937924, -0.13223895088815274, 1.4082012409881588, 0.62050607586422746, 1.0, 22.47222916637271]}, "Single Carriageway": {"mae": 4.1353624294371158, "mse": 32.987821251682938, "best_function": 2, "parameters": [-0.18875192725442091, 2.3880871523447147, 0.0079533418887040019, 1.0, 0.01932003558426354, -0.26264055558703947, 0.38224966959598083, 3.1900323593581494, 29.946257489117354]}, "Roundabout": {"mae": 26.106398453585864, "mse": 835.17495673521478, "best_function": 0, "parameters": [1.0, 1.0, 1.0, 1.0, 1.0, 1.0, 1.0]}}, "street_tally": [1.0, 1.0, 1.0]}