{"nature_results": {"Traffic Island Link At Junction": {"mae": 5.7244238446199507, "mse": 55.921747706192164, "best_function": 2, "parameters": [-0.44687910774226358, 9.8453213056548012, -1.7236708206048115, 1.0, 0.038123555501080708, -0.53353256265479776, 2.354805233361327, -3.3545946597928333, 20.275762131802527]}, "Single Carriageway": {"mae": 6.3364880655411921, "mse": 74.679038590922403, "best_function": 2, "parameters": [-3.5202558830540527, 8.6640288660948546, -2.6089321973106312, 1.0, 0.019114136279806182, -0.32234082139922959, 1.5467824845662368, -2.4380962948252267, 29.099652519032414]}, "Slip Road": {"mae": 13.601957429233318, "mse": 209.83186522179093, "best_function": 0, "parameters": [1.0, 1.0, 1.0, 1.0, 1.0, 1.0, 1.0]}, "Traffic Island Link": {"mae": 6.8099633331807885, "mse": 276.11472409292844, "best_function": 2, "parameters": [0.31017289187857311, 20.971405065942086, -1.7253879057063961, 1.0, 0.098003285171617049, -1.3003730446095965, 5.2096073107132916, -6.2077706023664039, 29.351939802460006]}}, "street_tally": [1.0, 0.0, 3.0]}