{"nature_results": {"Traffic Island Link At Junction": {"mae": 5.8799810806163499, "mse": 44.236830217780202, "best_function": 1, "parameters": [-1.6152385109974765, -183.41226694460804, -39.185064136163483, 1.7690418767950451, 0.72134280454864208, -2.0358201864387939, 1.0, 21.914225528736363]}, "Single Carriageway": {"mae": 6.5240097490818885, "mse": 102.25057779376962, "best_function": 1, "parameters": [-2.7567706123851266, -9.6153248483878482, -1.3669352554424137, 2.3873926094061941, 0.48112408626081826, 4.3212950060248776, 1.0, 23.718062936463369]}}, "street_tally": [0.0, 2.0, 0.0]}