{"nature_results": {"Single Carriageway": {"mae": 138.12391824207819, "mse": 50098.499709289179, "best_function": 1, "parameters": [1.0, 1.0, 1.0, 1.0, 1.0, 1.0, 1.0, 1.0]}, "Slip Road": {"mae": 6.9607309644777215, "mse": 90.974175676197021, "best_function": 0, "parameters": [1.0, 1.0, 2.2990033304281225, 1.0, -0.17523882220269038, 1.210335171178186, 3.4502079589834094]}}, "street_tally": [1.0, 1.0, 0.0]}