{"nature_results": {"Traffic Island Link At Junction": {"mae": 8.0591579439580201, "mse": 103.66484408522416, "best_function": 1, "parameters": [4.6947825868895396, 0.96996571239228568, 0.9863218454028555, -1.2570648401043667, 1.8248354934444984, 4.4472371643915753, 1.0, 8.0561630691706529]}, "Single Carriageway": {"mae": 15.006230344186196, "mse": 292.82798751249425, "best_function": 0, "parameters": [1.0, 1.0, 1.0, 1.0, 1.0, 1.0, 1.0]}, "Slip Road": {"mae": 4.0675872645513325, "mse": 22.835534830408736, "best_function": 0, "parameters": [25.737057478392902, 2.6407739654739464, 0.41103854645358739, 1.0, 2.2906785104697311, 0.1355228609867225, 5.6634494804579285]}}, "street_tally": [2.0, 1.0, 0.0]}