{"nature_results": {"Single Carriageway": {"mae": 22.736006328063027, "mse": 582.39761236508673, "best_function": 0, "parameters": [1.0, 1.0, 1.0, 1.0, 1.0, 1.0, 1.0]}, "Roundabout": {"mae": 28.009117689896449, "mse": 946.50292024161104, "best_function": 0, "parameters": [1.0, 1.0, 1.0, 1.0, 1.0, 1.0, 1.0]}, "Traffic Island Link": {"mae": 25.620234652626372, "mse": 699.56995421957708, "best_function": 0, "parameters": [1.0, 1.0, 1.0, 1.0, 1.0, 1.0, 1.0]}, "Traffic Island Link At Junction": {"mae": 6.3904664091159411, "mse": 79.394939754107057, "best_function": 2, "parameters": [3.4006325004595026, 0.73242231653915901, -0.43266923225106746, 1.0, -0.047895503369045356, 0.59913591437914726, -2.8426726467268431, 5.8902489339694926, 25.885989603500295]}, "Slip Road": {"mae": 11.745989072637416, "mse": 206.73055718158471, "best_function": 1, "parameters": [7.200907360917844, 0.34053681918848155, 0.75624068428845215, -2.4988797614046656, 2.2843688683523578, 1.5570299268766461, 1.0, 9.0619940521781928]}, "Dual Carriageway": {"mae": 8.8465614365321112, "mse": 126.57255276639191, "best_function": 2, "parameters": [-0.71512420825032108, 0.12999596027079807, 0.34509283599969209, 1.0, 0.12599455862400977, -1.5676257960775457, 6.0896902982735064, -7.0120943017214135, 26.03005311447933]}}, "street_tally": [3.0, 1.0, 2.0]}