{"nature_results": {"Roundabout": {"mae": 5.0777246847304518, "mse": 55.296072832376161, "best_function": 2, "parameters": [-4.1676607316359364, 1.938162537378233, -2.2148150124645993, 1.0, 0.062882845311386437, -0.92093057245225407, 4.2281600365588012, -5.7869987933909259, 29.404885376084195]}}, "street_tally": [0.0, 0.0, 1.0]}