{"nature_results": {"Traffic Island Link At Junction": {"mae": 8.3856449790122198, "mse": 89.135853837154244, "best_function": 1, "parameters": [-0.0025649310183328833, 0.99193519991593082, 0.95839450260744108, 0.99134565835021926, 1.0046989350282534, -2.5629028093776567, 1.0, 16.16437718811909]}, "Single Carriageway": {"mae": 6.4658508758080027, "mse": 78.864249786587123, "best_function": 2, "parameters": [-2.1240924966670418, 2.329095453453303, -0.035379650528261974, 1.0, 0.041127510175831827, -0.6680858999124244, 3.1597732757078707, -3.9352874089027585, 27.559975346757927]}}, "street_tally": [0.0, 1.0, 1.0]}