{"nature_results": {"Single Carriageway": {"mae": 6.5986284983901937, "mse": 76.996623152288379, "best_function": 2, "parameters": [-2.9629842723420259, 3.6239138450388881, 1.6933251349540013, 1.0, -0.059434207507354175, 0.72516642563108735, -3.3905186714448501, 6.6133665896423732, 21.800565780742954]}, "Dual Carriageway": {"mae": 3.179598786709064, "mse": 18.121935111793849, "best_function": 2, "parameters": [5.1895851755320974, 10.921584323587586, 2.1566066173717342, 1.0, 0.015825463172607468, -0.28461143625800389, 1.4959118525275661, -2.6564844548685969, 26.562751178630954]}, "Slip Road": {"mae": 8.7098672541333606, "mse": 118.60257443984975, "best_function": 0, "parameters": [1.0, 1.0, 1.0, 1.0, 1.0, 1.0, 1.0]}}, "street_tally": [1.0, 0.0, 2.0]}