{"nature_results": {"Single Carriageway": {"mae": 24.017200489578023, "mse": 642.68716858422704, "best_function": 0, "parameters": [1.0, 1.0, 1.0, 1.0, 1.0, 1.0, 1.0]}, "Slip Road": {"mae": 6.3527267502464406, "mse": 77.199536566346453, "best_function": 0, "parameters": [1.0, 1.0, 1.0, 1.0, 1.0, 1.0, 1.0]}, "Traffic Island Link": {"mae": 12.552922478340903, "mse": 233.23257398320391, "best_function": 1, "parameters": [5.429187310218583, -1.3130038152312666, -0.25623017855123975, -1.5863167601310613, 1.9393323997228433, -0.91821691969185792, 1.0, 10.867079740150283]}}, "street_tally": [2.0, 1.0, 0.0]}