{"nature_results": {"Traffic Island Link At Junction": {"mae": 5.7881462577839988, "mse": 51.249948129705558, "best_function": 2, "parameters": [2.068173407547472, 0.90155417868938514, 1.7865615661241887, 1.0, 0.02501115879656246, -0.37113219717422408, 1.6001891599409701, -2.488563921562561, 28.215396021448839]}, "Single Carriageway": {"mae": 31.697542900221865, "mse": 1054.3475842163841, "best_function": 0, "parameters": [1.0, 1.0, 1.0, 1.0, 1.0, 1.0, 1.0]}, "Dual Carriageway": {"mae": 18.966325657276247, "mse": 392.06972397386846, "best_function": 0, "parameters": [1.0, 1.0, 1.0, 1.0, 1.0, 1.0, 1.0]}, "Roundabout": {"mae": 11.569177294000308, "mse": 236.0219953950976, "best_function": 0, "parameters": [6.1870755349767119, 3.6621491426329573, 2.1371176393595706, 1.0, -1.7549461361868368, 1.136836862424317, 35.392811906651914]}}, "street_tally": [3.0, 0.0, 1.0]}