{"nature_results": {"Single Carriageway": {"mae": 8.042871755629502, "mse": 84.430701163336366, "best_function": 1, "parameters": [1.6264230988531976, 0.99389422991503862, 0.98212586620811426, 0.20981076122267583, 1.2902465475844394, -0.14728392088660502, 1.0, 18.512944505022542]}}, "street_tally": [0.0, 1.0, 0.0]}