{"nature_results": {"Slip Road": {"mae": 7.133516034477549, "mse": 77.46386347833473, "best_function": 0, "parameters": [1.0, 1.0, 1.0, 1.0, 1.0, 1.0, 1.0]}, "Dual Carriageway": {"mae": 7.9084495729567452, "mse": 93.564503197774371, "best_function": 1, "parameters": [1.9774234766823193, 0.78099787335065951, 0.85774308267472654, 0.099053177237878653, 1.3193486207174996, -0.64949278151723111, 1.0, 16.735440532358773]}}, "street_tally": [1.0, 1.0, 0.0]}