{"nature_results": {"Traffic Island Link At Junction": {"mae": 9.8311674411122123, "mse": 166.51673995262522, "best_function": 1, "parameters": [1.9533746166593602, 0.99999788958135727, 0.99043638815701729, 0.086805031279625688, 1.3276747378944149, 1.5278265570977236, 1.0, 24.716139350086369]}, "Single Carriageway": {"mae": 4.980569474192186, "mse": 50.32802423039962, "best_function": 2, "parameters": [-1.6904505744011962, 0.23671627318055222, 0.86386126559716425, 1.0, -0.053339053719973384, 0.60633938317318914, -2.6255174478222965, 5.1256067085208619, 26.183878536011388]}}, "street_tally": [0.0, 1.0, 1.0]}