{"nature_results": {"Single Carriageway": {"mae": 4.303756525191897, "mse": 33.276261955996375, "best_function": 2, "parameters": [-1.4334909783832859, 2.9514114405894154, 0.031282156283750528, 1.0, 0.12205013849450785, -1.3687939404559777, 4.4836328326250579, -3.5781322521090964, 18.009290180213274]}, "Slip Road": {"mae": 6.9394371608113854, "mse": 73.921474564633954, "best_function": 0, "parameters": [1.0, 1.0, 1.0, 1.0, 1.0, 1.0, 1.0]}, "Traffic Island Link": {"mae": 4.619081803460614, "mse": 33.359264300786343, "best_function": 2, "parameters": [-0.61136803794736339, 4.7257264320772343, 2.5256528087924037, 1.0, -0.057022257257682396, 0.69454565777259913, -2.2163915018561759, 0.36650799199224715, 22.575435098902478]}}, "street_tally": [1.0, 0.0, 2.0]}