{"nature_results": {"Traffic Island Link At Junction": {"mae": 4.7027158725737168, "mse": 59.82017806631611, "best_function": 2, "parameters": [2.5512202485203819, 6.2459299659163614, 3.519875892733956, 1.0, -0.048461289221266579, 0.53092235874493221, -2.2264271707461845, 4.1173233592480623, 21.075520364169883]}, "Single Carriageway": {"mae": 18.398749920119386, "mse": 379.01652990850022, "best_function": 0, "parameters": [1.0, 1.0, 1.0, 1.0, 1.0, 1.0, 1.0]}, "Dual Carriageway": {"mae": 6.3257961369981226, "mse": 72.554409653835052, "best_function": 2, "parameters": [-0.65933316082654825, 1.1731114047573941, 0.97407664943884931, 1.0, -0.032562245071106721, 0.33328778948648352, -1.3192009911322273, 2.6963135282969746, 24.256557285951196]}, "Slip Road": {"mae": 6.2350280872204964, "mse": 71.895371935408875, "best_function": 1, "parameters": [2.7804098211740937, 11.975111413738102, 4.7429960680986074, -0.37563407426698125, 1.5107752457498331, 1.6893934325163258, 1.0, 4.8061797214932067]}}, "street_tally": [1.0, 1.0, 2.0]}