{"nature_results": {"Traffic Island Link At Junction": {"mae": 5.0125728822114723, "mse": 32.808735785490022, "best_function": 0, "parameters": [136.51957310760505, 59.039648869231968, 4.1873786193738773, 1.0, 0.10317941896360328, 1.0443471437945118, 7.3417094979398465]}, "Single Carriageway": {"mae": 6.3278544867155881, "mse": 63.756852716156757, "best_function": 2, "parameters": [-2.6272592786373505, 3.3060588462687317, -1.1419672254961895, 1.0, 0.089387873685190855, -0.88721856168109392, 2.3146081283608604, -1.3966750827781489, 22.011282439330135]}}, "street_tally": [1.0, 0.0, 1.0]}