{"nature_results": {"Single Carriageway": {"mae": 4.8047657565250486, "mse": 49.025128800609025, "best_function": 2, "parameters": [-2.7963605650867063, 1.4010841389844273, -0.18672410442802745, 1.0, 0.00051052835725118317, 0.146258784119628, -1.4672903098770855, 3.6573610367572735, 25.140212433675348]}, "Dual Carriageway": {"mae": 3.3161739844310523, "mse": 19.568910854784576, "best_function": 2, "parameters": [1.0529371251779693, 2.7221045132560739, 0.065152790020666096, 1.0, -0.14918174846270871, 1.844556731779323, -7.0554941212985192, 7.9142991057099232, 29.941175353796549]}}, "street_tally": [0.0, 0.0, 2.0]}