{"nature_results": {"Single Carriageway": {"mae": 13.754217775169282, "mse": 412.25199602777377, "best_function": 1, "parameters": [4.0478213918161803, 1.0604563254771395, 0.94304547964030572, -0.99910131593496931, 1.7411910054060229, 5.9323663103969775, 1.0, 9.7199871114062475]}, "Dual Carriageway": {"mae": 7.2804753724706632, "mse": 76.41738175945946, "best_function": 2, "parameters": [-3.7941802581323039, 0.93250836857241126, -0.13477443153211044, 1.0, 0.10068596668187457, -1.1688340988831425, 3.8813811946990757, -2.9269582292672203, 11.368936466141472]}}, "street_tally": [0.0, 1.0, 1.0]}