{"nature_results": {"Single Carriageway": {"mae": 4.3204813617929858, "mse": 36.412145105714409, "best_function": 2, "parameters": [1.9091405302355895, 0.71017730526385725, -3.429797592155575, 1.0, 0.10843706686665422, -1.3107832854959511, 4.4620859699210751, -2.4157593137594602, 23.12660923839616]}}, "street_tally": [0.0, 0.0, 1.0]}