{"nature_results": {"Single Carriageway": {"mae": 6.5093878850188975, "mse": 69.41281439250983, "best_function": 2, "parameters": [41.693705445137667, 6.9401897176783791, 0.80014319674570178, 1.0, -0.03992932685072792, 0.39447662218891022, -1.415735985917272, 3.0370459417215048, 22.549600728511287]}}, "street_tally": [0.0, 0.0, 1.0]}