{"nature_results": {"Single Carriageway": {"mae": 15.410469263125927, "mse": 305.70601830436794, "best_function": 0, "parameters": [1.0, 1.0, 1.0, 1.0, 1.0, 1.0, 1.0]}}, "street_tally": [1.0, 0.0, 0.0]}