{"nature_results": {"Traffic Island Link At Junction": {"mae": 10.365382952991016, "mse": 130.87758077971941, "best_function": 1, "parameters": [2.4866065541393181, 0.82181814911828477, 0.92401834296730034, -0.20499573090482026, 1.4426175221263131, 2.8272434446579622, 1.0, 6.2274539651424288]}, "Single Carriageway": {"mae": 6.3401478359274064, "mse": 66.282992378405083, "best_function": 2, "parameters": [14.527782784305193, 6.9758777521770927, -0.27749898619549218, 1.0, -0.06254297523212915, 0.5990019945674816, -1.6324723656291344, 1.7321213554325652, 23.56488437456629]}, "Traffic Island Link": {"mae": 7.768698336599674, "mse": 101.97688566428141, "best_function": 2, "parameters": [83.131250039827236, 68.896175289995583, -0.93282590647380537, 1.0, -0.15625240156696552, 1.4974799449993437, -3.2272149079686194, -0.77653030315779947, 24.524475412428135]}}, "street_tally": [0.0, 1.0, 2.0]}