{"nature_results": {"Single Carriageway": {"mae": 4.4994783505669664, "mse": 31.411084077874388, "best_function": 1, "parameters": [1.86079225088961, 0.78109067994830816, 0.86333327327190901, 0.10497298769208097, 1.326859590520804, 0.084159088539953242, 1.0, 10.991975031741021]}}, "street_tally": [0.0, 1.0, 0.0]}