{"nature_results": {"Traffic Island Link At Junction": {"mae": 5.1063619846345283, "mse": 53.940900027936024, "best_function": 0, "parameters": [8.8929950466614862, 3.2271857771086951, -0.93601132368544793, 1.0, 1.6037671655874846, 0.17760443667616987, 14.474503712559475]}, "Single Carriageway": {"mae": 14.989941855908496, "mse": 298.98735859922363, "best_function": 0, "parameters": [1.0, 1.0, 1.0, 1.0, 1.0, 1.0, 1.0]}}, "street_tally": [2.0, 0.0, 0.0]}