{"nature_results": {"Single Carriageway": {"mae": 22.06744917759746, "mse": 568.96684774811172, "best_function": 0, "parameters": [1.0, 1.0, 1.0, 1.0, 1.0, 1.0, 1.0]}}, "street_tally": [1.0, 0.0, 0.0]}