{"nature_results": {"Traffic Island Link At Junction": {"mae": 3.9892747831304116, "mse": 25.4727581150951, "best_function": 2, "parameters": [-3.7242698115915394, 2.7645933572522416, 0.033715438385056862, 1.0, -0.061536221270667157, 0.85245229628910102, -3.7324067064815898, 5.009059423476236, 19.427315276705873]}, "Single Carriageway": {"mae": 3.7125592588921723, "mse": 25.091341714791707, "best_function": 2, "parameters": [-1.6867307373869194, 1.4502938631730218, 0.012621743525793816, 1.0, -0.077006664594765573, 1.1066514103383809, -5.1629389476158778, 8.130599940246757, 31.216980947474696]}}, "street_tally": [0.0, 0.0, 2.0]}