{"nature_results": {"Single Carriageway": {"mae": 27.975388952073253, "mse": 829.86257294323229, "best_function": 0, "parameters": [1.0, 1.0, 1.0, 1.0, 1.0, 1.0, 1.0]}, "Dual Carriageway": {"mae": 16.515107226441778, "mse": 613.95453034375566, "best_function": 1, "parameters": [-0.062365168463201393, 1.0406318849217913, 1.0391867053596175, 1.0554465532225845, 0.97446616525243723, -4.2422635562321442, 1.0, 34.211090376392669]}}, "street_tally": [1.0, 1.0, 0.0]}