{"nature_results": {"Traffic Island Link At Junction": {"mae": 13.828917324270618, "mse": 332.81768335415995, "best_function": 1, "parameters": [1.3939309401488653, 0.99411404710918816, 0.97436966411421766, 0.32979365125343763, 1.2442970984981525, 0.77004166698444843, 1.0, 23.298209597998991]}, "Single Carriageway": {"mae": 6.3449925962953957, "mse": 69.264517419323198, "best_function": 2, "parameters": [-3.2560023168119034, 0.32918883160874846, 1.6537990672265632, 1.0, 0.018210025717319889, -0.34314725007391056, 1.4191049577518635, -0.23025475020301878, 22.154937803711487]}, "Traffic Island Link": {"mae": 14.282061788432838, "mse": 282.20019707954486, "best_function": 0, "parameters": [1.0, 1.0, 1.0, 1.0, 1.0, 1.0, 1.0]}}, "street_tally": [1.0, 1.0, 1.0]}