{"nature_results": {"Single Carriageway": {"mae": 6.9927766664343993, "mse": 69.87371488216769, "best_function": 2, "parameters": [-6.6601542071086914, 3.1574259562990181, -1.0025720475397959, 1.0, 0.035249513075858663, -0.4469817244892389, 1.6764871960623839, -1.7759251113917687, 20.802500580077549]}}, "street_tally": [0.0, 0.0, 1.0]}