{"nature_results": {"Traffic Island Link At Junction": {"mae": 15.120532456716502, "mse": 327.42095386740004, "best_function": 0, "parameters": [1.0, 1.0, 1.0, 1.0, 1.0, 1.0, 1.0]}, "Single Carriageway": {"mae": 5.0291133627190527, "mse": 45.173815252552743, "best_function": 2, "parameters": [-1.8849467775750721, 3.9791726805383809, 1.2302862713520077, 1.0, -0.069497710579518035, 0.80435462806006375, -2.73920458000944, 2.5612120516559456, 18.505406342702674]}, "Traffic Island Link": {"mae": 5.5096910135108983, "mse": 48.246615733278482, "best_function": 2, "parameters": [0.49741387903670597, 8.8754676453050276, -0.68951057805923921, 1.0, -0.13619482409913641, 1.7247710165251036, -6.2089905086545114, 4.5440052930610513, 26.166507103593108]}}, "street_tally": [1.0, 0.0, 2.0]}