{"nature_results": {"Single Carriageway": {"mae": 6.5304432803281713, "mse": 56.46493058611572, "best_function": 1, "parameters": [4.2252176113943118, 0.99903708849592221, 1.043883424577198, -1.1573252114397508, 1.8117998513265552, 1.7244514064723124, 1.0, 17.910485446502143]}}, "street_tally": [0.0, 1.0, 0.0]}