{"nature_results": {"Single Carriageway": {"mae": 4.6466998020632557, "mse": 36.562077968586365, "best_function": 2, "parameters": [-3.1370855590489954, 1.3169151847201865, -0.30488791891803957, 1.0, -0.10276839845861474, 1.2997887112898998, -4.9552098682931449, 5.4810788434184561, 24.809733014447623]}, "Traffic Island Link": {"mae": 4.8189887438777896, "mse": 44.72661553763367, "best_function": 0, "parameters": [4.4077762162535636, 3.5833879522711731, 2.6216576660593054, 1.0, -0.13954034316766362, 0.96937214457853571, 20.282835077658593]}}, "street_tally": [1.0, 0.0, 1.0]}