{"nature_results": {"Traffic Island Link At Junction": {"mae": 4.9022320543942728, "mse": 41.571866876335463, "best_function": 2, "parameters": [77.589043878651026, 54.561544502990309, 2.5761508304644347, 1.0, -0.28845165334063161, 3.2953384360964559, -10.958446023097506, 9.1247864116013364, 17.947248947529555]}, "Single Carriageway": {"mae": 8.1421186805149492, "mse": 108.46182951602752, "best_function": 2, "parameters": [43.071538721730526, 18.392656406129031, 2.7799336485910393, 1.0, -0.16425326998558609, 2.076383320415653, -9.0217423225903222, 15.808338237372233, 23.515024919454952]}}, "street_tally": [0.0, 0.0, 2.0]}