{"nature_results": {"Single Carriageway": {"mae": 14.533770134065772, "mse": 280.44136842567883, "best_function": 0, "parameters": [1.0, 1.0, 1.0, 1.0, 1.0, 1.0, 1.0]}, "Traffic Island Link": {"mae": 10.233415778365581, "mse": 154.43806846948655, "best_function": 0, "parameters": [90.068714395927032, 41.704416109242565, -0.62684592651233961, 1.0, -0.47087301494310196, 1.5170816523273873, 19.303771607389034]}}, "street_tally": [2.0, 0.0, 0.0]}