{"nature_results": {"Traffic Island Link At Junction": {"mae": 11.12107295880574, "mse": 174.92912526678097, "best_function": 0, "parameters": [1.0, 1.0, 1.0, 1.0, 1.0, 1.0, 1.0]}, "Single Carriageway": {"mae": 20.76104106650223, "mse": 472.36005531962132, "best_function": 0, "parameters": [1.0, 1.0, 1.0, 1.0, 1.0, 1.0, 1.0]}}, "street_tally": [2.0, 0.0, 0.0]}