{"nature_results": {"Traffic Island Link At Junction": {"mae": 12.126182517781599, "mse": 199.4333375400783, "best_function": 0, "parameters": [1.0, 1.0, 1.0, 1.0, 1.0, 1.0, 1.0]}, "Single Carriageway": {"mae": 5.838681484330559, "mse": 58.239280388294546, "best_function": 2, "parameters": [-1.3462515313389112, 2.7712497748595126, -0.90952196050834511, 1.0, 0.19121651440546783, -2.4782070601228696, 9.3452181673404073, -8.7297161539789982, 35.650323361966393]}, "Dual Carriageway": {"mae": 4.0595229387038057, "mse": 26.270992007363088, "best_function": 2, "parameters": [0.15350993943497937, 3.0043163887429509, -0.54959017029895563, 1.0, -0.15949243042168826, 1.7587591802221128, -5.6768748697648359, 5.334163178026774, 28.325534046714793]}, "Traffic Island Link": {"mae": 10.381912087980528, "mse": 148.08262166627392, "best_function": 2, "parameters": [-5.1930944418975047, 24.228101731317413, -2.0910511810374066, 1.0, 0.13417757620845705, -2.2554600782450915, 11.557029561115224, -18.785534034528563, 39.259270393619225]}}, "street_tally": [1.0, 0.0, 3.0]}