{"nature_results": {"Traffic Island Link At Junction": {"mae": 12.363783860361529, "mse": 215.5094301217344, "best_function": 0, "parameters": [1.0, 1.0, 1.0, 1.0, 1.0, 1.0, 1.0]}, "Single Carriageway": {"mae": 5.1845908538477286, "mse": 125.51305896896415, "best_function": 0, "parameters": [-2.0802423877768512, 3.0790627780703761, 0.24552843548844971, 1.0, 1.9496175007979104, 0.11189082494232028, 22.904790181240962]}}, "street_tally": [2.0, 0.0, 0.0]}