{"nature_results": {"Single Carriageway": {"mae": 7.9806876065885994, "mse": 97.772368209635076, "best_function": 2, "parameters": [-22.258707812541779, 2.9480517101959114, -2.1885394489659031, 1.0, -0.37593727642880892, 4.8400687685929942, -19.324228521436854, 24.065534154050457, 23.667907766039779]}}, "street_tally": [0.0, 0.0, 1.0]}