{"nature_results": {"Traffic Island Link At Junction": {"mae": 5.2715365504782863, "mse": 51.437738335241463, "best_function": 0, "parameters": [-2.4232783434755403, 2.4537465139381904, 0.50186351054067901, 1.0, 0.86313269690671124, 0.16794069544646018, 25.339105998181079]}, "Single Carriageway": {"mae": 7.7005532940738046, "mse": 132.88591694816645, "best_function": 1, "parameters": [-0.025799305266895223, 0.94801513774694723, 0.97236191770185232, 1.0007786321451393, 1.0014208866589873, -0.029999361424788207, 1.0, 33.511601453882385]}, "Roundabout": {"mae": 6.0423937266276848, "mse": 94.193797479073012, "best_function": 0, "parameters": [-8.6009271782382459, 2.7926160806070977, -0.29806883544337448, 1.0, 0.21642656180872466, 0.76094376374665373, 24.698603772692685]}, "Traffic Island Link": {"mae": 30.775112107808202, "mse": 1043.4247746145745, "best_function": 0, "parameters": [1.0, 1.0, 1.0, 1.0, 1.0, 1.0, 1.0]}}, "street_tally": [3.0, 1.0, 0.0]}