{"nature_results": {"Traffic Island Link At Junction": {"mae": 14.185732234283558, "mse": 243.81373155429148, "best_function": 0, "parameters": [1.0, 1.0, 1.0, 1.0, 1.0, 1.0, 1.0]}, "Single Carriageway": {"mae": 7.0616482271953807, "mse": 87.748182061562076, "best_function": 2, "parameters": [-3.1236673450212571, 3.8296010322416807, -0.43795675622913199, 1.0, 0.044437883226423391, -0.58765046230448337, 2.1807631124093785, -1.7087638920074513, 27.431993780637743]}, "Slip Road": {"mae": 2.1140226840816951, "mse": 8.7027182979847453, "best_function": 2, "parameters": [-6.2740496804162396, 4.0472571076487256, -1.1947248985612959, 1.0, 0.033882933157754369, -0.6327497654378722, 3.854283336954285, -8.3047094481023951, 22.149258078510513]}}, "street_tally": [1.0, 0.0, 2.0]}