{"nature_results": {"Traffic Island Link At Junction": {"mae": 7.6927698268292595, "mse": 92.654086062899665, "best_function": 1, "parameters": [2.3194036823015298, 0.98467801668637045, 0.98816086569423556, -0.19848030699354613, 1.4537967994123631, -1.7395373153571669, 1.0, 15.147045018014973]}, "Single Carriageway": {"mae": 4.2598949686840939, "mse": 34.996589212371411, "best_function": 1, "parameters": [2.2294104634242369, 0.97396659116694906, 0.97039840930441734, -0.081787002325589553, 1.3972131697904899, 2.4207223467116554, 1.0, 17.71538989869028]}}, "street_tally": [0.0, 2.0, 0.0]}