{"nature_results": {"Traffic Island Link At Junction": {"mae": 41.281490539104297, "mse": 3850.7499835685421, "best_function": 1, "parameters": [-0.22858929254418681, 1.44938190804463, 1.240641222912767, 1.1023241458582405, 0.96460840738338771, 1.3890087773523794, 1.0, 9.2970061495855276]}, "Single Carriageway": {"mae": 6.6570884445061891, "mse": 64.304881064757481, "best_function": 0, "parameters": [1.0, 1.0, 1.0, 1.0, 1.0, 1.0, 1.0]}}, "street_tally": [1.0, 1.0, 0.0]}