{"nature_results": {"Traffic Island Link At Junction": {"mae": 7.1922937934520377, "mse": 92.462798292320656, "best_function": 1, "parameters": [1.7394061456368539, 0.98322794334219688, 0.99365408740700822, 0.19111795216308192, 1.2909465401387417, 1.0796930461932024, 1.0, 12.949647779683609]}, "Single Carriageway": {"mae": 6.4864913640957607, "mse": 68.491058029390558, "best_function": 2, "parameters": [-0.98442456727584071, 0.19142871589043453, 2.2568851593669077, 1.0, -0.060354319664046807, 0.70240759399377084, -2.6516675263996303, 4.3353538159443197, 14.903180757850825]}, "Dual Carriageway": {"mae": 9.1787408984539667, "mse": 338.77531989884039, "best_function": 1, "parameters": [1.6421397018137394, 0.98365568154704874, 0.99470520869063461, 0.28585356319924893, 1.2474794732594494, 0.56397418237545183, 1.0, 22.082481109205094]}, "Slip Road": {"mae": 4.6696437946928144, "mse": 48.523631770655285, "best_function": 0, "parameters": [-0.71525787519441963, 3.4735914220626833, 0.94214801911465273, 1.0, 1.6134379452361816, 0.52349628230887313, 24.823533433127466]}}, "street_tally": [1.0, 2.0, 1.0]}