{"nature_results": {"Single Carriageway": {"mae": 5.9349256972132878, "mse": 63.751048815072494, "best_function": 2, "parameters": [2.2473969377848624, 5.2924787764674779, 2.6569653298222899, 1.0, 0.038400254520738142, -0.51453019793758137, 2.0535328047662862, -2.7802631179424497, 32.658446041080794]}}, "street_tally": [0.0, 0.0, 1.0]}