{"nature_results": {"Traffic Island Link At Junction": {"mae": 9.1024817165463556, "mse": 100.17189186262883, "best_function": 0, "parameters": [1.0, 1.0, 1.0, 1.0, 1.0, 1.0, 1.0]}, "Single Carriageway": {"mae": 13.852938860880309, "mse": 226.26661027493333, "best_function": 0, "parameters": [1.0, 1.0, 1.0, 1.0, 1.0, 1.0, 1.0]}}, "street_tally": [2.0, 0.0, 0.0]}