{"nature_results": {"Single Carriageway": {"mae": 56.963901590315558, "mse": 35669.609702413683, "best_function": 1, "parameters": [-0.17541300740668242, 1.0204267551908537, 1.0509081003506913, 1.0809592545796667, 0.97108767915050342, -0.23871620954203077, 1.0, 24.583304330399987]}, "Dual Carriageway": {"mae": 20.81688759641284, "mse": 3908.9752645680901, "best_function": 1, "parameters": [1.5226460655122684, 1.008971995720733, 1.049562375975821, 0.29560885700454109, 1.2525093190301626, -3.2695421857000682, 1.0, 19.434154974504835]}}, "street_tally": [0.0, 2.0, 0.0]}