{"nature_results": {"Traffic Island Link At Junction": {"mae": 9.1699248631409738, "mse": 146.04925952051732, "best_function": 2, "parameters": [0.65752306697445606, 2.3346159475383335, 0.48355643342306376, 1.0, -0.076866637661995307, 0.94305460814357367, -3.985479735423116, 6.0452162711063862, 27.250429077703796]}, "Single Carriageway": {"mae": 7.7165923292625633, "mse": 94.746870715737387, "best_function": 2, "parameters": [-0.74234638137263609, 2.649399508514712, 0.046867209717771918, 1.0, -0.0101687983483425, 0.061250568074568634, -0.50732691661263485, 2.6809373620755745, 28.876270407073449]}, "Dual Carriageway": {"mae": 30.052123506154629, "mse": 2000.3559308534161, "best_function": 1, "parameters": [0.85041996742201231, 0.97212265159409306, 0.9853283000674844, 0.59553007394551982, 1.1467877194538365, -0.5357810259484177, 1.0, 50.860837467484458]}, "Slip Road": {"mae": 7.4819531767646126, "mse": 83.782502694409359, "best_function": 2, "parameters": [125.44640389984545, 79.401792500763506, -2.8227732669968, 1.0, -0.10787516137895525, 1.0005768156894235, -1.5290658480775017, -3.8608160292312244, 20.027876234296066]}}, "street_tally": [0.0, 1.0, 3.0]}