{"nature_results": {"Single Carriageway": {"mae": 6.9521416769707143, "mse": 86.957945356816069, "best_function": 2, "parameters": [68.281280306075146, 18.670157659777761, 2.4811757958672516, 1.0, -0.16318248520204537, 2.3281097211076434, -10.135375935130703, 13.285891758169106, 21.801347382708382]}, "Slip Road": {"mae": 9.7656485783261076, "mse": 162.17810762844675, "best_function": 2, "parameters": [12.735952233314052, 22.165064971192852, -1.3353325418928046, 1.0, -0.032607076125295897, 0.4615380105890583, -1.1934207934759287, -1.1479732745094582, 38.960949270967404]}}, "street_tally": [0.0, 0.0, 2.0]}