{"nature_results": {"Traffic Island Link At Junction": {"mae": 11.429451596026583, "mse": 178.60496346276224, "best_function": 1, "parameters": [3.4221653233779801, 0.82558457877625002, 0.89499983371622771, -0.63687165693758874, 1.5962588856260411, -2.2829382417578352, 1.0, 21.939115441341684]}, "Single Carriageway": {"mae": 19.238276459163902, "mse": 404.07420794424553, "best_function": 0, "parameters": [1.0, 1.0, 1.0, 1.0, 1.0, 1.0, 1.0]}}, "street_tally": [1.0, 1.0, 0.0]}