{"nature_results": {"Single Carriageway": {"mae": 6.033994481476574, "mse": 68.864422513682399, "best_function": 2, "parameters": [12.492439988482843, 12.910735982714661, -1.4057983680626878, 1.0, 0.11809333800932575, -1.453693887290648, 5.3038464759479274, -4.8834167668719077, 29.608923513696855]}, "Roundabout": {"mae": 8.7808143005096024, "mse": 120.82727510862756, "best_function": 0, "parameters": [-1.5375506999707906, 6.5657676981460247, -1.7675446991943922, 1.0, 0.26235806859190292, 0.81285879183426457, 26.837805005235104]}, "Traffic Island Link": {"mae": 9.3811677614652407, "mse": 140.41582208714198, "best_function": 0, "parameters": [5.1756843166261461, 14.31439189930453, -1.8445675914864372, 1.0, 0.18048160975665706, 0.73977816997279788, 24.29003664417678]}, "Traffic Island Link At Junction": {"mae": 4.6629210730190023, "mse": 44.149619597349485, "best_function": 2, "parameters": [6.5157380414394179, 4.5272791003131125, -0.51046464412201686, 1.0, 0.08348923370284711, -0.90107939193542075, 2.5411512350850889, -1.0395700590350043, 21.244281328417745]}, "Slip Road": {"mae": 13.064375158939708, "mse": 310.45870016278133, "best_function": 0, "parameters": [1.0, 1.0, 1.0, 1.0, 1.0, 1.0, 1.0]}, "Dual Carriageway": {"mae": 6.2403205063989136, "mse": 72.315533994731751, "best_function": 2, "parameters": [9.3469009688419309, 23.906272074901217, -3.1170457399371783, 1.0, -0.20574203158546034, 2.5675294305713128, -9.714149223680888, 10.319895887152681, 34.849248274627925]}}, "street_tally": [3.0, 0.0, 3.0]}