{"nature_results": {"Single Carriageway": {"mae": 4.4570089426953672, "mse": 49.889876463482373, "best_function": 2, "parameters": [-0.19061054251697995, 0.19577874576641452, -0.076576010665222238, 1.0, -0.017720888473921059, 0.052911383403716594, 0.66617438219254543, -1.8382111473694507, 15.990232785353012]}}, "street_tally": [0.0, 0.0, 1.0]}