{"nature_results": {"Traffic Island Link At Junction": {"mae": 5.818615735110928, "mse": 63.330411387120492, "best_function": 2, "parameters": [0.085352019006995294, 2.5654104386163676, -0.39849996547268374, 1.0, 0.032736547936529248, -0.31255474737613742, 0.79599783820008607, -0.92421558623610478, 19.998920473064867]}, "Single Carriageway": {"mae": 5.2127189438483281, "mse": 47.553907011521972, "best_function": 1, "parameters": [1.8167626764281088, 0.99813652901590022, 1.0011127719631379, 0.1076642461741496, 1.3289728893066615, 0.11118492848258799, 1.0, 28.22567774351101]}, "Roundabout": {"mae": 18.558520437255684, "mse": 458.67820715914019, "best_function": 0, "parameters": [1.0, 1.0, 1.0, 1.0, 1.0, 1.0, 1.0]}}, "street_tally": [1.0, 1.0, 1.0]}