{"nature_results": {"Traffic Island Link At Junction": {"mae": 5.4902379424339189, "mse": 51.255965910352458, "best_function": 2, "parameters": [8.9304731986978965, 4.0860047316964412, 1.1881829512920006, 1.0, -0.040541262752457952, 0.55953533434557445, -1.8813929562160747, -0.33930587241911869, 12.643254685352643]}, "Single Carriageway": {"mae": 4.6177344879175974, "mse": 38.069573083133918, "best_function": 2, "parameters": [0.12003128888706005, 5.3360659419383527, 0.61166067811755942, 1.0, 0.038986152501221505, -0.61295638181301948, 2.6820999658931797, -2.640616034981067, 22.415314855064253]}}, "street_tally": [0.0, 0.0, 2.0]}