{"nature_results": {"Traffic Island Link At Junction": {"mae": 15.017540037834626, "mse": 290.99571044587702, "best_function": 0, "parameters": [1.0, 1.0, 1.0, 1.0, 1.0, 1.0, 1.0]}, "Single Carriageway": {"mae": 3.9948455390265618, "mse": 57.356611326169308, "best_function": 0, "parameters": [21.747726556878863, 7.0991968621915467, -1.7815115554094172, 1.0, 1.6545782262951705, 0.16619241979142241, 21.758677509167846]}}, "street_tally": [2.0, 0.0, 0.0]}