{"nature_results": {"Traffic Island Link At Junction": {"mae": 8.3299807244137849, "mse": 94.430170026115562, "best_function": 2, "parameters": [13.731506682297967, 9.7029356580576227, -2.6711613855786656, 1.0, 0.015254100672178583, -0.7763240615360496, 7.0032499020131755, -19.274342229623215, 25.549609831546622]}, "Single Carriageway": {"mae": 6.9367198706096822, "mse": 87.151741854638431, "best_function": 0, "parameters": [61.815840092446379, 38.701773756291459, 0.74200676872094395, 1.0, 1.9178199652975692, 0.10542459204868471, 21.868040401519362]}}, "street_tally": [1.0, 0.0, 1.0]}