{"nature_results": {"Traffic Island Link At Junction": {"mae": 15.857858584503788, "mse": 302.12166738960207, "best_function": 0, "parameters": [1.0, 1.0, 1.0, 1.0, 1.0, 1.0, 1.0]}, "Single Carriageway": {"mae": 5.0957424234934061, "mse": 302.06725772131028, "best_function": 2, "parameters": [7.0814737274475004, 7.7807459757186139, -0.41420913426864137, 1.0, 0.059615006194899123, -0.87156875103560494, 3.8175401787650589, -4.8077313487059152, 30.443261820150163]}}, "street_tally": [1.0, 0.0, 1.0]}