{"nature_results": {"Single Carriageway": {"mae": 22.006212456972293, "mse": 527.72356718148706, "best_function": 0, "parameters": [1.0, 1.0, 1.0, 1.0, 1.0, 1.0, 1.0]}, "Traffic Island Link": {"mae": 6.1997109234467178, "mse": 68.558340245975558, "best_function": 0, "parameters": [3.853602420294207, 6.2352834299677253, -3.038731766159481, 1.0, 1.0496016749369119, 0.15513216290049969, 33.685892908918746]}}, "street_tally": [2.0, 0.0, 0.0]}