{"nature_results": {"Traffic Island Link At Junction": {"mae": 4.2670458858404947, "mse": 29.099226788344392, "best_function": 1, "parameters": [2.3424937467446219, 0.98890190775194153, 0.98345741627073791, -0.10552975376891416, 1.3995267088755707, 1.8090841450109574, 1.0, 22.565561014933049]}, "Single Carriageway": {"mae": 5.135199729981772, "mse": 48.317854007204218, "best_function": 1, "parameters": [1.945134513114708, 0.99555175580153743, 0.9881927270199814, 0.10341867976119101, 1.3198890508341778, 0.30500543919411294, 1.0, 22.974931570110218]}, "Dual Carriageway": {"mae": 16.633360214054136, "mse": 519.43512877972, "best_function": 1, "parameters": [0.09338262173103995, 0.95250982058766531, 0.9463108670257866, 1.0095060320582463, 0.98589172208242415, 0.45540642466917947, 1.0, 27.841054571463292]}, "Traffic Island Link": {"mae": 5.504078681126634, "mse": 51.647313510610168, "best_function": 1, "parameters": [1.8719730602301112, 1.0013279922771181, 0.98475994881487028, 0.12839941041359171, 1.3126753456437332, 1.4411988398140938, 1.0, 27.183993452780783]}}, "street_tally": [0.0, 4.0, 0.0]}