{"nature_results": {"Slip Road": {"mae": 7.7202583259354753, "mse": 82.145856221603864, "best_function": 2, "parameters": [49.714310671605588, 35.458427171887493, 0.98803216005696115, 1.0, -0.070522761277435952, 0.33670078666009395, 0.95637890990776253, -2.0669046806800835, 8.0007170779416761]}, "Dual Carriageway": {"mae": 6.397229118549725, "mse": 68.747584267327952, "best_function": 2, "parameters": [-0.43506350969148389, 0.30948664381761981, 0.10093865296115268, 1.0, -0.0043736573739789897, 0.0039603877437276447, -0.53506684640517443, 3.7039445763229963, 24.852888320690273]}}, "street_tally": [0.0, 0.0, 2.0]}