{"nature_results": {"Single Carriageway": {"mae": 8.727961757514624, "mse": 188.40495161309892, "best_function": 2, "parameters": [-29.990233420258562, 0.030007562927709674, 1.0662669262290612, 1.0, 0.052143327659267436, -0.90153646287658051, 4.4092287738611988, -4.0386120900345306, 39.408129341313526]}, "Traffic Island Link": {"mae": 23.483316979327192, "mse": 657.93082655951753, "best_function": 1, "parameters": [4.7105798369899281, 1.0558169260636876, 1.0867667294295882, -1.1251593190109377, 1.7527760672435795, -9.9821484462305605, 1.0, 38.017984003808714]}}, "street_tally": [0.0, 1.0, 1.0]}