{"nature_results": {"Single Carriageway": {"mae": 6.4012055399501033, "mse": 66.581711032575555, "best_function": 2, "parameters": [-3.2210439480200019, 3.5868371218531014, -1.982530812026841, 1.0, 0.048189314559481722, -0.54406842313444237, 1.8116983873187817, -2.1724294968294613, 26.218350175679436]}}, "street_tally": [0.0, 0.0, 1.0]}