{"nature_results": {"Single Carriageway": {"mae": 53.60087172973946, "mse": 6408.8365489927173, "best_function": 1, "parameters": [0.68304417266932749, 1.1753551165640608, 1.0706334614541713, 0.62698825554326021, 1.1439233186158786, -1.0839834287323904, 1.0, 22.438984558139005]}}, "street_tally": [0.0, 1.0, 0.0]}