{"nature_results": {"Slip Road": {"mae": 6.9993759700401634, "mse": 58.48221604206104, "best_function": 0, "parameters": [484.71177031067134, 240.02610899053016, 1.8582978381045083, 1.0, 2.5227046895875431, 0.1472667017434931, 8.6705849360817204]}, "Dual Carriageway": {"mae": 5.6656043569063348, "mse": 52.347507248292459, "best_function": 2, "parameters": [-10.592252105581425, 3.4082397985680375, 0.3693648492200301, 1.0, -0.053584508848825818, 0.48933218976493953, -0.90313817544213038, -0.63939430323702995, 17.344409695006153]}}, "street_tally": [1.0, 0.0, 1.0]}