{"nature_results": {"Traffic Island Link At Junction": {"mae": 17.016334793891012, "mse": 384.68604967543519, "best_function": 0, "parameters": [1.0, 1.0, 1.0, 1.0, 1.0, 1.0, 1.0]}, "Single Carriageway": {"mae": 27.188201070630861, "mse": 823.80816410615932, "best_function": 0, "parameters": [1.0, 1.0, 1.0, 1.0, 1.0, 1.0, 1.0]}}, "street_tally": [2.0, 0.0, 0.0]}