{"nature_results": {"Single Carriageway": {"mae": 10.302184091261413, "mse": 132.34751266398914, "best_function": 0, "parameters": [66.376673524322143, 44.524145304985481, 1.9342417518151176, 1.0, 8.8176800981896726, -3.198089776480936, 3.0007054074778488]}}, "street_tally": [1.0, 0.0, 0.0]}