{"nature_results": {"Single Carriageway": {"mae": 8.3010045052609414, "mse": 119.20769583357735, "best_function": 1, "parameters": [1.7821090491260927, 0.81402517496607019, 0.90811870493817481, 0.16343039929532388, 1.3023759383268412, -0.40192206712090117, 1.0, 20.477549740147449]}, "Traffic Island Link": {"mae": 7.7505853655179715, "mse": 97.527009569470891, "best_function": 0, "parameters": [18.630442560055254, 1.605412935284988, -0.90070479225322297, 1.0, 0.15635230207084738, 0.72640864057825327, 27.457751657627067]}}, "street_tally": [1.0, 1.0, 0.0]}