{"nature_results": {"Single Carriageway": {"mae": 5.5437547037368864, "mse": 54.08560094321404, "best_function": 0, "parameters": [356.1728630341006, 103.07598709073683, 5.2044925771429362, 1.0, 2.1297499694157049, 0.065009107074870509, 22.917888783399881]}}, "street_tally": [1.0, 0.0, 0.0]}