{"nature_results": {"Single Carriageway": {"mae": 5.1192276983966734, "mse": 48.385995698812522, "best_function": 2, "parameters": [9.9116549448262798, 11.117662731695763, 1.3947406974484071, 1.0, -0.010945742058923402, 0.16277984751301766, -1.2189871502780902, 3.9091150537335446, 23.987909818243043]}}, "street_tally": [0.0, 0.0, 1.0]}