{"nature_results": {"Dual Carriageway": {"mae": 6.7980371216627367, "mse": 95.571165117537717, "best_function": 2, "parameters": [-1.0738505526119315, 3.2498434879439597, 0.21960616840498637, 1.0, 0.05606354375980338, -0.65765501551889294, 2.329362782381053, -2.3361455944982055, 19.591202381778665]}}, "street_tally": [0.0, 0.0, 1.0]}