{"nature_results": {"Single Carriageway": {"mae": 7.1995320485721903, "mse": 78.448139429637692, "best_function": 2, "parameters": [8.0056016141814688, 7.8354146196516998, -0.036775286662063866, 1.0, -0.056890418269229803, 0.63756845300049503, -2.1661355875442303, 2.8782964933513844, 18.082329995642251]}}, "street_tally": [0.0, 0.0, 1.0]}