{"nature_results": {"Traffic Island Link At Junction": {"mae": 5.2188510954872278, "mse": 43.589990086218627, "best_function": 2, "parameters": [1.3472823200056678, 3.6572331477119033, -2.5677606588425266, 1.0, -0.053585791722181808, 0.60272286813896592, -2.2086418362626232, 2.931234070302831, 21.679357051836547]}, "Single Carriageway": {"mae": 25.226852322782037, "mse": 688.26366816568554, "best_function": 0, "parameters": [1.0, 1.0, 1.0, 1.0, 1.0, 1.0, 1.0]}, "Dual Carriageway": {"mae": 7.1241219489828698, "mse": 103.3045566044038, "best_function": 1, "parameters": [1.9770017701383318, 0.99581918219125309, 1.0012746080434083, 0.048599000784153135, 1.3469836077503852, 0.17890325823669995, 1.0, 27.623974264288549]}}, "street_tally": [1.0, 1.0, 1.0]}