{"nature_results": {"Single Carriageway": {"mae": 6.7937926474867956, "mse": 74.756070775840229, "best_function": 2, "parameters": [-3.7251937099104362, 1.9647401201507959, 0.16192723383538266, 1.0, -0.053886581610948836, 0.58505662154397264, -1.9147305491050086, 2.398525697812814, 18.428300576800016]}}, "street_tally": [0.0, 0.0, 1.0]}