{"nature_results": {"Single Carriageway": {"mae": 13.928430164838488, "mse": 258.29394385537938, "best_function": 0, "parameters": [1.0, 1.0, 1.0, 1.0, 1.0, 1.0, 1.0]}}, "street_tally": [1.0, 0.0, 0.0]}