{"nature_results": {"Single Carriageway": {"mae": 6.3052563460038105, "mse": 97.312001657907842, "best_function": 2, "parameters": [-8.1793997757232013, 1.0713383207241667, -2.0566156972732803, 1.0, 0.028710550832672932, -0.27613590940591037, 0.26723234333787071, 2.931040609323766, 21.268739752774678]}, "Traffic Island Link": {"mae": 5.1945137932476788, "mse": 40.965548447780002, "best_function": 2, "parameters": [6.7971317897415604, 15.074905034581533, -1.3830748074354577, 1.0, -0.036709165868393123, 0.36529674443185622, -1.3993727789810717, 3.7201947269363291, 19.761038088897198]}}, "street_tally": [0.0, 0.0, 2.0]}