{"nature_results": {"Single Carriageway": {"mae": 6.0781649391921428, "mse": 60.667036190290624, "best_function": 2, "parameters": [35.173265017684777, 24.221133966196351, 2.8880936660403753, 1.0, -0.37099212936907611, 4.7136085484087396, -18.2931318422937, 21.129522359028968, 24.761384050492243]}}, "street_tally": [0.0, 0.0, 1.0]}