{"nature_results": {"Traffic Island Link At Junction": {"mae": 8.1261782748780522, "mse": 107.2124399003409, "best_function": 2, "parameters": [0.25577287665762338, 6.6478941006574299, 1.5825091841245695, 1.0, -0.0031302723486672512, 0.10691590103334803, -0.95149114638634447, 2.1557436231063303, 20.70514019840607]}, "Single Carriageway": {"mae": 6.3737523810119496, "mse": 63.388605950277636, "best_function": 2, "parameters": [-1.8087558624562239, 1.59462096373194, 0.67054804433107562, 1.0, -0.094923153290778606, 1.0057421155107398, -3.3800092604996248, 4.5882287627420482, 21.406349742050601]}}, "street_tally": [0.0, 0.0, 2.0]}