{"nature_results": {"Traffic Island Link At Junction": {"mae": 7.1191673635010453, "mse": 151.11293937631024, "best_function": 2, "parameters": [3.5681818524325402, 9.7082335074687549, -1.5290247105407841, 1.0, -0.083728637662583205, 1.0984369597975214, -4.9881036084909613, 8.2994148050269416, 26.138486899140023]}, "Single Carriageway": {"mae": 23.66479612683737, "mse": 626.8180153415849, "best_function": 0, "parameters": [1.0, 1.0, 1.0, 1.0, 1.0, 1.0, 1.0]}, "Traffic Island Link": {"mae": 5.3170778967761123, "mse": 50.948377081728722, "best_function": 1, "parameters": [2.3554374868620362, 0.99037062869044035, 0.97421177773410894, -0.094150102195888152, 1.3917971635194963, -0.42833173395180002, 1.0, 30.720826882824678]}}, "street_tally": [1.0, 1.0, 1.0]}