{"nature_results": {"Single Carriageway": {"mae": 14.098109615248744, "mse": 263.4973247702867, "best_function": 0, "parameters": [1.0, 1.0, 1.0, 1.0, 1.0, 1.0, 1.0]}}, "street_tally": [1.0, 0.0, 0.0]}