{"nature_results": {"Single Carriageway": {"mae": 5.2093933133393771, "mse": 35.777306557850345, "best_function": 2, "parameters": [3.7604069217384342, 7.7759819903353433, 0.43398711317426342, 1.0, -0.00037303757208473343, -0.044310057554820759, 0.14612890978282167, 1.0099566307996968, 7.5883319904131499]}}, "street_tally": [0.0, 0.0, 1.0]}