{"nature_results": {"Single Carriageway": {"mae": 5.9790969980306272, "mse": 124.37638232158538, "best_function": 0, "parameters": [16.704823888843713, 8.0614456697488279, 1.2770966523803589, 1.0, 1.2251878336285462, 0.12354482046293291, 29.226718310303031]}, "Dual Carriageway": {"mae": 35.688951525558338, "mse": 4265.5727726454106, "best_function": 1, "parameters": [0.59577790485998072, 1.1432092209198386, 1.0757173047596349, 0.73242282856028851, 1.0941973225961052, 0.5837658391050784, 1.0, 26.069622643151739]}, "Slip Road": {"mae": 12.290530035874404, "mse": 322.53051349001561, "best_function": 0, "parameters": [1.0, 1.0, 1.0, 1.0, 1.0, 1.0, 1.0]}}, "street_tally": [2.0, 1.0, 0.0]}