{"nature_results": {"Single Carriageway": {"mae": 24.889486890400949, "mse": 678.84869797460919, "best_function": 0, "parameters": [1.0, 1.0, 1.0, 1.0, 1.0, 1.0, 1.0]}, "Traffic Island Link": {"mae": 6.1071870694654358, "mse": 56.62354005577199, "best_function": 0, "parameters": [30.204680362873852, 16.134847701154094, 3.3080806624379555, 1.0, -0.25397913461530663, 0.93453850392917337, 36.075351552028366]}}, "street_tally": [2.0, 0.0, 0.0]}