{"nature_results": {"Single Carriageway": {"mae": 6.4077674344339801, "mse": 84.664607340794007, "best_function": 0, "parameters": [1.0995960378203, 4.7129446053933579, 0.056327318622653166, 1.0, 1.4276455003469297, 0.12991531777530663, 19.778544252491582]}}, "street_tally": [1.0, 0.0, 0.0]}