{"nature_results": {"Single Carriageway": {"mae": 5.21950712227948, "mse": 51.317755518788914, "best_function": 0, "parameters": [1.372376262941184, 2.2631636440899774, 0.75212813535483058, 1.0, 1.0560444823767514, 0.38239845947213558, 30.446601091624299]}, "Roundabout": {"mae": 4.5964349047089339, "mse": 42.691943143897412, "best_function": 2, "parameters": [0.12689648401356401, 2.2235803762960127, -0.32081559489999911, 1.0, -0.0076496056249506506, 0.038911903590046815, -0.073973333011206899, 0.29465587936372017, 23.260995181884407]}, "Traffic Island Link": {"mae": 4.7557342403445775, "mse": 39.448221437220539, "best_function": 0, "parameters": [1.9789908324521384, 0.41512700286197646, 0.040860626964793534, 1.0, 0.43998741423446197, 0.78936280677735404, 34.495763911063094]}, "Traffic Island Link At Junction": {"mae": 4.8934836048559278, "mse": 42.075339135229065, "best_function": 2, "parameters": [0.054910623939509406, 3.5135499100912075, 0.85599417352994189, 1.0, 0.022123039110300446, -0.26488349969646552, 0.62020679104174969, 1.175821218570146, 19.650154548138151]}, "Slip Road": {"mae": 16.586791696883314, "mse": 302.24867641204821, "best_function": 0, "parameters": [1.0, 1.0, 1.0, 1.0, 1.0, 1.0, 1.0]}, "Dual Carriageway": {"mae": 7.5869725936565127, "mse": 95.95490069343326, "best_function": 2, "parameters": [0.024863137281393666, 2.1695375411608118, 1.2695430561977605, 1.0, 0.04450927713806041, -0.62919977445772046, 2.6316367600725092, -2.8553496674189538, 24.791027494713468]}}, "street_tally": [3.0, 0.0, 3.0]}