{"nature_results": {"Traffic Island Link At Junction": {"mae": 5.8293761054079649, "mse": 66.772523298083541, "best_function": 1, "parameters": [3.1143366150836846, 0.9779303462205976, 0.99918480967860379, -0.47384691914147337, 1.5334675690967559, 1.0875551629834903, 1.0, 32.868095037691774]}, "Single Carriageway": {"mae": 5.4778667413083317, "mse": 55.718737135347816, "best_function": 2, "parameters": [10.544048199379809, 9.6742596930064106, 1.0078350151511088, 1.0, -0.0063977799398828861, 0.0038800377262315777, -0.23843558889620242, 2.6474864125803306, 34.569687904760897]}}, "street_tally": [0.0, 1.0, 1.0]}