{"nature_results": {"Traffic Island Link At Junction": {"mae": 7.5537622465647791, "mse": 92.604698961595929, "best_function": 2, "parameters": [-0.84525963506980273, 3.0833550538115158, -1.0565093011515749, 1.0, -0.082741466156464716, 1.0937278448725083, -4.9426009934359021, 8.3086940662072521, 20.597755140493142]}, "Single Carriageway": {"mae": 25.294162237407775, "mse": 687.27384026279174, "best_function": 0, "parameters": [1.0, 1.0, 1.0, 1.0, 1.0, 1.0, 1.0]}, "Slip Road": {"mae": 3.9576803706236334, "mse": 24.981073206915546, "best_function": 2, "parameters": [-7.4037519565005532, 3.7387532618003023, 0.74037025427692216, 1.0, -0.022796709367242318, 0.32555542080178712, -1.1291799398722935, -0.057758523206207002, 12.620282877037955]}}, "street_tally": [1.0, 0.0, 2.0]}