{"nature_results": {"Traffic Island Link At Junction": {"mae": 13.521096521846125, "mse": 292.00745082626383, "best_function": 0, "parameters": [1.0, 1.0, 1.0, 1.0, 1.0, 1.0, 1.0]}, "Single Carriageway": {"mae": 17.819400503929238, "mse": 356.27372961225115, "best_function": 0, "parameters": [1.0, 1.0, 1.0, 1.0, 1.0, 1.0, 1.0]}, "Slip Road": {"mae": 10.303213579433033, "mse": 127.11428553712543, "best_function": 0, "parameters": [1.0, 1.0, 1.0, 1.0, 1.0, 1.0, 1.0]}}, "street_tally": [3.0, 0.0, 0.0]}