{"nature_results": {"Traffic Island Link At Junction": {"mae": 9.0182875564574605, "mse": 124.54219850222782, "best_function": 2, "parameters": [11.409098445462456, 0.55898246446446265, -5.6101964738519872, 1.0, 0.12464590139359111, -1.6578560087328253, 6.5836155006554256, -6.3538207399727806, 19.217637047311356]}, "Single Carriageway": {"mae": 6.7954333635892548, "mse": 81.330610991636107, "best_function": 2, "parameters": [2.985892461246177, 3.7068170045046003, -1.4034245076434555, 1.0, -0.16927694323124065, 1.7828402993863, -5.5442907949288518, 5.5634380329278228, 26.213340011662691]}, "Slip Road": {"mae": 6.7312741144463004, "mse": 62.789926800135191, "best_function": 0, "parameters": [1.0, 1.0, 1.0, 1.0, 1.0, 1.0, 1.0]}, "Traffic Island Link": {"mae": 9.0357750008898456, "mse": 122.45298086837929, "best_function": 2, "parameters": [-22.847939822691583, 0.46049251260737045, 8.5397148723864067, 1.0, -0.056258550920717187, 0.42774923966382672, 1.1118207897630237, -10.31819031921699, 22.044980148701356]}}, "street_tally": [1.0, 0.0, 3.0]}