{"nature_results": {"Single Carriageway": {"mae": 3.9169992318345903, "mse": 25.396612053339524, "best_function": 0, "parameters": [28.302354586665373, 22.937268907063846, -0.94277746748535929, 1.0, -0.45328483339109504, 1.1083415336289693, 26.044823788492771]}}, "street_tally": [1.0, 0.0, 0.0]}