{"nature_results": {"Traffic Island Link At Junction": {"mae": 7.8384352531323032, "mse": 102.1190845859031, "best_function": 0, "parameters": [1.0, 1.0, 1.0, 1.0, 1.0, 1.0, 1.0]}, "Single Carriageway": {"mae": 9.4588405329586465, "mse": 122.94614861821708, "best_function": 0, "parameters": [-1.4405260607707873, 6.2282736935283696, -6.4441279424849096, 1.0, 1.9773377472794129, 0.058635575075440705, 27.797431352338705]}, "Traffic Island Link": {"mae": 10.395616767924707, "mse": 163.79823362538585, "best_function": 0, "parameters": [1.0, 1.0, 1.0, 1.0, 1.0, 1.0, 1.0]}}, "street_tally": [3.0, 0.0, 0.0]}