{"nature_results": {"Single Carriageway": {"mae": 9.9974568067802014, "mse": 152.50093765742204, "best_function": 0, "parameters": [1.0, 1.0, 1.0, 1.0, 1.0, 1.0, 1.0]}}, "street_tally": [1.0, 0.0, 0.0]}