{"nature_results": {"Traffic Island Link At Junction": {"mae": 21.953891129553128, "mse": 557.22488606581317, "best_function": 0, "parameters": [1.0, 1.0, 1.0, 1.0, 1.0, 1.0, 1.0]}, "Single Carriageway": {"mae": 27.124431517861066, "mse": 827.00420777328327, "best_function": 0, "parameters": [1.0, 1.0, 1.0, 1.0, 1.0, 1.0, 1.0]}, "Roundabout": {"mae": 17.44673675619525, "mse": 378.70096011914092, "best_function": 0, "parameters": [1.0, 1.0, 1.0, 1.0, 1.0, 1.0, 1.0]}, "Dual Carriageway": {"mae": 168.00556739601657, "mse": 1383405.5685151513, "best_function": 1, "parameters": [0.84560009280823223, 1.0252340127620831, 1.0409108255420494, 0.63226621279449491, 1.1276637242184782, 0.058481639054813184, 1.0, 23.330431993341211]}, "Traffic Island Link": {"mae": 23.791973310305615, "mse": 753.28849100197579, "best_function": 0, "parameters": [1.0, 1.0, 1.0, 1.0, 1.0, 1.0, 1.0]}}, "street_tally": [4.0, 1.0, 0.0]}