{"nature_results": {"Traffic Island Link At Junction": {"mae": 8.6451547646097016, "mse": 112.29217915218246, "best_function": 2, "parameters": [65.321101519082248, 13.45059630433164, -5.3541215838621339, 1.0, 0.078960076579262517, -0.62288363858808249, 0.74399654943565685, 1.6461293495030676, 30.697803775706323]}, "Single Carriageway": {"mae": 24.206692401323391, "mse": 625.79973057159543, "best_function": 0, "parameters": [1.0, 1.0, 1.0, 1.0, 1.0, 1.0, 1.0]}, "Slip Road": {"mae": 9.6691603069177265, "mse": 139.74309456004494, "best_function": 0, "parameters": [1.0, 1.0, 1.0, 1.0, 1.0, 1.0, 1.0]}, "Dual Carriageway": {"mae": 7.0395586841503066, "mse": 82.684546014236673, "best_function": 1, "parameters": [1.8592649846389322, 0.99391247842203756, 0.99037849975331393, 0.11386342420852535, 1.3220241656534317, 0.59758245640707441, 1.0, 14.159937340482148]}, "Traffic Island Link": {"mae": 29.391500079367404, "mse": 928.28023419391332, "best_function": 0, "parameters": [1.0, 1.0, 1.0, 1.0, 1.0, 1.0, 1.0]}}, "street_tally": [3.0, 1.0, 1.0]}