{"nature_results": {"Single Carriageway": {"mae": 15.227215647159989, "mse": 314.19927698710967, "best_function": 0, "parameters": [1.0, 1.0, 1.0, 1.0, 1.0, 1.0, 1.0]}, "Dual Carriageway": {"mae": 10.331658264790773, "mse": 186.33360320230099, "best_function": 1, "parameters": [1.497348948264982, 0.99012496020731044, 0.98111613402651765, 0.29667570151242162, 1.2538838376790715, -2.7393271968401893, 1.0, 19.616654411549728]}}, "street_tally": [1.0, 1.0, 0.0]}