{"nature_results": {"Single Carriageway": {"mae": 5.3208395645610791, "mse": 46.322588599907291, "best_function": 2, "parameters": [168.81714047452522, 73.24133627739144, 0.86184867074580418, 1.0, -0.14112704263685294, 1.3367615863319995, -3.3032237925953973, 0.74655841253762723, 19.175932964491672]}}, "street_tally": [0.0, 0.0, 1.0]}