{"nature_results": {"Traffic Island Link At Junction": {"mae": 10.580909000205299, "mse": 191.32974832489091, "best_function": 0, "parameters": [1.0, 1.0, 1.0, 1.0, 1.0, 1.0, 1.0]}, "Single Carriageway": {"mae": 8.182353901999738, "mse": 123.21116526695172, "best_function": 2, "parameters": [-5.6838987230003264, 0.61662208911019745, -2.6082422030958523, 1.0, 0.12398837021934828, -1.5783027965935141, 6.5390719267826025, -9.7538564993937413, 24.463462039731954]}}, "street_tally": [1.0, 0.0, 1.0]}