{"nature_results": {"Slip Road": {"mae": 3.7368227967546508, "mse": 20.077872386206018, "best_function": 0, "parameters": [34.558275298903339, 41.40982017393388, 0.98473901688917498, 1.0, 2.0386330287447345, 0.35477010709995616, 32.655104773295605]}}, "street_tally": [1.0, 0.0, 0.0]}