{"nature_results": {"Slip Road": {"mae": 5.1619659656390349, "mse": 44.050576742677912, "best_function": 0, "parameters": [92.874536242302682, 56.020251179351519, 0.46303553913966322, 1.0, -0.13115869068235586, 1.0821555456826613, 35.40979107841472]}, "Dual Carriageway": {"mae": 6.1487395076984228, "mse": 73.72994891715156, "best_function": 2, "parameters": [4.135821463885792, 1.8057516219873531, 0.77660581274223439, 1.0, -0.12351003369892455, 1.4401978379965479, -4.8351835005696779, 4.3361992528961402, 38.839031774134121]}}, "street_tally": [1.0, 0.0, 1.0]}