{"nature_results": {"Single Carriageway": {"mae": 13.461587699612249, "mse": 258.21914480887392, "best_function": 0, "parameters": [1.0, 1.0, 1.0, 1.0, 1.0, 1.0, 1.0]}, "Roundabout": {"mae": 5.1744121461922008, "mse": 50.058526123318444, "best_function": 2, "parameters": [-0.52625100930750635, 4.5892224936445318, -0.1669710460766185, 1.0, -0.06505129170098245, 0.86039632030989011, -3.8147334635646342, 6.1452794956127743, 20.282972676945413]}, "Dual Carriageway": {"mae": 7.1588327148482636, "mse": 84.082092028151322, "best_function": 2, "parameters": [0.50193390891457801, 3.7997356231745965, 0.075153909945493758, 1.0, -0.10294238232281394, 1.1798784792301191, -4.544829151602908, 6.8846074112956783, 21.735527462351815]}, "Slip Road": {"mae": 4.1594617470433581, "mse": 23.514863227717022, "best_function": 1, "parameters": [2.6028448357773497, 2.1026279028770101, 2.7109205059934256, -0.23276386035459984, 1.4451481074922508, -0.35129259340623387, 1.0, 6.0870962592279412]}}, "street_tally": [1.0, 1.0, 2.0]}