{"nature_results": {"Traffic Island Link At Junction": {"mae": 8.2859783916534955, "mse": 115.37458227064843, "best_function": 2, "parameters": [-4.2122130575957, 1.1565158960243862, -0.044802028841915087, 1.0, 0.0028079684218835776, -0.063985152124659272, 0.075326283179110498, 1.1317758296837026, 23.728808769916313]}, "Single Carriageway": {"mae": 6.0917480765572307, "mse": 74.571490648089664, "best_function": 2, "parameters": [-0.7833248833009403, 0.6454236538817153, -1.2465819781351808, 1.0, -0.017604346736826981, 0.19486034093266891, -0.85421653961805033, 1.7456968870638963, 32.070423330675688]}, "Slip Road": {"mae": 7.4195316391219359, "mse": 85.210632264369764, "best_function": 0, "parameters": [1.0, 1.0, 1.0, 1.0, 1.0, 1.0, 1.0]}, "Dual Carriageway": {"mae": 6.7480156054288782, "mse": 89.031006120481237, "best_function": 2, "parameters": [-4.4397363687520421, 1.1164164566100598, -1.0727621965583367, 1.0, -0.073777507842126111, 0.85677299274698204, -3.1836844009145775, 4.0855456688901928, 33.022281579400428]}, "Traffic Island Link": {"mae": 4.7801253452017534, "mse": 46.042535278168636, "best_function": 2, "parameters": [-2.1340458427125601, 0.52606553989608495, -1.205583848041603, 1.0, -0.18595748045606708, 2.0586353563475153, -7.0722935816416168, 7.5704759630699279, 32.746125166763449]}}, "street_tally": [1.0, 0.0, 4.0]}