{"nature_results": {"Single Carriageway": {"mae": 6.4340720567052054, "mse": 169.46872005880084, "best_function": 2, "parameters": [8.7860300056404412, 6.2098749772276225, -2.5150352628425878, 1.0, 0.032600060372147244, -0.33266839809161786, 0.81059484185086128, 0.045345620624185679, 27.90993728482297]}, "Dual Carriageway": {"mae": 6.7488851686551996, "mse": 56.695022496292182, "best_function": 0, "parameters": [1.0, 1.0, 1.0, 1.0, 1.0, 1.0, 1.0]}, "Traffic Island Link": {"mae": 5.482059440156605, "mse": 47.767764245105077, "best_function": 1, "parameters": [-0.00082630811634309964, 1.0061253842970601, 1.0221950982122887, 0.99051683413258884, 1.0058951375214444, -6.7475667664973829, 1.0, 29.212827672511384]}}, "street_tally": [1.0, 1.0, 1.0]}