{"nature_results": {"Single Carriageway": {"mae": 6.1593288231528511, "mse": 65.06481797934272, "best_function": 2, "parameters": [2.4660614060228574, 0.74109530274874136, 0.17174664225346004, 1.0, 0.013224742066947459, -0.25023903645692913, 0.74876197870461236, 1.533995907063828, 20.452152247775071]}, "Dual Carriageway": {"mae": 6.5424564579736479, "mse": 87.171936132139322, "best_function": 2, "parameters": [9.4099372844040499, 4.5896205192007828, 2.2437117999851015, 1.0, 0.16894091094331321, -2.0706788227927531, 7.0313445306682629, -3.7241211376199859, 15.049673003614332]}}, "street_tally": [0.0, 0.0, 2.0]}