{"nature_results": {"Single Carriageway": {"mae": 24.211117802541814, "mse": 644.45904092847286, "best_function": 0, "parameters": [1.0, 1.0, 1.0, 1.0, 1.0, 1.0, 1.0]}, "Dual Carriageway": {"mae": 13.717350526216118, "mse": 250.30307350615936, "best_function": 0, "parameters": [1.0, 1.0, 1.0, 1.0, 1.0, 1.0, 1.0]}}, "street_tally": [2.0, 0.0, 0.0]}