{"nature_results": {"Single Carriageway": {"mae": 6.0429770811728156, "mse": 128.42962396703888, "best_function": 0, "parameters": [7.005652519693836, 6.6773750721245264, 0.022832349475854108, 1.0, 0.66112589402332378, 0.55241670431107792, 30.137755065036529]}, "Slip Road": {"mae": 6.8071476130788469, "mse": 63.961594459999205, "best_function": 0, "parameters": [1.0, 1.0, 1.0, 1.0, 1.0, 1.0, 1.0]}, "Dual Carriageway": {"mae": 5.2056682571632349, "mse": 47.818312636041519, "best_function": 1, "parameters": [2.1676984248124169, 1.0081889229925658, 0.99833296416005912, -0.050751067453549181, 1.3850873365659127, 0.55831831776605079, 1.0, 18.749251004645831]}, "Traffic Island Link": {"mae": 9.1653049318607636, "mse": 183.61422570438765, "best_function": 1, "parameters": [0.047151631944257533, 1.0020253392085368, 0.98575371388714472, 0.98734053783402431, 1.002467799430226, -0.18065245937949115, 1.0, 34.557334881466922]}}, "street_tally": [2.0, 2.0, 0.0]}