{"nature_results": {"Traffic Island Link At Junction": {"mae": 15.081714193386473, "mse": 278.86226370276262, "best_function": 0, "parameters": [1.0, 1.0, 1.0, 1.0, 1.0, 1.0, 1.0]}, "Single Carriageway": {"mae": 6.0479110784784362, "mse": 61.194753871322995, "best_function": 2, "parameters": [4.7907872197059049, 5.9820556018839328, 0.94230746365619211, 1.0, 0.071597048528840523, -0.9721597826416235, 3.351821245469977, -0.85148826041515591, 22.127823185844655]}, "Dual Carriageway": {"mae": 7.3711076114000917, "mse": 87.610987263844095, "best_function": 1, "parameters": [2.8840697579085681, 0.89504048658164836, 0.92286969996445845, -0.39255154323940511, 1.5094771108679854, -3.2090638832110372, 1.0, 24.813235942158531]}, "Roundabout": {"mae": 10.646590142150101, "mse": 170.66726967918717, "best_function": 1, "parameters": [3.5825885155860799, 0.85463132916838158, 0.83366160031841097, -0.71862793086463772, 1.6258488531824971, -1.5113228338882339, 1.0, 29.664635010760087]}}, "street_tally": [1.0, 2.0, 1.0]}