{"nature_results": {"Single Carriageway": {"mae": 3.6250521238141542, "mse": 47.696837233375064, "best_function": 0, "parameters": [4.0261828476171999, 4.8494327245494251, -0.013827814978796482, 1.0, 0.61478922870008668, 0.80761765591507229, 16.614215877586346]}}, "street_tally": [1.0, 0.0, 0.0]}