{"nature_results": {"Dual Carriageway": {"mae": 35.680290553493933, "mse": 1315.1684464061377, "best_function": 0, "parameters": [1.0, 1.0, 1.0, 1.0, 1.0, 1.0, 1.0]}}, "street_tally": [1.0, 0.0, 0.0]}