{"nature_results": {"Traffic Island Link At Junction": {"mae": 6.1552394929248697, "mse": 61.909486292462837, "best_function": 0, "parameters": [168.28440712106371, 74.262040821179511, 8.5940437425548808, 1.0, 0.69592056123296131, 0.59557564189853385, 12.794893188874676]}, "Single Carriageway": {"mae": 8.2288790766462814, "mse": 83.689506020176935, "best_function": 0, "parameters": [1.0, 1.0, 1.0, 1.0, 1.0, 1.0, 1.0]}}, "street_tally": [2.0, 0.0, 0.0]}