{"nature_results": {"Single Carriageway": {"mae": 7.0683953452254435, "mse": 83.242153709257934, "best_function": 1, "parameters": [-0.027220946394568069, 0.97935952752312694, 0.96043713549218146, 1.0001413825100933, 1.0023744450560834, 0.3927717901272284, 1.0, 21.954458053866716]}}, "street_tally": [0.0, 1.0, 0.0]}