{"nature_results": {"Traffic Island Link At Junction": {"mae": 6.0515115721271648, "mse": 66.447809174518397, "best_function": 0, "parameters": [2.8375413754697738, 2.174413843812844, 1.1611293644466809, 1.0, 1.3217107197469526, 0.42951283948829966, 25.603702171280425]}, "Single Carriageway": {"mae": 28.136236432545871, "mse": 842.52832610082498, "best_function": 0, "parameters": [1.0, 1.0, 1.0, 1.0, 1.0, 1.0, 1.0]}, "Roundabout": {"mae": 22.22412626487047, "mse": 581.65732380325642, "best_function": 0, "parameters": [1.0, 1.0, 1.0, 1.0, 1.0, 1.0, 1.0]}, "Dual Carriageway": {"mae": 46.798819928389364, "mse": 14515.836739657723, "best_function": 1, "parameters": [0.22546189817304396, 1.0097700627385242, 1.0146775969351813, 0.85307413050700487, 1.0602238808795466, -1.5634986672502715, 1.0, 29.680241309969741]}, "Traffic Island Link": {"mae": 35.872045777255693, "mse": 1353.2439829690863, "best_function": 0, "parameters": [1.0, 1.0, 1.0, 1.0, 1.0, 1.0, 1.0]}}, "street_tally": [4.0, 1.0, 0.0]}