{"nature_results": {"Roundabout": {"mae": 3.9775220802909135, "mse": 33.273696111869093, "best_function": 2, "parameters": [-0.21356208658329545, 2.2223613685080439, -0.21055121818123923, 1.0, -0.035508072739103724, 0.35266047723144001, -1.1630457947111816, 1.8605782977224363, 21.007380889687781]}}, "street_tally": [0.0, 0.0, 1.0]}