{"nature_results": {"Traffic Island Link At Junction": {"mae": 10.760011843446595, "mse": 133.80400013024502, "best_function": 0, "parameters": [1.0, 1.0, 1.0, 1.0, 1.0, 1.0, 1.0]}, "Single Carriageway": {"mae": 5.104789250526939, "mse": 47.613685248096708, "best_function": 2, "parameters": [11.665810616450086, 15.599435406006306, 0.53302495591363874, 1.0, -0.13246532894003837, 1.7197384510216285, -6.9492452467278474, 7.731692132561319, 29.226775819266937]}}, "street_tally": [1.0, 0.0, 1.0]}