{"nature_results": {"Single Carriageway": {"mae": 17.033269328511405, "mse": 521.10138668074535, "best_function": 0, "parameters": [1.0, 1.0, 1.0, 1.0, 1.0, 1.0, 1.0]}}, "street_tally": [1.0, 0.0, 0.0]}