{"nature_results": {"Traffic Island Link At Junction": {"mae": 9.5166094523088152, "mse": 151.15300763595204, "best_function": 2, "parameters": [-1.7130149468852478, 2.6760552083592213, 0.082908318469235742, 1.0, -0.030238714055577542, 0.19806566213491672, -0.065267895203670045, -0.27551709391901591, 21.927572095018643]}, "Single Carriageway": {"mae": 6.560623481431934, "mse": 75.330159861078215, "best_function": 2, "parameters": [-0.10603004939891303, 4.1813213166154082, 0.76547438110090615, 1.0, -0.024317622271778472, 0.20341682206845968, -0.62416888673436155, 1.8867417058482716, 25.420976572373799]}, "Slip Road": {"mae": 10.067966558246454, "mse": 352.60144769343469, "best_function": 0, "parameters": [1.0, 1.0, 1.0, 1.0, 1.0, 1.0, 1.0]}}, "street_tally": [1.0, 0.0, 2.0]}