{"nature_results": {"Traffic Island Link At Junction": {"mae": 7.8359199612442474, "mse": 110.56561902463058, "best_function": 2, "parameters": [0.63087094051606929, 4.5083240313649622, -0.11325766907358159, 1.0, -0.030739255242901553, 0.29830404652263121, -1.17517933347361, 2.6811204867594771, 28.13832392918744]}, "Single Carriageway": {"mae": 5.1709235657063797, "mse": 57.780081504297868, "best_function": 2, "parameters": [-2.5251480331155758, 5.563624507998326, 1.0456384085197763, 1.0, -0.021143976656583741, 0.15826776884375637, -0.60026371479562868, 1.9576661953411338, 28.445329700207434]}, "Dual Carriageway": {"mae": 25.468941629628834, "mse": 684.06244850198368, "best_function": 0, "parameters": [1.0, 1.0, 1.0, 1.0, 1.0, 1.0, 1.0]}, "Slip Road": {"mae": 5.8433630517195656, "mse": 56.087146199637608, "best_function": 1, "parameters": [3.9341586508929116, 76469.966230066333, 74852.153506170347, -1.2502390081032555, 1.9067498302079908, 5.0189562887493375, 1.0, -0.13035931015382762]}}, "street_tally": [1.0, 1.0, 2.0]}