{"nature_results": {"Single Carriageway": {"mae": 13.869378507147955, "mse": 236.38227428638737, "best_function": 0, "parameters": [1.0, 1.0, 1.0, 1.0, 1.0, 1.0, 1.0]}}, "street_tally": [1.0, 0.0, 0.0]}