{"nature_results": {"Single Carriageway": {"mae": 231.91892793997164, "mse": 78739.391669335295, "best_function": 1, "parameters": [1.0, 1.0, 1.0, 1.0, 1.0, 1.0, 1.0, 1.0]}}, "street_tally": [0.0, 1.0, 0.0]}