{"nature_results": {"Single Carriageway": {"mae": 7.3985024571299753, "mse": 815.90980077137112, "best_function": 2, "parameters": [-2.2174835332112521, 4.1965176569181111, -2.2095661858253908, 1.0, -0.057538730629569157, 0.56204522135540258, -1.7475532484257217, 1.695162271359119, 51.67247465534998]}}, "street_tally": [0.0, 0.0, 1.0]}