{"nature_results": {"Single Carriageway": {"mae": 6.4363090801959109, "mse": 71.160441641708246, "best_function": 1, "parameters": [0.010440344022820569, 1.0022128283117779, 1.0069165402439679, 1.011232668717011, 0.99216302066314999, 0.16265290377622699, 1.0, 19.012855827827718]}, "Slip Road": {"mae": 7.0252133403031101, "mse": 166.34455840557604, "best_function": 0, "parameters": [6.4300006812358195, 6.0121844703459031, 0.48370884286670546, 1.0, 1.1106329927460508, 0.7533689039434508, 21.978107580639684]}}, "street_tally": [1.0, 1.0, 0.0]}