{"nature_results": {"Traffic Island Link At Junction": {"mae": 18.811665171120559, "mse": 382.24648279306723, "best_function": 0, "parameters": [1.0, 1.0, 1.0, 1.0, 1.0, 1.0, 1.0]}, "Single Carriageway": {"mae": 25.151451293674533, "mse": 682.73498822629938, "best_function": 0, "parameters": [1.0, 1.0, 1.0, 1.0, 1.0, 1.0, 1.0]}, "Dual Carriageway": {"mae": 7.9622581081929615, "mse": 94.22623382254352, "best_function": 1, "parameters": [3.3836549733975372, 0.96134730032992621, 0.96861058019164581, -0.64107964223283509, 1.6015331781588964, -1.8480270168832242, 1.0, 31.321868744587835]}}, "street_tally": [2.0, 1.0, 0.0]}