{"nature_results": {"Single Carriageway": {"mae": 6.3913313915872854, "mse": 67.922789084673383, "best_function": 1, "parameters": [-1.0741108310893748, -4.348157982094067, -2.3056004654622932, 1.5153216691897891, 0.81152879220465535, -2.3525169366158205, 1.0, 24.983846823531898]}}, "street_tally": [0.0, 1.0, 0.0]}