{"nature_results": {"Single Carriageway": {"mae": 4.2102815435982173, "mse": 31.024233154387044, "best_function": 2, "parameters": [5.1377539703016124, 0.30407897069792178, 1.6781838173959067, 1.0, 0.099638293015421042, -1.2424013818986923, 4.7801216146103496, -6.1834750344449034, 31.880732933916349]}}, "street_tally": [0.0, 0.0, 1.0]}