{"nature_results": {"Single Carriageway": {"mae": 7.9869502841952364, "mse": 123.27315471908283, "best_function": 1, "parameters": [3.7181508607291889, 1.0784169857062207, 1.0086263623274641, -0.79265633183389217, 1.6548804146650506, 2.3121664264334756, 1.0, 23.335757624320799]}, "Dual Carriageway": {"mae": 6.7806824286017076, "mse": 77.521683919102102, "best_function": 1, "parameters": [4.1282224375167944, 0.95785123960448249, 0.89663778814154804, -1.0157157213460297, 1.7409519936123783, 0.37679118087300612, 1.0, 28.684521403350026]}, "Traffic Island Link": {"mae": 10.288955065463153, "mse": 139.26486530469535, "best_function": 2, "parameters": [105.81635550724842, 44.785968798459294, 9.2226189250453245, 1.0, 0.17573431616419566, -1.7207254453018299, 2.6691753181945219, 7.1608046138570192, 13.324835744423646]}}, "street_tally": [0.0, 2.0, 1.0]}