{"nature_results": {"Traffic Island Link At Junction": {"mae": 3.8328160343490083, "mse": 24.623565601066137, "best_function": 2, "parameters": [5.9534168161521128, 5.3703441299587968, 0.95973865005138048, 1.0, 0.12114914453911663, -1.4331114152947517, 4.8898268521044663, -4.1226025750815412, 24.611702823669109]}, "Single Carriageway": {"mae": 5.2892653404063985, "mse": 53.04431570398291, "best_function": 2, "parameters": [-1.6843994465929959, 2.8800950337209912, 0.98159076462768791, 1.0, 0.030322156143298695, -0.26248662373422849, -0.023479202182710157, 2.9666912359835895, 29.952404160810342]}, "Roundabout": {"mae": 18.00513892053705, "mse": 351.15757191321785, "best_function": 0, "parameters": [1.0, 1.0, 1.0, 1.0, 1.0, 1.0, 1.0]}, "Dual Carriageway": {"mae": 4.0447604684620799, "mse": 30.090144331689768, "best_function": 2, "parameters": [0.36909124354392753, 4.5317845704010677, 0.049984997666930764, 1.0, -0.015358622178936354, 0.2367306925065038, -1.4815348895914484, 3.6267342462480738, 30.461031654949842]}, "Traffic Island Link": {"mae": 7.3358044474653399, "mse": 97.591660260210915, "best_function": 2, "parameters": [4.2073259548085815, 8.9296318501271426, 1.334309293242099, 1.0, -0.027924047943202357, 0.47991197808263886, -3.1962949246792505, 7.7776753535373455, 30.528568033020555]}}, "street_tally": [1.0, 0.0, 4.0]}