{"nature_results": {"Traffic Island Link At Junction": {"mae": 6.1166420590729347, "mse": 70.053696986296032, "best_function": 2, "parameters": [5.1033059210079337, 1.8709963051931486, -0.79937940913754768, 1.0, 0.15544003278690777, -1.9647742262600434, 7.4422205048514796, -7.9635587951270566, 27.873748166087783]}, "Single Carriageway": {"mae": 4.6792070856229246, "mse": 42.476135783829164, "best_function": 2, "parameters": [14.284777461480386, 3.8910426701497491, 0.35861075291147149, 1.0, 0.11945961382514747, -1.4277181810045505, 4.7371428458673241, -2.9213081749993859, 31.501452220760513]}, "Roundabout": {"mae": 17.280483628427103, "mse": 341.99921300494958, "best_function": 0, "parameters": [1.0, 1.0, 1.0, 1.0, 1.0, 1.0, 1.0]}, "Traffic Island Link": {"mae": 5.4637429183769548, "mse": 51.772212185259519, "best_function": 2, "parameters": [30.051482859895341, 8.5236331777977856, 2.8556576375819134, 1.0, 0.059226452686127029, -0.54839733714049443, 0.30313926015159587, 5.481910468400951, 32.174280103511236]}}, "street_tally": [1.0, 0.0, 3.0]}