{"nature_results": {"Traffic Island Link At Junction": {"mae": 8.6009134064598296, "mse": 102.48141738110556, "best_function": 1, "parameters": [3.4894553377952491, 0.99399659998918177, 1.0022275588027649, -0.65563052743371997, 1.6008247953524761, 0.42519420476432757, 1.0, 6.9529131985522286]}, "Single Carriageway": {"mae": 14.517484006036542, "mse": 266.96299379643119, "best_function": 0, "parameters": [1.0, 1.0, 1.0, 1.0, 1.0, 1.0, 1.0]}, "Slip Road": {"mae": 9.2383664184252989, "mse": 144.099015427252, "best_function": 0, "parameters": [1.0, 1.0, 1.0, 1.0, 1.0, 1.0, 1.0]}}, "street_tally": [2.0, 1.0, 0.0]}