{"nature_results": {"Single Carriageway": {"mae": 12.843349164710453, "mse": 225.37689522679167, "best_function": 0, "parameters": [1.0, 1.0, 1.0, 1.0, 1.0, 1.0, 1.0]}}, "street_tally": [1.0, 0.0, 0.0]}