{"nature_results": {"Traffic Island Link At Junction": {"mae": 18.822941482539818, "mse": 396.31686297169813, "best_function": 0, "parameters": [1.0, 1.0, 1.0, 1.0, 1.0, 1.0, 1.0]}, "Single Carriageway": {"mae": 22.862632740066111, "mse": 585.54486430699353, "best_function": 0, "parameters": [1.0, 1.0, 1.0, 1.0, 1.0, 1.0, 1.0]}, "Roundabout": {"mae": 24.545247389898435, "mse": 797.26328931735611, "best_function": 0, "parameters": [1.0, 1.0, 1.0, 1.0, 1.0, 1.0, 1.0]}, "Slip Road": {"mae": 12.740767604416165, "mse": 198.88312347258372, "best_function": 0, "parameters": [1.0, 1.0, 1.0, 1.0, 1.0, 1.0, 1.0]}}, "street_tally": [4.0, 0.0, 0.0]}