{"nature_results": {"Single Carriageway": {"mae": 6.0328925091934726, "mse": 63.352739964583215, "best_function": 0, "parameters": [7.1037357045886482, 0.036273700999921221, -1.7214957951117227, 1.0, 0.16767096286650285, 1.307893340555605, 32.439205488920258]}}, "street_tally": [1.0, 0.0, 0.0]}