{"nature_results": {"Single Carriageway": {"mae": 20.085731342952769, "mse": 494.44093334689143, "best_function": 1, "parameters": [0.046342742462193387, 1.0067838176501018, 1.0209090490148662, 0.97977273234054429, 1.0058555259762672, 2.7221445999809859, 1.0, 32.211568245946239]}}, "street_tally": [0.0, 1.0, 0.0]}