{"nature_results": {"Dual Carriageway": {"mae": 6.1544345819811737, "mse": 62.965278620019966, "best_function": 2, "parameters": [-13.994944237134733, 8.6879183807922473, -3.2206474419331572, 1.0, -0.057992143332861401, 0.74173285305611059, -3.046037013462553, 4.6069088126035727, 56.946666129802509]}}, "street_tally": [0.0, 0.0, 1.0]}