{"nature_results": {"Single Carriageway": {"mae": 3.1575429129755079, "mse": 17.606550251215928, "best_function": 2, "parameters": [0.43487731080030945, 0.60776077959106101, 0.71976313960262406, 1.0, 0.053137010501742132, -0.70776904337321822, 2.5774165299000966, -1.5419294486679815, 16.956185155514284]}, "Traffic Island Link": {"mae": 4.3310128243361543, "mse": 30.137993270242504, "best_function": 1, "parameters": [1.9498071884644814, 0.99393282663605287, 1.0068857870636225, 0.10709159442659244, 1.317829901990389, 1.3130204195402202, 1.0, 14.228557401654159]}}, "street_tally": [0.0, 1.0, 1.0]}