{"nature_results": {"Single Carriageway": {"mae": 5.4589989571666102, "mse": 50.017024512542783, "best_function": 2, "parameters": [42.868633947830439, 36.253356287097283, -1.2263965799898915, 1.0, -0.032323474789584639, 0.3964292707671202, -2.1312886602259762, 6.1247775362515835, 24.095731131139072]}}, "street_tally": [0.0, 0.0, 1.0]}