{"nature_results": {"Traffic Island Link At Junction": {"mae": 4.6594461741206317, "mse": 40.152184192966558, "best_function": 0, "parameters": [-9.3472448239328241, 10.173407622507105, 0.67529437819760574, 1.0, -0.18549149641839779, 0.96314451528036504, 22.495167032662039]}, "Single Carriageway": {"mae": 4.1619187365663608, "mse": 29.838741520680738, "best_function": 1, "parameters": [2.1963897681641367, 0.98354838107232856, 1.0174249142575293, -0.1217190585765735, 1.421893152937332, 4.0746078321001677, 1.0, 27.921480985520972]}}, "street_tally": [1.0, 1.0, 0.0]}