{"nature_results": {"Traffic Island Link At Junction": {"mae": 13.355890646472279, "mse": 233.73665596833658, "best_function": 0, "parameters": [1.0, 1.0, 1.0, 1.0, 1.0, 1.0, 1.0]}, "Single Carriageway": {"mae": 21.753854640671239, "mse": 542.18497476673406, "best_function": 0, "parameters": [1.0, 1.0, 1.0, 1.0, 1.0, 1.0, 1.0]}, "Dual Carriageway": {"mae": 4.7371448304645165, "mse": 36.09597253158195, "best_function": 0, "parameters": [8.1196140285185265, 10.101101949233259, 0.48178200484928413, 1.0, -0.067392965078510336, 1.045473495450411, 30.051949582487957]}}, "street_tally": [3.0, 0.0, 0.0]}