{"nature_results": {"Single Carriageway": {"mae": 5.679752040060329, "mse": 54.359327028972018, "best_function": 2, "parameters": [5.190220264283969, 6.4164260485530926, -0.34325732431418099, 1.0, 0.052811833309985623, -0.68271857903662725, 2.4272754639677174, -1.5580896124411159, 32.452382305749992]}}, "street_tally": [0.0, 0.0, 1.0]}