{"nature_results": {"Traffic Island Link At Junction": {"mae": 5.6421081967537035, "mse": 50.91638259986501, "best_function": 2, "parameters": [9.802996853811873, 1.2300111648609358, -5.0423968245709743, 1.0, -0.20213780261370085, 2.2244361824717775, -6.2714987341428765, 0.97930546961635256, 18.399128412630091]}, "Single Carriageway": {"mae": 4.9041613088806573, "mse": 38.065040781247475, "best_function": 2, "parameters": [-0.49400578713895227, 8.7758398217950244, 2.4864256192240708, 1.0, 0.07439666893078678, -0.93767307676666012, 3.4026228009396906, -3.4972668280351131, 20.445910725768581]}}, "street_tally": [0.0, 0.0, 2.0]}