{"nature_results": {"Traffic Island Link At Junction": {"mae": 10.71007112323784, "mse": 162.23301589121289, "best_function": 0, "parameters": [1.0, 1.0, 1.0, 1.0, 1.0, 1.0, 1.0]}, "Single Carriageway": {"mae": 4.1305827368236026, "mse": 29.594945754298081, "best_function": 1, "parameters": [2.6125830126568017, 0.77915727369374199, 0.86237611453264273, -0.23721295732175673, 1.4470749879563365, 3.6091015759699112, 1.0, 19.579770414458711]}}, "street_tally": [1.0, 1.0, 0.0]}