{"nature_results": {"Single Carriageway": {"mae": 27.357916523673076, "mse": 782.17419149097168, "best_function": 0, "parameters": [1.0, 1.0, 1.0, 1.0, 1.0, 1.0, 1.0]}}, "street_tally": [1.0, 0.0, 0.0]}