{"nature_results": {"Traffic Island Link At Junction": {"mae": 6.1533648026829093, "mse": 62.034199211239645, "best_function": 2, "parameters": [11.733394902020013, 14.942873873449965, -1.7349527063256311, 1.0, 0.00029776715913609753, -0.051692585875984243, 0.34419346149885666, -0.67066139867980534, 19.186542592947454]}, "Single Carriageway": {"mae": 5.1651037837136764, "mse": 45.61953907252289, "best_function": 0, "parameters": [6.27731251723021, 7.6538216948018203, 0.75106127020593461, 1.0, 1.9142065892858078, 0.088170353927224054, 25.130204364848002]}}, "street_tally": [1.0, 0.0, 1.0]}