{"nature_results": {"Single Carriageway": {"mae": 24.963043752440978, "mse": 702.89295529486731, "best_function": 0, "parameters": [1.0, 1.0, 1.0, 1.0, 1.0, 1.0, 1.0]}}, "street_tally": [1.0, 0.0, 0.0]}