{"nature_results": {"Traffic Island Link At Junction": {"mae": 9.7720899398287013, "mse": 125.1042487800669, "best_function": 2, "parameters": [1165.0609728855318, 443.87055553949625, -3.1681669396081213, 1.0, 0.27143245356011148, -3.1643932375906321, 11.83271476486307, -13.989839939181765, 14.335166643495235]}, "Single Carriageway": {"mae": 20.354167004005454, "mse": 455.28345742810069, "best_function": 0, "parameters": [1.0, 1.0, 1.0, 1.0, 1.0, 1.0, 1.0]}, "Dual Carriageway": {"mae": 18.592153973305319, "mse": 449.04644436504088, "best_function": 0, "parameters": [1.0, 1.0, 1.0, 1.0, 1.0, 1.0, 1.0]}}, "street_tally": [2.0, 0.0, 1.0]}