{"nature_results": {"Single Carriageway": {"mae": 22.440861458507626, "mse": 548.03917764929588, "best_function": 0, "parameters": [1.0, 1.0, 1.0, 1.0, 1.0, 1.0, 1.0]}}, "street_tally": [1.0, 0.0, 0.0]}