{"nature_results": {"Traffic Island Link At Junction": {"mae": 7.7709165036100707, "mse": 103.28311711533584, "best_function": 2, "parameters": [-0.95741773413499964, 1.758513634083354, 2.2452299094759787, 1.0, -0.016401272454183546, 0.16608235146773886, -0.5142476450661011, 1.2718579350055743, 17.640354756562161]}, "Single Carriageway": {"mae": 7.1918936989514917, "mse": 95.389932285455146, "best_function": 2, "parameters": [4.9143179318411052, 5.6171507769907834, 2.573045094102314, 1.0, -0.050469873897496242, 0.58406663222654709, -2.2519569489791049, 4.0685898893030998, 14.728450947560352]}, "Dual Carriageway": {"mae": 6.7036843585623505, "mse": 105.13727212297732, "best_function": 2, "parameters": [5.0329933236022502, 7.2627103477590387, 4.0310270603517928, 1.0, -0.043385816635576502, 0.52152000934256382, -2.1916267988227744, 4.7803924429604638, 14.180797401174287]}, "Traffic Island Link": {"mae": 18.025328846192959, "mse": 432.35367636362133, "best_function": 0, "parameters": [1.0, 1.0, 1.0, 1.0, 1.0, 1.0, 1.0]}}, "street_tally": [1.0, 0.0, 3.0]}