{"nature_results": {"Single Carriageway": {"mae": 5.7596568406684687, "mse": 41.546933579386355, "best_function": 1, "parameters": [2.9161648489155629, 1.0181830129802538, 1.0160450892473158, -0.35019183330147508, 1.484104404869194, -2.8750723003987111, 1.0, 18.112148185593959]}}, "street_tally": [0.0, 1.0, 0.0]}