{"nature_results": {"Traffic Island Link At Junction": {"mae": 5.0515368783195473, "mse": 43.725978558143602, "best_function": 2, "parameters": [-9.7393609619787149, 0.62932852296764863, 1.7580060362280681, 1.0, -0.15664671009121678, 1.9531427756968518, -7.9819369221872432, 11.422531438023618, 30.774100108001882]}, "Single Carriageway": {"mae": 26.395063696118466, "mse": 787.83795046528246, "best_function": 0, "parameters": [1.0, 1.0, 1.0, 1.0, 1.0, 1.0, 1.0]}, "Traffic Island Link": {"mae": 23.325675814709278, "mse": 699.68861960785102, "best_function": 0, "parameters": [1.0, 1.0, 1.0, 1.0, 1.0, 1.0, 1.0]}}, "street_tally": [2.0, 0.0, 1.0]}