{"nature_results": {"Single Carriageway": {"mae": 28.137922705512992, "mse": 885.90745529445417, "best_function": 0, "parameters": [1.0, 1.0, 1.0, 1.0, 1.0, 1.0, 1.0]}, "Roundabout": {"mae": 31.415902570026702, "mse": 1134.4094999060039, "best_function": 0, "parameters": [1.0, 1.0, 1.0, 1.0, 1.0, 1.0, 1.0]}, "Traffic Island Link": {"mae": 19.583304906637924, "mse": 642.34660033172395, "best_function": 1, "parameters": [1.3568237631949935, 0.95410027659784213, 0.97169899145239635, 0.33935262973349833, 1.2424903867329524, -0.63949903999218471, 1.0, 41.788374297735295]}, "Traffic Island Link At Junction": {"mae": 8.49639109304794, "mse": 116.90662106087977, "best_function": 1, "parameters": [2.4267771509918807, 0.9806631391723124, 0.99242912066320632, -0.15819290276539433, 1.4211270994958662, 0.016601222682980588, 1.0, 27.669037828939459]}, "Slip Road": {"mae": 7.9429039003017863, "mse": 84.219079823118548, "best_function": 1, "parameters": [2.6805629383881904, 1.0302599669518127, 1.018841567749766, -0.27777333656573777, 1.4641722625701412, -2.2606526583894202, 1.0, 17.276625349894964]}, "Dual Carriageway": {"mae": 8.6916129835148848, "mse": 107.46617052662846, "best_function": 1, "parameters": [0.029715166188561959, 0.98062010565510715, 0.96974766399379075, 0.99502857727695526, 0.99963180893976022, -0.66392597511684004, 1.0, 35.185210376962935]}}, "street_tally": [2.0, 4.0, 0.0]}