{"nature_results": {"Traffic Island Link At Junction": {"mae": 24.058422100963917, "mse": 869.61655268673212, "best_function": 1, "parameters": [0.092195017134128254, 1.0035391026223597, 1.0258905821166524, 0.97004410222167858, 1.0081407723038991, -1.5132499200150029, 1.0, 27.146296573831265]}, "Single Carriageway": {"mae": 12.47875488070655, "mse": 58327.870787392567, "best_function": 0, "parameters": [9.4315537830981295, 10.619197848515787, -1.4794989991009748, 1.0, 0.72529445266815462, 0.64541566015833662, 40.002820932641505]}, "Dual Carriageway": {"mae": 4.5734189856684679, "mse": 34.613602646073858, "best_function": 0, "parameters": [21.638607433569646, 17.277593875806513, -1.6072481637126996, 1.0, 0.34639169160702232, 0.97250872905684238, 42.298798817504021]}, "Traffic Island Link": {"mae": 4.5700416542216127, "mse": 40.638628310234793, "best_function": 0, "parameters": [7.9551073742781409, 9.4104576772661712, -0.60737557404377984, 1.0, -0.019895079243187785, 0.86344900842840755, 41.777014460912831]}}, "street_tally": [3.0, 1.0, 0.0]}