{"nature_results": {"Single Carriageway": {"mae": 4.2452663505873707, "mse": 29.073360451399914, "best_function": 0, "parameters": [2.3344994501480572, 5.3800080685456031, -2.8274104046182198, 1.0, 1.8853364283516376, 0.43369399478664772, 35.963137497016625]}, "Dual Carriageway": {"mae": 7.5963531064472605, "mse": 76.402284194531958, "best_function": 1, "parameters": [2.3224475570562015, 0.96757506373995839, 0.97675024191385151, -0.16990946830981946, 1.437230038238912, -2.807612465760541, 1.0, 28.705460110592291]}, "Roundabout": {"mae": 5.0059535090675293, "mse": 48.324751524004107, "best_function": 2, "parameters": [3.4889956125000254, 6.7445982259375201, -1.1963459722107754, 1.0, -0.028765868948733342, 0.3298913823265236, -1.2735740514594598, 1.9799058167224426, 28.488083525341573]}}, "street_tally": [1.0, 1.0, 1.0]}