{"nature_results": {"Traffic Island Link At Junction": {"mae": 13.072833610044722, "mse": 225.13206407806015, "best_function": 1, "parameters": [1.9894862749546787, 0.42011345692540747, 0.70550551933890071, -0.012400451624165587, 1.3805203550080676, -2.2571069459813802, 1.0, 34.197925338603063]}, "Single Carriageway": {"mae": 8.9148348516014462, "mse": 131.54629681789393, "best_function": 1, "parameters": [4.6026853835767678, -0.4037258296090791, 0.49455238058540518, -1.1911556608830005, 1.7962476311898361, 4.2158125405903002, 1.0, 34.163256569767135]}}, "street_tally": [0.0, 2.0, 0.0]}