{"nature_results": {"Traffic Island Link At Junction": {"mae": 3.5998029489462877, "mse": 20.035342894735578, "best_function": 2, "parameters": [15.736806404737138, 14.458620026759444, 0.85147373327764786, 1.0, 0.032934746742365295, -0.74758007121515657, 4.9787614508113371, -10.697052327581043, 30.232121172659259]}, "Single Carriageway": {"mae": 6.3166390828440253, "mse": 74.731539017279943, "best_function": 0, "parameters": [1.3552649571466926, 6.0476357379334518, 0.61313801925454692, 1.0, 0.92600151325297331, 0.43564772542182328, 29.629238568414177]}, "Roundabout": {"mae": 23.132184252230694, "mse": 660.24639188252058, "best_function": 0, "parameters": [1.0, 1.0, 1.0, 1.0, 1.0, 1.0, 1.0]}, "Dual Carriageway": {"mae": 24.689196069263595, "mse": 683.45462863174657, "best_function": 0, "parameters": [1.0, 1.0, 1.0, 1.0, 1.0, 1.0, 1.0]}, "Slip Road": {"mae": 23.989706809054709, "mse": 604.21425669955488, "best_function": 0, "parameters": [1.0, 1.0, 1.0, 1.0, 1.0, 1.0, 1.0]}}, "street_tally": [4.0, 0.0, 1.0]}