{"nature_results": {"Traffic Island Link At Junction": {"mae": 10.114393302549509, "mse": 185.75703084532964, "best_function": 2, "parameters": [11.226804713130226, 40.589730297872023, -5.2062265475202585, 1.0, -0.58688750292658987, 6.5311612814017455, -21.330074786484531, 20.984136366340955, 21.234036790862511]}, "Single Carriageway": {"mae": 6.0300706915660411, "mse": 64.185917374473206, "best_function": 1, "parameters": [2.0331278327016786, 1.2962731554920726, 1.0530552657132464, 0.10817739395289805, 1.3096458020387247, 1.4737636974778208, 1.0, 26.229917941379583]}, "Traffic Island Link": {"mae": 9.002479867695607, "mse": 140.29187021310196, "best_function": 1, "parameters": [6.192720239515122, 3.2075232459490972, 1.7093779482022173, -1.9867191728510116, 2.0925330973932157, 1.96213920860921, 1.0, 17.646548077751408]}}, "street_tally": [0.0, 2.0, 1.0]}