{"nature_results": {"Single Carriageway": {"mae": 22.800099415035145, "mse": 634.54610750047959, "best_function": 0, "parameters": [1.0, 1.0, 1.0, 1.0, 1.0, 1.0, 1.0]}, "Roundabout": {"mae": 6.0511197034046278, "mse": 81.227805969763565, "best_function": 2, "parameters": [0.39778142961506346, 2.5433291036797998, -1.4499043511734513, 1.0, -0.042359439314868963, 0.56858683640944374, -2.6193994496264938, 4.340005965070044, 20.323818029190686]}, "Traffic Island Link": {"mae": 6.1026991361029213, "mse": 61.069316835084145, "best_function": 2, "parameters": [-0.66747185420705701, 8.1511339103837912, 2.779185605840973, 1.0, -0.12714723434319763, 1.6090081497659732, -6.7049250327524996, 10.142716431410303, 26.113739163023155]}, "Traffic Island Link At Junction": {"mae": 7.9419065478278448, "mse": 97.8941629918465, "best_function": 2, "parameters": [11.438394124010758, 11.659043494614284, 0.75186627685199325, 1.0, -0.0029118109684409532, 0.021633223333925145, 0.12994874335215056, -0.71944181365987969, 20.940967663026033]}, "Slip Road": {"mae": 8.3105341196348661, "mse": 110.26042495159682, "best_function": 2, "parameters": [-11.766864355765488, 0.4924620778562091, -2.7364874802102301, 1.0, -0.050201024471868472, 0.47719178757218772, -0.91895706536107058, -2.001984488246781, 31.661897735452328]}, "Dual Carriageway": {"mae": 33.700168862892248, "mse": 1292.0896072149101, "best_function": 0, "parameters": [1.0, 1.0, 1.0, 1.0, 1.0, 1.0, 1.0]}}, "street_tally": [2.0, 0.0, 4.0]}