{"nature_results": {"Traffic Island Link At Junction": {"mae": 12.579938855672328, "mse": 178.72463268589433, "best_function": 0, "parameters": [1.0, 1.0, 1.0, 1.0, 1.0, 1.0, 1.0]}, "Single Carriageway": {"mae": 21.665079856867628, "mse": 506.21011523111758, "best_function": 0, "parameters": [1.0, 1.0, 1.0, 1.0, 1.0, 1.0, 1.0]}}, "street_tally": [2.0, 0.0, 0.0]}