{"nature_results": {"Dual Carriageway": {"mae": 4.3527694474793632, "mse": 46.432445478419673, "best_function": 2, "parameters": [6.1733968675851312, 11.444407328605779, 3.6576348081706929, 1.0, -0.25673331478081773, 3.461029670684209, -14.020508155707475, 14.46087383345623, 25.959309429894272]}}, "street_tally": [0.0, 0.0, 1.0]}