{"nature_results": {"Traffic Island Link At Junction": {"mae": 4.158227028608354, "mse": 27.841906046076236, "best_function": 2, "parameters": [7.3315029635366669, 7.7603449077055453, 1.5905515868494569, 1.0, -0.011329889206123323, 0.34619842181611238, -2.4613156533215852, 4.5726412312509748, 24.563632854525284]}, "Single Carriageway": {"mae": 5.5550461575947043, "mse": 52.129642919918986, "best_function": 2, "parameters": [9.8466641717383308, 8.5287953154367493, 1.1641721932913538, 1.0, -0.033439488475887735, 0.73044792844204109, -4.4014451155684409, 7.1166351126911005, 34.885753033645329]}}, "street_tally": [0.0, 0.0, 2.0]}