{"nature_results": {"Traffic Island Link At Junction": {"mae": 13.00958187479929, "mse": 206.57416908376851, "best_function": 0, "parameters": [1.0, 1.0, 1.0, 1.0, 1.0, 1.0, 1.0]}, "Single Carriageway": {"mae": 4.4406775419323434, "mse": 36.481483418836312, "best_function": 2, "parameters": [-8.6722767096132554, 0.27864165671578278, -0.16016764217653678, 1.0, 0.063793784771257966, -0.59196308662653929, 1.1878030414074063, 0.84213932438251704, 32.483273419872503]}, "Slip Road": {"mae": 5.239162099193881, "mse": 63.352188901423808, "best_function": 2, "parameters": [15.961935401594626, 26.761157433564211, -3.3085072167396179, 1.0, 0.24785535137907744, -3.3333107882768029, 13.507940192181273, -16.074505889169306, 26.263700136534815]}}, "street_tally": [1.0, 0.0, 2.0]}