{"nature_results": {"Single Carriageway": {"mae": 29.9098526026632, "mse": 953.49957762287761, "best_function": 0, "parameters": [1.0, 1.0, 1.0, 1.0, 1.0, 1.0, 1.0]}, "Dual Carriageway": {"mae": 4.3203323938227181, "mse": 34.249917378417486, "best_function": 2, "parameters": [-1.7504536721015729, 3.8621450913968007, -0.57670079618626202, 1.0, 0.024187956237552877, -0.3305389981079272, 1.4973646502099833, -2.00062813922671, 52.836009808950664]}}, "street_tally": [1.0, 0.0, 1.0]}