{"nature_results": {"Single Carriageway": {"mae": 15.374960597047846, "mse": 328.92390825940362, "best_function": 1, "parameters": [6.8315332231340937, -0.18916150190798664, 0.59024704604158407, -2.2113786732614051, 2.1592206409240751, -1.1165411730997139, 1.0, 26.419757364012167]}, "Dual Carriageway": {"mae": 8.7303592311180633, "mse": 149.4155312043894, "best_function": 2, "parameters": [1.0995330834575823, 2.9598406796089103, -0.30716965731105961, 1.0, 0.045409926039072013, -0.57784936636916084, 2.2685702102008154, -2.5036049553898492, 46.339232752768403]}}, "street_tally": [0.0, 1.0, 1.0]}