{"nature_results": {"Dual Carriageway": {"mae": 16.238670045510997, "mse": 319.995151810018, "best_function": 0, "parameters": [1.0, 1.0, 1.0, 1.0, 1.0, 1.0, 1.0]}}, "street_tally": [1.0, 0.0, 0.0]}