{"nature_results": {"Single Carriageway": {"mae": 6.6577454754833667, "mse": 70.478166869065831, "best_function": 0, "parameters": [1.0, 1.0, 1.0, 1.0, 1.0, 1.0, 1.0]}}, "street_tally": [1.0, 0.0, 0.0]}