{"nature_results": {"Traffic Island Link At Junction": {"mae": 6.6276150392372228, "mse": 67.573227079236943, "best_function": 2, "parameters": [10.968557186269088, 8.059327483837496, 1.0646189679847966, 1.0, -0.066608989843662147, 0.45410188177181254, 0.60582219585904318, -6.0690953799049021, 20.373147773685197]}, "Single Carriageway": {"mae": 6.3380772001550216, "mse": 65.850056172729069, "best_function": 2, "parameters": [-1.1769619486338327, 6.5840091459593149, 0.50487792062247139, 1.0, 0.017240167888585067, -0.22065493666192615, 0.35267877413131221, 1.8142355274405233, 26.325599687297991]}}, "street_tally": [0.0, 0.0, 2.0]}