{"nature_results": {"Traffic Island Link At Junction": {"mae": 7.0176144249800485, "mse": 64.871899981543507, "best_function": 0, "parameters": [1.0, 1.0, 1.0, 1.0, 1.0, 1.0, 1.0]}, "Single Carriageway": {"mae": 7.871543238947118, "mse": 126.29777828903123, "best_function": 0, "parameters": [21.453169748444015, 12.797253214053915, -2.32658734960813, 1.0, 0.9790239060059257, 0.27388681255171388, 23.922794914892915]}}, "street_tally": [2.0, 0.0, 0.0]}