{"nature_results": {"Single Carriageway": {"mae": 4.3777118402105399, "mse": 31.723172844016982, "best_function": 2, "parameters": [0.31327601859882814, 1.220476493839912, 2.4249566808348906, 1.0, -0.15180772895660311, 1.93845250373163, -7.8044513621165219, 10.606152131855941, 20.652919939174311]}}, "street_tally": [0.0, 0.0, 1.0]}