{"nature_results": {"Dual Carriageway": {"mae": 4.1817444608245289, "mse": 30.050019809800027, "best_function": 2, "parameters": [-2.6503327417943141, 0.44064459158119007, -0.90129337702067391, 1.0, -0.061684436986474411, 0.70943626102325708, -2.5358818657793223, 2.6867383742293409, 44.187425487143258]}}, "street_tally": [0.0, 0.0, 1.0]}