{"nature_results": {"Single Carriageway": {"mae": 6.9933805644440499, "mse": 77.697649667646331, "best_function": 2, "parameters": [2.5017228171690364, 14.984629457342214, 0.65349743104169233, 1.0, -0.19665045598096209, 2.3785138069008123, -9.1689033293216653, 11.418815022941189, 33.889747412849665]}, "Dual Carriageway": {"mae": 9.2972996216500547, "mse": 136.57751470994688, "best_function": 2, "parameters": [4.8633244523915753, 4.9973434451783127, -0.20280678988575396, 1.0, 0.10582160387989592, -1.4355662274933847, 5.7412224621590777, -5.3995402097658767, 24.828992073148019]}, "Slip Road": {"mae": 7.9178468622980711, "mse": 117.08712650176373, "best_function": 0, "parameters": [1.0, 1.0, 1.0, 1.0, 1.0, 1.0, 1.0]}}, "street_tally": [1.0, 0.0, 2.0]}