{"nature_results": {"Traffic Island Link At Junction": {"mae": 6.2572814573731961, "mse": 62.583032790653448, "best_function": 0, "parameters": [1.0, 1.0, 1.0, 1.0, 1.0, 1.0, 1.0]}, "Single Carriageway": {"mae": 5.3883796376407256, "mse": 51.144277624123681, "best_function": 2, "parameters": [1.0385493941143547, 6.9632960299349049, -0.64495656342224583, 1.0, -0.022071457386731774, 0.23087359835628007, -0.72142809276021946, 0.50269451726484826, 25.944699598015358]}, "Dual Carriageway": {"mae": 8.4596625501292788, "mse": 124.28179888996671, "best_function": 0, "parameters": [-1.3521230927029473, 5.3694759789125222, -1.1024697828982264, 1.0, 0.38927966706546302, 0.79633503531026251, 35.378473432315275]}}, "street_tally": [2.0, 0.0, 1.0]}