{"nature_results": {"Single Carriageway": {"mae": 5.1538666658608543, "mse": 49.992203641266578, "best_function": 2, "parameters": [0.083830944841891686, 1.0411051886682867, -0.28275511283686483, 1.0, -0.057899869329599785, 0.63505500837377771, -2.3890696970141136, 3.8859433265507395, 25.826675869631813]}, "Slip Road": {"mae": 5.7165867264649775, "mse": 58.026564208830884, "best_function": 0, "parameters": [-1.4982333469628326, 10.000421886663224, -0.34835052454163806, 1.0, 1.6989120546290573, 0.90522255685347564, 8.63085649456713]}, "Dual Carriageway": {"mae": 6.5254171137691923, "mse": 75.824904696767518, "best_function": 2, "parameters": [-1.1010582745071407, 3.7500365077034155, 0.8618148650425892, 1.0, -0.058857064731021591, 0.67446535316832201, -2.5280374231369911, 3.5186718360883589, 22.0207695376434]}, "Traffic Island Link": {"mae": 4.6922927758549546, "mse": 48.850440804076797, "best_function": 2, "parameters": [1.0217214185402921, 3.2353776307427919, -0.8229855016433445, 1.0, -0.008743878644113412, 0.087804615415963738, -0.41292212307592036, 1.2082823475212439, 31.061472845437667]}}, "street_tally": [1.0, 0.0, 3.0]}