{"nature_results": {"Traffic Island Link At Junction": {"mae": 8.2057401420450198, "mse": 104.86806482985135, "best_function": 1, "parameters": [2.9844938251829563, 0.99618182497214847, 0.9980821318457257, -0.40839352758266911, 1.5092655205756527, 0.0064096851346302497, 1.0, 22.425529764195417]}, "Single Carriageway": {"mae": 7.3059831896572307, "mse": 86.378466475814193, "best_function": 1, "parameters": [2.3148093476188185, 0.99085784761224638, 1.0040842807479164, -0.081190172591976362, 1.3894155613528241, 0.51864003891621646, 1.0, 22.728685640600837]}, "Dual Carriageway": {"mae": 9.3633069275745768, "mse": 138.52686266673271, "best_function": 1, "parameters": [2.3063140637850448, 0.98964444240879412, 1.0048289017816054, -0.099218998565744565, 1.4001315899271398, 1.2326434296924587, 1.0, 25.923357910727731]}, "Traffic Island Link": {"mae": 8.2954654178257865, "mse": 116.05829034989306, "best_function": 1, "parameters": [1.9324751062413266, 0.99508562499206621, 1.0061863269900668, 0.096163989528656235, 1.3257683190561182, -0.46498544514599982, 1.0, 26.947265002411868]}}, "street_tally": [0.0, 4.0, 0.0]}