{"nature_results": {"Single Carriageway": {"mae": 3.4545124153523075, "mse": 24.147312521803354, "best_function": 2, "parameters": [1.8942526331723071, 3.6439563453570285, 1.8324645834078783, 1.0, -0.06363068277329309, 0.68276500257117867, -2.4995193072826964, 4.1019189347616525, 25.440309504388381]}}, "street_tally": [0.0, 0.0, 1.0]}