{"nature_results": {"Single Carriageway": {"mae": 7.3819344215816942, "mse": 106.68096628669589, "best_function": 0, "parameters": [-2.3004064145114951, 12.129274840227371, -3.1230398234130741, 1.0, 0.19012766292581917, 0.9151320808706398, 25.922470134638729]}, "Roundabout": {"mae": 15.792304188929576, "mse": 353.38039694800204, "best_function": 2, "parameters": [-4.409500655972634, 4.4324732547486239, -0.29944177146452522, 1.0, -0.78472842232964757, 8.5234372620144221, -27.4038918267909, 28.725552063631056, 26.507183642722296]}, "Traffic Island Link": {"mae": 8.1483398599512888, "mse": 91.206734970870556, "best_function": 2, "parameters": [109.93698096573819, 77.792698613573265, -2.0073087389506643, 1.0, 0.32342392431882594, -4.0390310433507635, 15.875720740967095, -20.972090713330005, 18.039884625153856]}}, "street_tally": [1.0, 0.0, 2.0]}