{"nature_results": {"Dual Carriageway": {"mae": 6.4242077415366499, "mse": 77.593784544532724, "best_function": 2, "parameters": [20.288162148517856, 23.723419427241016, 4.6163814585410812, 1.0, 0.00034157888672847747, 0.02089886595904944, -0.61846188282567871, 2.7530617023249988, 22.660342074785184]}}, "street_tally": [0.0, 0.0, 1.0]}