{"nature_results": {"Traffic Island Link At Junction": {"mae": 8.1761027038192253, "mse": 85.445393567445976, "best_function": 2, "parameters": [-5.7599077949954873, 5.7672145879911101, 1.1959271979969515, 1.0, 0.099151330812000227, -1.118561861479014, 3.1124823027288295, -0.0024064434851389649, 11.652407620039158]}, "Single Carriageway": {"mae": 2.7408585817294568, "mse": 13.278321604951717, "best_function": 2, "parameters": [-2.6513137214748856, 0.33658579921109066, 0.77965469382026165, 1.0, -0.0055293920825982834, 0.034456634415794385, -0.36056428572291743, 1.8530578937288231, 19.360502944148614]}, "Slip Road": {"mae": 6.742092801918937, "mse": 59.900156827461565, "best_function": 1, "parameters": [2.9397547992523707, 1.0785662421015769, 1.1384676919578651, -0.45784462776038537, 1.540695862858352, 3.9688606619290785, 1.0, 7.6163423274146593]}}, "street_tally": [0.0, 1.0, 2.0]}