{"nature_results": {"Single Carriageway": {"mae": 5.9386922011738843, "mse": 45.27622521214748, "best_function": 2, "parameters": [14.102178989454375, 7.8062188480712535, -1.5896234667746367, 1.0, -0.09973876120950087, 1.1661792921926657, -3.9530567994613248, 3.1032690136115129, 18.178324451259556]}}, "street_tally": [0.0, 0.0, 1.0]}