{"nature_results": {"Traffic Island Link At Junction": {"mae": 8.3336637092520842, "mse": 117.02165328106676, "best_function": 0, "parameters": [1.0, 1.0, 1.0, 1.0, 1.0, 1.0, 1.0]}, "Single Carriageway": {"mae": 8.0565641785960374, "mse": 105.54487442033131, "best_function": 2, "parameters": [-1.4432516531173616, 0.47213403150360012, 1.3740615544518464, 1.0, 0.096318841343836836, -1.2372851706788186, 4.1303356729808307, -1.517649200424088, 29.193861795733959]}}, "street_tally": [1.0, 0.0, 1.0]}