{"nature_results": {"Traffic Island Link At Junction": {"mae": 8.0285021453539898, "mse": 83.74104496227416, "best_function": 2, "parameters": [-2.3940446659540395, 1.940085800468486, -1.3975804018952438, 1.0, 0.072713551991670622, -1.0456619804082914, 4.847264210747257, -7.8651264585924441, 15.667568974900737]}, "Single Carriageway": {"mae": 8.3342150310118051, "mse": 120.55622690886651, "best_function": 1, "parameters": [1.722484437051818, 0.97612682910158866, 0.98903796118630583, 0.1856845113339417, 1.294926880263048, 1.0284377396128148, 1.0, 19.386840705268867]}, "Traffic Island Link": {"mae": 18.072376499901097, "mse": 463.15178768946498, "best_function": 0, "parameters": [1.0, 1.0, 1.0, 1.0, 1.0, 1.0, 1.0]}}, "street_tally": [1.0, 1.0, 1.0]}