{"nature_results": {"Single Carriageway": {"mae": 23.89373214184889, "mse": 628.57150205467747, "best_function": 0, "parameters": [1.0, 1.0, 1.0, 1.0, 1.0, 1.0, 1.0]}, "Traffic Island Link": {"mae": 12.442065004594946, "mse": 401.13403895807392, "best_function": 1, "parameters": [1.341941881158756, 0.97010819144937122, 0.97545472624066898, 0.40451881000640455, 1.2074315728609277, 0.64843439018381288, 1.0, 31.7841784429406]}}, "street_tally": [1.0, 1.0, 0.0]}