{"nature_results": {"Traffic Island Link At Junction": {"mae": 4.0218572290157404, "mse": 29.194162228827356, "best_function": 2, "parameters": [3.5343622802871724, 8.7769831093929511, 1.3692163927808494, 1.0, -0.071392824403145649, 0.82432286503179131, -3.1940694474131286, 5.1365048509297697, 22.167093833394226]}, "Single Carriageway": {"mae": 4.3343879848051925, "mse": 31.91377672282286, "best_function": 2, "parameters": [0.7755135527669923, 2.0426340925643247, 0.21320215930320152, 1.0, -0.015739477991620676, 0.19297213174231909, -1.1169631671010212, 3.1810454493304263, 21.625266689113417]}, "Roundabout": {"mae": 8.4075000932628736, "mse": 136.0122700288064, "best_function": 2, "parameters": [2.06059262514467, 15.640174861307527, -1.5078248571227393, 1.0, 0.10881382597793154, -1.2717172384556443, 4.7088196503892892, -5.6558877576635931, 31.114897601607105]}, "Dual Carriageway": {"mae": 6.5188034951069112, "mse": 77.711535128318658, "best_function": 1, "parameters": [1.8664692760540755, 1.0002882627574621, 0.99244684519062298, 0.11389804430707773, 1.3210945250878985, 1.5280431563539123, 1.0, 16.713188123056039]}, "Slip Road": {"mae": 6.0601112575388418, "mse": 52.025497480143947, "best_function": 0, "parameters": [1.0, 1.0, 1.0, 1.0, 1.0, 1.0, 1.0]}}, "street_tally": [1.0, 1.0, 3.0]}