{"nature_results": {"Single Carriageway": {"mae": 15.541510098328496, "mse": 260.76520229146655, "best_function": 0, "parameters": [1.0, 1.0, 1.0, 1.0, 1.0, 1.0, 1.0]}}, "street_tally": [1.0, 0.0, 0.0]}