{"nature_results": {"Single Carriageway": {"mae": 5.1169496242865247, "mse": 46.058191424925141, "best_function": 2, "parameters": [-8.1046630101448507, 5.6390935599918874, 0.39338084944716412, 1.0, 0.067279972457077175, -0.94545873662420554, 3.7094624225383033, -2.8672051975505459, 20.927681947113687]}, "Slip Road": {"mae": 5.7329519574995631, "mse": 50.317054341507799, "best_function": 0, "parameters": [1.0, 1.0, 1.0, 1.0, 1.0, 1.0, 1.0]}}, "street_tally": [1.0, 0.0, 1.0]}