{"nature_results": {"Single Carriageway": {"mae": 22.862922415849443, "mse": 587.81434391848086, "best_function": 0, "parameters": [1.0, 1.0, 1.0, 1.0, 1.0, 1.0, 1.0]}}, "street_tally": [1.0, 0.0, 0.0]}