{"nature_results": {"Traffic Island Link At Junction": {"mae": 4.8180918658608949, "mse": 46.240878822099361, "best_function": 1, "parameters": [1.7409613091945773, 0.95962890280458901, 0.97569275989853776, 0.14120793401759768, 1.3182292089211922, 0.72342896240441834, 1.0, 21.496550988181767]}, "Single Carriageway": {"mae": 5.0247740586142875, "mse": 41.162318502406009, "best_function": 0, "parameters": [0.04441461928224999, 6.6595964868114867, 1.3858021316747144, 1.0, 0.45724332278568935, 0.96265708293117536, 23.967646469027528]}, "Dual Carriageway": {"mae": 4.2735689790892124, "mse": 32.798964751817316, "best_function": 0, "parameters": [-0.63176605734208002, 0.24752170190418898, -0.1143395669239331, 1.0, -0.42233388866864607, 1.1722112279882542, 33.341816475660139]}, "Slip Road": {"mae": 5.9294781319312699, "mse": 531.35630873610603, "best_function": 2, "parameters": [13.924316639676649, 10.249970771010348, 1.2985905050580706, 1.0, 0.061889179076655587, -0.66050020440584389, 2.0119700944553847, -1.1452756602074343, 21.428578587438885]}}, "street_tally": [2.0, 1.0, 1.0]}