{"nature_results": {"Single Carriageway": {"mae": 6.234517634315262, "mse": 66.445750306032195, "best_function": 2, "parameters": [0.64744734247738722, 7.4599996898211218, 2.36467636569285, 1.0, -0.093410761744644688, 1.1433323534051603, -4.8304658793136728, 8.4486448380387049, 23.440140272023921]}, "Dual Carriageway": {"mae": 4.0192168199365863, "mse": 32.365243177025427, "best_function": 2, "parameters": [-3.6635568311784699, 1.4280814044090029, 4.0125587066412285, 1.0, -0.00076153487396735109, 0.098709536165343836, -1.3825338053909957, 4.9694445793203785, 19.308270458076077]}}, "street_tally": [0.0, 0.0, 2.0]}