{"nature_results": {"Single Carriageway": {"mae": 18.402429802421764, "mse": 403.05059047826308, "best_function": 0, "parameters": [1.0, 1.0, 1.0, 1.0, 1.0, 1.0, 1.0]}}, "street_tally": [1.0, 0.0, 0.0]}