{"nature_results": {"Traffic Island Link At Junction": {"mae": 13.866829926403113, "mse": 235.92966421199944, "best_function": 0, "parameters": [1.0, 1.0, 1.0, 1.0, 1.0, 1.0, 1.0]}, "Single Carriageway": {"mae": 16.650398280879607, "mse": 392.28849466720465, "best_function": 1, "parameters": [1.4721313537982876, 0.96641116360490387, 0.97032332339014904, 0.31405353705738248, 1.24680421545063, 2.474105435883891, 1.0, 28.778460198861261]}, "Dual Carriageway": {"mae": 9.434291656265458, "mse": 163.16456660733147, "best_function": 2, "parameters": [8.7700358934168605, 1.0794426547842679, 4.2888381839384699, 1.0, 0.061469705089695514, -0.71476669488732747, 1.868544619114374, 1.9395483254986376, 26.388781549379299]}, "Slip Road": {"avg_speed": {"mae": 9.434291656265458, "mse": 163.16456660733147, "best_function": 2, "parameters": [8.7700358934168605, 1.0794426547842679, 4.2888381839384699, 1.0, 0.061469705089695514, -0.71476669488732747, 1.868544619114374, 1.9395483254986376, 26.388781549379299]}}}, "street_tally": [1.0, 1.0, 1.0]}