{"nature_results": {"Traffic Island Link At Junction": {"mae": 7.1059510400925401, "mse": 78.124650746952497, "best_function": 2, "parameters": [22.175590667273536, 10.173417579875554, 0.10920046367884717, 1.0, 0.224074411355484, -2.6795433532440796, 9.797300868958283, -10.330473642737772, 18.604062086786985]}, "Single Carriageway": {"mae": 5.8994073395012538, "mse": 55.255502795794186, "best_function": 2, "parameters": [-2.8803438985669443, 13.689029738256858, -1.1758821874946666, 1.0, 0.044283444440512465, -0.83449441883841846, 4.2771123590015669, -4.6313477279214785, 20.387092437200888]}, "Dual Carriageway": {"mae": 4.8412678109841796, "mse": 38.753116186448686, "best_function": 2, "parameters": [20.336922045559184, 24.320303310278028, 1.3339999834441025, 1.0, 0.086381540912481514, -0.81273421235571774, 1.5265780437879146, 1.5960952170310634, 17.40195988734418]}}, "street_tally": [0.0, 0.0, 3.0]}