{"nature_results": {"Slip Road": {"mae": 4.9651199726566269, "mse": 161.12229430345445, "best_function": 2, "parameters": [15.794725475549164, 4.5403145823805442, -2.158584746419133, 1.0, 0.12005212014366262, -1.5257771567212863, 6.3340789169083012, -9.1982803052197077, 36.639829536853028]}, "Dual Carriageway": {"mae": 5.0617827655356926, "mse": 46.860859264792808, "best_function": 2, "parameters": [6.7371337782665561, 0.8709312714591797, -0.893559004805629, 1.0, 0.019729186396579168, -0.37256846064847471, 2.4251675836776512, -5.526942444329233, 37.085269704765615]}, "Roundabout": {"mae": 21.80329581345017, "mse": 553.51825330941949, "best_function": 0, "parameters": [1.0, 1.0, 1.0, 1.0, 1.0, 1.0, 1.0]}}, "street_tally": [1.0, 0.0, 2.0]}