{"nature_results": {"Single Carriageway": {"mae": 15.756119512700158, "mse": 284.72960030390942, "best_function": 0, "parameters": [1.0, 1.0, 1.0, 1.0, 1.0, 1.0, 1.0]}}, "street_tally": [1.0, 0.0, 0.0]}