{"nature_results": {"Traffic Island Link At Junction": {"mae": 33.994057770562669, "mse": 1899.0863720089383, "best_function": 1, "parameters": [-0.15328011276092135, 0.98808642187909945, 0.99956553757845934, 1.0860984065482833, 0.96593411916181782, -1.4115717030845421, 1.0, 26.687196402300803]}, "Single Carriageway": {"mae": 29.905583595348013, "mse": 1600.0873553611141, "best_function": 1, "parameters": [0.19173721106428088, 0.99652885989603746, 1.0125027761830809, 0.928225754733359, 1.0223732515001769, -0.85094815176250482, 1.0, 24.974780634174202]}, "Dual Carriageway": {"mae": 8.7370125246324211, "mse": 124.83610393841508, "best_function": 0, "parameters": [-0.40290870168729542, 7.1798763319348362, -1.0948814620557412, 1.0, 0.23969558909988509, 0.89937654115881904, 23.661787194970159]}}, "street_tally": [1.0, 2.0, 0.0]}