{"nature_results": {"Single Carriageway": {"mae": 18.086630558539568, "mse": 358.52292629132461, "best_function": 0, "parameters": [1.0, 1.0, 1.0, 1.0, 1.0, 1.0, 1.0]}}, "street_tally": [1.0, 0.0, 0.0]}