{"nature_results": {"Traffic Island Link At Junction": {"mae": 15.630358002139978, "mse": 335.91095335993731, "best_function": 0, "parameters": [1.0, 1.0, 1.0, 1.0, 1.0, 1.0, 1.0]}, "Single Carriageway": {"mae": 6.5850659315409565, "mse": 81.604847908098506, "best_function": 1, "parameters": [2.0110925352868172, 0.98833640375589926, 0.9809033702871145, 0.044553505394914206, 1.3460421547713419, 1.0008191763769991, 1.0, 27.478957546110149]}, "Roundabout": {"mae": 5.6784398016440507, "mse": 60.157145972597093, "best_function": 2, "parameters": [-5.6089363725381007, 1.8810216210538742, -1.5670309675957115, 1.0, 0.011707975595873665, -0.17769151530600169, 0.67525387537067028, -0.52847825918782565, 24.234701054914762]}}, "street_tally": [1.0, 1.0, 1.0]}