{"nature_results": {"Traffic Island Link At Junction": {"mae": 10.873175435951502, "mse": 152.1570551323195, "best_function": 0, "parameters": [1.0, 1.0, 1.0, 1.0, 1.0, 1.0, 1.0]}, "Single Carriageway": {"mae": 6.5494643511627126, "mse": 77.971999390379693, "best_function": 2, "parameters": [3.0842197568063976, 7.9141496906073563, -5.2159661065366221, 1.0, 0.050818206709590918, -0.68804675125487003, 2.9622470767050149, -3.7461249158329908, 31.593674150627507]}}, "street_tally": [1.0, 0.0, 1.0]}