{"nature_results": {"Traffic Island Link At Junction": {"mae": 22.297028575123875, "mse": 591.52443715907953, "best_function": 0, "parameters": [1.0, 1.0, 1.0, 1.0, 1.0, 1.0, 1.0]}, "Single Carriageway": {"mae": 21.521007557598288, "mse": 522.34401973360423, "best_function": 0, "parameters": [1.0, 1.0, 1.0, 1.0, 1.0, 1.0, 1.0]}, "Dual Carriageway": {"mae": 25.381571007279138, "mse": 692.27987560062979, "best_function": 0, "parameters": [1.0, 1.0, 1.0, 1.0, 1.0, 1.0, 1.0]}}, "street_tally": [3.0, 0.0, 0.0]}