{"nature_results": {"Single Carriageway": {"mae": 5.2133383943839355, "mse": 57.044268686396933, "best_function": 2, "parameters": [3.9009714229086123, 7.2924701476588805, -0.080227031919693381, 1.0, 0.023981708411708103, -0.29741094101191634, 0.6362252721255951, 1.7741715142918735, 28.853437371752769]}, "Dual Carriageway": {"mae": 4.5570277097844301, "mse": 41.022771504946199, "best_function": 2, "parameters": [3.0960905561279684, 8.2359858568801201, 2.2487653952759752, 1.0, 0.017909559082889936, -0.41132314347817078, 1.9963471199321607, -1.027177115197623, 28.765231127243986]}, "Traffic Island Link": {"mae": 5.5721490610321291, "mse": 52.66632024059254, "best_function": 2, "parameters": [7.7945998501195808, 14.392888192320807, 3.1140324202445089, 1.0, 0.10504828725641024, -1.2233017811884044, 3.6922284467108781, -1.2487967909309892, 36.309313178908987]}}, "street_tally": [0.0, 0.0, 3.0]}