{"nature_results": {"Single Carriageway": {"mae": 7.0585555301962017, "mse": 91.965113258153323, "best_function": 2, "parameters": [39.901788136785314, 24.805607555825787, 0.44769664182551183, 1.0, 0.040853490312287244, -0.28083141206022555, -0.22397695469592982, 2.5330982596519895, 26.0020593386594]}}, "street_tally": [0.0, 0.0, 1.0]}