{"nature_results": {"Traffic Island Link At Junction": {"mae": 6.1846639575327806, "mse": 66.666787557470059, "best_function": 2, "parameters": [11.875471778667594, 4.532435095919217, 0.11252766185707475, 1.0, 0.064604013112810166, -0.90073226508237658, 3.1135349056209525, -0.15556782091763033, 21.062153451113755]}, "Single Carriageway": {"mae": 15.805776750869125, "mse": 313.10279369879993, "best_function": 0, "parameters": [1.0, 1.0, 1.0, 1.0, 1.0, 1.0, 1.0]}}, "street_tally": [1.0, 0.0, 1.0]}