{"nature_results": {"Traffic Island Link At Junction": {"mae": 6.0795434581805159, "mse": 62.970338558551326, "best_function": 0, "parameters": [12.609813703565745, 4.8880563339079455, -2.3816234950977138, 1.0, -0.95503111465854618, 1.1274240127941284, 23.256824344136575]}, "Single Carriageway": {"mae": 23.673653158635972, "mse": 591.49738305745211, "best_function": 0, "parameters": [1.0, 1.0, 1.0, 1.0, 1.0, 1.0, 1.0]}}, "street_tally": [2.0, 0.0, 0.0]}