{"nature_results": {"Traffic Island Link At Junction": {"mae": 22.415791950431252, "mse": 602.82861882465272, "best_function": 0, "parameters": [1.0, 1.0, 1.0, 1.0, 1.0, 1.0, 1.0]}, "Single Carriageway": {"mae": 6.5077724375183594, "mse": 72.43100099746421, "best_function": 1, "parameters": [1.8195443366782476, 0.99982340601612929, 1.0310769559098272, 0.20029770900636756, 1.2782288939871722, -0.0077265305503331216, 1.0, 25.928814745186131]}, "Dual Carriageway": {"mae": 7.4402683792878781, "mse": 85.690712028914362, "best_function": 2, "parameters": [29.13875072586147, 34.02549095577919, -6.536374392620151, 1.0, -0.087176970019535505, 0.56311114508044346, 0.54074919224974871, -5.2508136398408762, 31.609861872505846]}}, "street_tally": [1.0, 1.0, 1.0]}