{"nature_results": {"Single Carriageway": {"mae": 9.0179957137223887, "mse": 146.89403844027049, "best_function": 0, "parameters": [-5.3351006000808185, 4.359586087493625, -1.0657827587175386, 1.0, 1.1907982007948228, 0.60353327097238685, 19.203581921477056]}, "Dual Carriageway": {"mae": 5.1745515213696498, "mse": 49.056259281427899, "best_function": 2, "parameters": [1.2954251791070079, 1.4141626726719005, 0.57113649654064713, 1.0, -0.035656142078098529, 0.48348640786359531, -1.9660357328289955, 1.4850436031586622, 27.573391466210854]}}, "street_tally": [1.0, 0.0, 1.0]}