{"nature_results": {"Single Carriageway": {"mae": 8.022786553622101, "mse": 82.448768293668465, "best_function": 0, "parameters": [1.0, 1.0, 1.0, 1.0, 1.0, 1.0, 1.0]}}, "street_tally": [1.0, 0.0, 0.0]}