{"nature_results": {"Traffic Island Link At Junction": {"mae": 4.7716362131620684, "mse": 35.539385042775947, "best_function": 2, "parameters": [-1.1900332740493078, 3.9685917883685478, 1.1478401206335087, 1.0, 0.044426711426891807, -0.68430808587401581, 3.0673299872845194, -3.4275302384623334, 17.512274351703358]}, "Single Carriageway": {"mae": 6.6920201691296741, "mse": 66.234579184948799, "best_function": 1, "parameters": [1.9291788224158049, 0.96133891664251236, 0.98067042558681283, 0.097712260525274708, 1.3241907028779467, 0.59478808413694262, 1.0, 31.030771598118498]}, "Roundabout": {"mae": 19.006314519298272, "mse": 439.75908986796082, "best_function": 0, "parameters": [1.0, 1.0, 1.0, 1.0, 1.0, 1.0, 1.0]}, "Traffic Island Link": {"mae": 6.4757947644379881, "mse": 63.980734056570306, "best_function": 1, "parameters": [2.257196630978394, 0.95869881842590654, 0.99640267115093906, -0.079798085919940531, 1.3922435747486333, -0.88588870237789186, 1.0, 39.583716689746929]}}, "street_tally": [1.0, 2.0, 1.0]}