{"nature_results": {"Traffic Island Link At Junction": {"mae": 19.228968069167106, "mse": 390.83476284004195, "best_function": 0, "parameters": [1.0, 1.0, 1.0, 1.0, 1.0, 1.0, 1.0]}, "Single Carriageway": {"mae": 7.1117296695203231, "mse": 1133.4684628212196, "best_function": 2, "parameters": [6.5132823261715922, 5.8310482718142502, 0.90327960252848283, 1.0, -0.043774449362411705, 0.5544048695171675, -2.2015787563373954, 2.9004493352996343, 22.902266760264268]}, "Dual Carriageway": {"mae": 5.8929999510454083, "mse": 54.933794296893502, "best_function": 2, "parameters": [36.033127377960902, 11.682728789462807, -4.11825679513142, 1.0, -0.57175308159683191, 7.1731546439652867, -27.006959001182683, 28.005098177684733, 21.78350373295206]}, "Traffic Island Link": {"mae": 22.952276898735835, "mse": 568.13733482658029, "best_function": 0, "parameters": [1.0, 1.0, 1.0, 1.0, 1.0, 1.0, 1.0]}}, "street_tally": [2.0, 0.0, 2.0]}