{"nature_results": {"Traffic Island Link At Junction": {"mae": 11.28805845841217, "mse": 232.22179295659046, "best_function": 0, "parameters": [1.0, 1.0, 1.0, 1.0, 1.0, 1.0, 1.0]}, "Single Carriageway": {"mae": 22.1850477031143, "mse": 743.33001887091848, "best_function": 1, "parameters": [1.3170335705196954, 1.0043955216759382, 0.98576247221657365, 0.36985219198972064, 1.2291651306311946, -1.0694785237058424, 1.0, 31.606013822743201]}}, "street_tally": [1.0, 1.0, 0.0]}