{"nature_results": {"Single Carriageway": {"mae": 12.270220689010518, "mse": 183.90417983539146, "best_function": 0, "parameters": [1.0, 1.0, 1.0, 1.0, 1.0, 1.0, 1.0]}}, "street_tally": [1.0, 0.0, 0.0]}