{"nature_results": {"Traffic Island Link At Junction": {"mae": 4.3731755875341856, "mse": 35.151815441631165, "best_function": 0, "parameters": [4.2423692736410343, 3.2809245506320037, 0.24704065953140641, 1.0, 0.62516569598614735, 0.55402175830206146, 20.503722671045562]}, "Single Carriageway": {"mae": 5.3262392020272529, "mse": 51.986083716607794, "best_function": 1, "parameters": [2.6556166134949901, 1.0146903042834454, 1.0359075810543803, -0.29031950714492782, 1.4735137713827928, 1.1286735644616177, 1.0, 33.241106474492504]}, "Traffic Island Link": {"mae": 10.655047076745431, "mse": 156.1019187828046, "best_function": 1, "parameters": [6.7408948252341858, 1.0211686148549619, 1.0882946645436651, -2.2268975996705631, 2.1764890642100898, 3.6840289536321267, 1.0, 24.975838504596787]}}, "street_tally": [1.0, 2.0, 0.0]}