{"nature_results": {"Single Carriageway": {"mae": 6.1871951216764938, "mse": 67.004770030729659, "best_function": 1, "parameters": [1.935572719712211, 0.99982689261062463, 1.007445331450449, 0.060177695847858703, 1.3446562334237022, 0.44298482323368948, 1.0, 32.469126942735542]}, "Traffic Island Link": {"mae": 10.595498503783057, "mse": 157.23534523926003, "best_function": 1, "parameters": [3.4587880490663716, 1.2512811374106234, 1.2148766636481174, -0.64509831504064197, 1.5958464493956805, 3.6211351364321298, 1.0, 29.372674169281371]}}, "street_tally": [0.0, 2.0, 0.0]}