{"nature_results": {"Single Carriageway": {"mae": 7.3999684228544904, "mse": 79.908885340939364, "best_function": 0, "parameters": [1.0, 1.0, 1.0, 1.0, 1.0, 1.0, 1.0]}}, "street_tally": [1.0, 0.0, 0.0]}