{"nature_results": {"Traffic Island Link At Junction": {"mae": 2.8451519714237952, "mse": 13.089503067022235, "best_function": 2, "parameters": [-0.22841822078630125, 1.852527940137997, -2.0314943808812207, 1.0, -0.11010345111774922, 1.314101570614256, -4.9317308722536533, 5.7750692976370734, 23.93457408747161]}}, "street_tally": [0.0, 0.0, 1.0]}