{"nature_results": {"Single Carriageway": {"mae": 6.1437369922434959, "mse": 53.917918393056965, "best_function": 2, "parameters": [4.7698531797459722, 5.0719688675512389, -0.90769969396136774, 1.0, -0.018326912377718774, 0.078474012644698332, 0.56515373354956711, -3.3860912824746281, 20.649342667450245]}}, "street_tally": [0.0, 0.0, 1.0]}