{"nature_results": {"Single Carriageway": {"mae": 20.917017348695293, "mse": 457.75195288509161, "best_function": 0, "parameters": [1.0, 1.0, 1.0, 1.0, 1.0, 1.0, 1.0]}, "Dual Carriageway": {"mae": 23.622029076865751, "mse": 575.42327692604067, "best_function": 0, "parameters": [1.0, 1.0, 1.0, 1.0, 1.0, 1.0, 1.0]}}, "street_tally": [2.0, 0.0, 0.0]}