{"nature_results": {"Traffic Island Link At Junction": {"mae": 4.3538536488144963, "mse": 35.417005118321946, "best_function": 2, "parameters": [4.9851593354505557, 4.4036260237748488, 0.25264705941401699, 1.0, 0.024686504699990564, -0.58431834184319964, 3.2489888819892099, -4.3840416084989648, 28.328890699945742]}, "Single Carriageway": {"mae": 7.8296592300378531, "mse": 186.02370728429577, "best_function": 2, "parameters": [7.7637843191406501, 4.7040991691341567, 0.32314697964518546, 1.0, 0.061997571081420677, -0.90179642655388692, 3.9934830470050473, -4.8238443671045754, 28.256449847646319]}, "Traffic Island Link": {"mae": 9.3860806960838961, "mse": 127.18521069270636, "best_function": 2, "parameters": [5.164262702306444, 3.7456804176807266, -0.88985126656464297, 1.0, 0.0064919461864393346, -0.1758619797264529, 0.90586817780444862, -0.69818534683815514, 22.502724266989848]}}, "street_tally": [0.0, 0.0, 3.0]}