{"nature_results": {"Single Carriageway": {"mae": 5.8841760254393636, "mse": 59.192822345621785, "best_function": 2, "parameters": [-2.289404891906162, 0.25771274128585198, 1.9816108789248514, 1.0, -0.01932777961104537, 0.12320048899711233, -0.20138015899769113, 0.5844543500328192, 28.233758847233364]}}, "street_tally": [0.0, 0.0, 1.0]}