{"nature_results": {"Traffic Island Link At Junction": {"mae": 6.037873777080538, "mse": 50.638916134716787, "best_function": 0, "parameters": [4.4582305849976986, 0.73781113480635052, -0.4998635169628487, 1.0, -0.6260772504128953, 1.2175022699594367, 24.833291969107638]}, "Single Carriageway": {"mae": 17.989195945675124, "mse": 452.80370496885604, "best_function": 1, "parameters": [1.4002202879565788, 0.98318558795003619, 0.99994804123376058, 0.32147841152577306, 1.248818495824777, 0.13418207080276023, 1.0, 29.169346260021133]}, "Dual Carriageway": {"mae": 7.4167948615179, "mse": 91.497093187204598, "best_function": 2, "parameters": [16.185373125998531, 3.9821411093151835, 1.2949852634441941, 1.0, 0.21657567216261042, -2.6798519779032777, 9.9015055018957057, -10.16637366105042, 26.734825048785183]}}, "street_tally": [1.0, 1.0, 1.0]}