{"nature_results": {"Traffic Island Link At Junction": {"mae": 15.387573409062872, "mse": 287.17034021536659, "best_function": 0, "parameters": [1.0, 1.0, 1.0, 1.0, 1.0, 1.0, 1.0]}, "Single Carriageway": {"mae": 24.659130873592009, "mse": 646.47441179155771, "best_function": 0, "parameters": [1.0, 1.0, 1.0, 1.0, 1.0, 1.0, 1.0]}}, "street_tally": [2.0, 0.0, 0.0]}