{"nature_results": {"Traffic Island Link At Junction": {"mae": 9.993178066861665, "mse": 129.51456703495182, "best_function": 0, "parameters": [1.0, 1.0, 1.0, 1.0, 1.0, 1.0, 1.0]}, "Single Carriageway": {"mae": 7.4903770020992857, "mse": 130.81558585459345, "best_function": 1, "parameters": [1.6252535258780498, 1.6617273552683769, 1.2771416751699201, 0.10304653490884697, 1.3493256079923515, -3.8913240359393448, 1.0, 22.600129864833548]}}, "street_tally": [1.0, 1.0, 0.0]}