{"nature_results": {"Single Carriageway": {"mae": 14.415151731246109, "mse": 221.64776345997529, "best_function": 0, "parameters": [1.0, 1.0, 1.0, 1.0, 1.0, 1.0, 1.0]}}, "street_tally": [1.0, 0.0, 0.0]}