{"nature_results": {"Single Carriageway": {"mae": 5.6825466897112245, "mse": 64.872042845918898, "best_function": 0, "parameters": [-2.6924295776936011, 3.7951603522544661, 0.93600938143002521, 1.0, 1.1064976147631398, 0.36041407592177022, 34.312538501722507]}, "Dual Carriageway": {"mae": 6.1631891943087451, "mse": 58.722192890651527, "best_function": 2, "parameters": [0.033746106026996014, 7.5068878932737331, 1.4690417562485409, 1.0, -0.048931735298118895, 0.38423578703435735, -0.40194198754761978, -1.3884543731539005, 33.434220042838675]}, "Traffic Island Link": {"mae": 43.241180523749279, "mse": 4415.1538722527284, "best_function": 1, "parameters": [0.22404593530360672, 0.99727923213559433, 1.0316968404522355, 0.93485180175040483, 1.0156366285622549, 1.1002912014422774, 1.0, 36.654611369544234]}}, "street_tally": [1.0, 1.0, 1.0]}