{"nature_results": {"Traffic Island Link At Junction": {"mae": 20.089314603245032, "mse": 516.72857711954146, "best_function": 0, "parameters": [1.0, 1.0, 1.0, 1.0, 1.0, 1.0, 1.0]}, "Single Carriageway": {"mae": 21.959933194012834, "mse": 545.37493964500288, "best_function": 0, "parameters": [1.0, 1.0, 1.0, 1.0, 1.0, 1.0, 1.0]}, "Dual Carriageway": {"mae": 22.805475059643825, "mse": 590.5472846482736, "best_function": 0, "parameters": [1.0, 1.0, 1.0, 1.0, 1.0, 1.0, 1.0]}, "Slip Road": {"mae": 8.7644688677181879, "mse": 103.83705214721704, "best_function": 1, "parameters": [2.231483808079159, 0.99421110510207156, 0.97504602518856798, -0.029578028802278888, 1.3672859005877658, 0.61193558306800433, 1.0, 16.912700430404858]}}, "street_tally": [3.0, 1.0, 0.0]}