{"nature_results": {"Traffic Island Link At Junction": {"mae": 19.379985240470297, "mse": 406.55217360142387, "best_function": 0, "parameters": [1.0, 1.0, 1.0, 1.0, 1.0, 1.0, 1.0]}, "Single Carriageway": {"mae": 6.6900272813269934, "mse": 105.7383458239248, "best_function": 2, "parameters": [-2.335939407511098, 2.9191372304097634, -1.3363413752526321, 1.0, 0.094229611119166279, -1.3710698079774195, 5.6490844414481414, -4.9779065968059548, 38.723042358311453]}, "Dual Carriageway": {"mae": 41.293528606251769, "mse": 1800.7763165942595, "best_function": 0, "parameters": [1.0, 1.0, 1.0, 1.0, 1.0, 1.0, 1.0]}, "Roundabout": {"mae": 19.937014226673977, "mse": 470.09098687561158, "best_function": 0, "parameters": [1.0, 1.0, 1.0, 1.0, 1.0, 1.0, 1.0]}}, "street_tally": [3.0, 0.0, 1.0]}