{"nature_results": {"Dual Carriageway": {"mae": 33.429980159377315, "mse": 1144.0208814970399, "best_function": 0, "parameters": [1.0, 1.0, 1.0, 1.0, 1.0, 1.0, 1.0]}}, "street_tally": [1.0, 0.0, 0.0]}