{"nature_results": {"Single Carriageway": {"mae": 7.3468289345020867, "mse": 95.054863817566741, "best_function": 0, "parameters": [4.7457478492578744, 2.5814920215368353, 0.049381031037069922, 1.0, 0.21672160705991017, 1.0211818935928356, 21.462904685643835]}, "Traffic Island Link": {"mae": 6.1519159451171319, "mse": 64.670809472823038, "best_function": 0, "parameters": [8.8900761623678939, 8.4159527308586028, -0.22871394496044006, 1.0, 0.67061395537992319, 0.73560293059280313, 25.984690191240635]}}, "street_tally": [2.0, 0.0, 0.0]}