{"nature_results": {"Single Carriageway": {"mae": 6.5132885310057658, "mse": 67.954964997039525, "best_function": 2, "parameters": [5.624436157849698, 3.0262623443786252, 1.9187443841933605, 1.0, 0.011474902288392652, -0.30892477718470723, 2.0665896736393168, -4.1978593392477164, 19.566836964799698]}}, "street_tally": [0.0, 0.0, 1.0]}