{"nature_results": {"Single Carriageway": {"mae": 13.787570608802932, "mse": 261.17668136949862, "best_function": 0, "parameters": [1.0, 1.0, 1.0, 1.0, 1.0, 1.0, 1.0]}, "Traffic Island Link": {"mae": 16.149027423197811, "mse": 373.55632226115398, "best_function": 0, "parameters": [1.0, 1.0, 1.0, 1.0, 1.0, 1.0, 1.0]}, "Roundabout": {"mae": 6.592503725067246, "mse": 85.0254944724186, "best_function": 1, "parameters": [2.3276007461261132, 0.79964818971433949, 0.9289497081828233, -0.11554945555712393, 1.4058806629841387, 1.7137583545088095, 1.0, 19.774708296048757]}, "Dual Carriageway": {"mae": 7.8792639459784182, "mse": 100.45921543245535, "best_function": 2, "parameters": [5.9159278339811907, 5.2634777268749104, 0.76351308407891705, 1.0, 0.053149946697099493, -0.77734064625425381, 3.3566649392917696, -2.9689228071553919, 11.314112841604819]}, "Slip Road": {"mae": 10.720195110002326, "mse": 135.68000121698282, "best_function": 0, "parameters": [1.0, 1.0, 1.0, 1.0, 1.0, 1.0, 1.0]}}, "street_tally": [3.0, 1.0, 1.0]}