{"nature_results": {"Traffic Island Link At Junction": {"mae": 7.2302166423348693, "mse": 85.09572972698156, "best_function": 2, "parameters": [-8.0360900816758303, 0.078175542595228631, 1.7445739427158071, 1.0, 0.028265798095730599, -0.29857936392155993, 0.87565039062532768, -0.31671949178183434, 26.713512029346727]}, "Single Carriageway": {"mae": 6.212298835932403, "mse": 68.836654547958133, "best_function": 0, "parameters": [-13.565439289156267, 0.61200575825740888, 2.3601485900558323, 1.0, 0.5661816299757596, 1.0934677836387274, 27.783590205253304]}, "Dual Carriageway": {"mae": 9.8911898386021111, "mse": 166.27177117557667, "best_function": 1, "parameters": [1.6301312098149903, 0.95870834815083339, 0.98409137800407009, 0.20571223566213992, 1.2930484878535526, 0.039722221102343913, 1.0, 25.001620617437506]}}, "street_tally": [1.0, 1.0, 1.0]}