{"nature_results": {"Single Carriageway": {"mae": 23.449485114307805, "mse": 619.11654836311243, "best_function": 0, "parameters": [1.0, 1.0, 1.0, 1.0, 1.0, 1.0, 1.0]}}, "street_tally": [1.0, 0.0, 0.0]}