{"nature_results": {"Single Carriageway": {"mae": 4.4056458889899401, "mse": 70.844789987943741, "best_function": 0, "parameters": [29.38561212077612, 20.167138129222693, 0.44306174569473644, 1.0, 0.44533705793908096, 0.53861576965261682, 19.439279155006801]}}, "street_tally": [1.0, 0.0, 0.0]}