{"nature_results": {"Single Carriageway": {"mae": 21.434633100589831, "mse": 523.52807376261774, "best_function": 0, "parameters": [1.0, 1.0, 1.0, 1.0, 1.0, 1.0, 1.0]}}, "street_tally": [1.0, 0.0, 0.0]}