{"nature_results": {"Traffic Island Link At Junction": {"mae": 7.2256863585430056, "mse": 75.768041203420111, "best_function": 1, "parameters": [4.6199895621095806, 0.87849777427026754, 0.92261447012932918, -1.2107368319585081, 1.8062196748588384, 2.7823003011354608, 1.0, 9.304761362546845]}, "Single Carriageway": {"mae": 7.8665137242437053, "mse": 97.256035743865596, "best_function": 1, "parameters": [6.0173882041233115, 1.0234412165854807, 1.0143676133969834, -1.9122164467032579, 2.0669983768906617, -0.38442922063551843, 1.0, 14.495157902997223]}, "Roundabout": {"mae": 9.7531455306056145, "mse": 2706.323686231166, "best_function": 0, "parameters": [2.7937152099708591, 12.064126728649729, -6.2439616748001061, 1.0, 2.0956398577540787, 0.22171518678891655, 27.709142393939668]}, "Dual Carriageway": {"mae": 13.989304309141783, "mse": 231.17910995561999, "best_function": 0, "parameters": [1.0, 1.0, 1.0, 1.0, 1.0, 1.0, 1.0]}, "Traffic Island Link": {"mae": 8.7493263842360971, "mse": 98.484521221340955, "best_function": 1, "parameters": [4.2388290719322761, 0.94034845855151383, 0.97339378710112501, -0.9860091981446113, 1.7164635389031857, -0.29364423264947148, 1.0, 11.954033603756368]}}, "street_tally": [2.0, 3.0, 0.0]}