{"nature_results": {"Single Carriageway": {"mae": 25.965998179168366, "mse": 731.10561801523841, "best_function": 0, "parameters": [1.0, 1.0, 1.0, 1.0, 1.0, 1.0, 1.0]}, "Dual Carriageway": {"mae": 24.613435487064887, "mse": 670.74578820261002, "best_function": 0, "parameters": [1.0, 1.0, 1.0, 1.0, 1.0, 1.0, 1.0]}, "Slip Road": {"mae": 9.3145154981573288, "mse": 109.38886841489095, "best_function": 0, "parameters": [18.853495114959561, 16.383752733302728, 10.942114360680463, 1.0, -0.41430398251017775, 1.1669124230297199, 7.8706069079726344]}}, "street_tally": [3.0, 0.0, 0.0]}