{"nature_results": {"Single Carriageway": {"mae": 7.0606444866824862, "mse": 73.320047590081543, "best_function": 1, "parameters": [2.2024377446089902, 0.99445793116637715, 0.98525392318653093, -0.020221427196268404, 1.3650618444847231, -0.020386183383674927, 1.0, 17.580235935532958]}, "Dual Carriageway": {"mae": 4.9811323881755465, "mse": 54.716673091624706, "best_function": 1, "parameters": [1.9133762672855761, 0.9897365695461865, 0.99006440141247842, 0.11075544461079989, 1.3186358389049695, -0.071709637408962079, 1.0, 22.665517844985558]}, "Slip Road": {"mae": 12.463199816296211, "mse": 209.03865447693858, "best_function": 0, "parameters": [1.0, 1.0, 1.0, 1.0, 1.0, 1.0, 1.0]}}, "street_tally": [1.0, 2.0, 0.0]}