{"nature_results": {"Single Carriageway": {"mae": 6.8513535754369297, "mse": 567.15914061077615, "best_function": 2, "parameters": [14.72699971025024, 10.65419699418455, -0.74763993775975557, 1.0, 0.085415687252838879, -0.96700738482331872, 3.1057098050858474, -2.2741090439395153, 31.053731639213201]}, "Roundabout": {"mae": 7.9566077322114328, "mse": 92.475629501629811, "best_function": 2, "parameters": [-5.0641481735624723, 5.41364949880432, -0.50445081574598283, 1.0, 0.20680068259495299, -2.5808909676359728, 9.3588584212746095, -9.050540922159211, 33.051508694216167]}, "Dual Carriageway": {"mae": 8.4289000101231242, "mse": 122.11240008942688, "best_function": 2, "parameters": [-5.0043487651424847, 2.776330907790058, -2.2256864633165376, 1.0, 0.12742927805943693, -1.5468324658327988, 5.3972331824983257, -4.0452579563247832, 34.07265407018761]}, "Traffic Island Link": {"mae": 5.84815145339899, "mse": 63.156369914687232, "best_function": 0, "parameters": [98.661307187930703, 47.342415790505889, -0.23742137568946076, 1.0, 0.24358672878725929, 1.0889788796907049, 26.0804493559469]}}, "street_tally": [1.0, 0.0, 3.0]}