{"nature_results": {"Single Carriageway": {"mae": 7.0906043538977146, "mse": 119.63004312886159, "best_function": 1, "parameters": [1.845561362662004, 0.99723826714253538, 1.0013997671188903, 0.14918803044904438, 1.3035547752901466, -0.16384322411077124, 1.0, 24.360999330479423]}, "Slip Road": {"mae": 3.2959170766303147, "mse": 93.866474422009574, "best_function": 0, "parameters": [7.2581853043737468, 3.2563186343333301, 0.26187373238731204, 1.0, 0.6885277301945365, 0.6705352997988665, 15.011096939275426]}, "Dual Carriageway": {"mae": 11.413262523054568, "mse": 193.92807161433015, "best_function": 0, "parameters": [1.0, 1.0, 1.0, 1.0, 1.0, 1.0, 1.0]}, "Traffic Island Link": {"mae": 28.900246247463446, "mse": 887.73407161852356, "best_function": 0, "parameters": [1.0, 1.0, 1.0, 1.0, 1.0, 1.0, 1.0]}}, "street_tally": [3.0, 1.0, 0.0]}