{"nature_results": {"Traffic Island Link At Junction": {"mae": 7.7410316434956172, "mse": 100.46784492236067, "best_function": 1, "parameters": [3.150503224718316, 0.78188898269911156, 0.92805296487875366, -0.50786218364220925, 1.5506929633356683, -0.86255644640958429, 1.0, 16.05052535410616]}, "Single Carriageway": {"mae": 5.2367465130415205, "mse": 43.597955805783663, "best_function": 1, "parameters": [2.320783603950904, 0.99373544815884385, 1.0098874729704941, -0.1236683025369969, 1.4121591815282644, 0.46255411919239575, 1.0, 28.630560422817037]}}, "street_tally": [0.0, 2.0, 0.0]}