{"nature_results": {"Single Carriageway": {"mae": 14.798394442514153, "mse": 294.33523614407352, "best_function": 0, "parameters": [1.0, 1.0, 1.0, 1.0, 1.0, 1.0, 1.0]}}, "street_tally": [1.0, 0.0, 0.0]}