{"nature_results": {"Traffic Island Link At Junction": {"mae": 20.347098758111944, "mse": 457.11905175380269, "best_function": 0, "parameters": [1.0, 1.0, 1.0, 1.0, 1.0, 1.0, 1.0]}, "Single Carriageway": {"mae": 27.061269641899703, "mse": 814.56428739111266, "best_function": 0, "parameters": [1.0, 1.0, 1.0, 1.0, 1.0, 1.0, 1.0]}, "Dual Carriageway": {"mae": 25.060765090407092, "mse": 693.70699336120288, "best_function": 0, "parameters": [1.0, 1.0, 1.0, 1.0, 1.0, 1.0, 1.0]}, "Roundabout": {"mae": 10.644908317886115, "mse": 170.22066361336098, "best_function": 2, "parameters": [-10.881711131873315, 2.6591376669239963, 1.1423832091973944, 1.0, -0.021494435531887568, 0.033979724909859899, 0.82791228281298213, -2.0053872153538119, 30.880474930041984]}}, "street_tally": [3.0, 0.0, 1.0]}