{"nature_results": {"Single Carriageway": {"mae": 18.442723214121706, "mse": 408.81351116679701, "best_function": 0, "parameters": [1.0, 1.0, 1.0, 1.0, 1.0, 1.0, 1.0]}, "Traffic Island Link": {"mae": 5.4200022483684176, "mse": 44.554447254118422, "best_function": 1, "parameters": [3.1014606722376663, 1.0161415223445203, 1.1341905694088612, -0.55530801374725636, 1.5804171276838823, 1.0130642465640332, 1.0, 23.856043850634357]}}, "street_tally": [1.0, 1.0, 0.0]}