{"nature_results": {"Single Carriageway": {"mae": 22.15640235069916, "mse": 558.23790943661299, "best_function": 0, "parameters": [1.0, 1.0, 1.0, 1.0, 1.0, 1.0, 1.0]}}, "street_tally": [1.0, 0.0, 0.0]}