{"nature_results": {"Traffic Island Link At Junction": {"mae": 5.1579580326800194, "mse": 47.376937607918592, "best_function": 2, "parameters": [2.8358072162127135, 2.7394147930584336, -0.47744959189777991, 1.0, -0.00053036430259423284, -0.10568582689257267, 0.59461427432451075, -0.42395996776752765, 23.242173217105726]}, "Single Carriageway": {"mae": 4.7806474429803023, "mse": 42.170198317285994, "best_function": 2, "parameters": [3.321325456357517, 6.1265972676592515, 0.0088191010283683591, 1.0, -0.0016995862350279722, -0.10067319674072395, 0.50239635945644479, 0.29886042166028337, 33.78445115332854]}, "Roundabout": {"mae": 6.0042271103896452, "mse": 71.896508097306011, "best_function": 2, "parameters": [1.0906893351094908, 1.9273426628095138, -1.0236055493117764, 1.0, -0.013288261000036883, 0.11119602831183939, -0.51902684106935482, 1.4650235378141909, 26.345120378585943]}, "Dual Carriageway": {"mae": 6.6708248597103816, "mse": 81.258038225552554, "best_function": 2, "parameters": [-0.47708661734461266, 6.6394057287957517, -0.43565347682750799, 1.0, -0.014762884634261786, 0.07416271091047355, -0.3053737745996683, 1.7152781456765838, 30.912162351861518]}, "Traffic Island Link": {"mae": 4.9362170993888217, "mse": 46.85150010914284, "best_function": 2, "parameters": [3.6005382102596584, 9.6314714141443662, -0.12553949564100653, 1.0, -0.038816595012888921, 0.38349399448544241, -1.5065196232816191, 3.1675142722703429, 36.250503208478058]}}, "street_tally": [0.0, 0.0, 5.0]}