{"nature_results": {"Single Carriageway": {"mae": 9.3588937585453813, "mse": 131.00596433978691, "best_function": 2, "parameters": [0.36040868918911495, 5.2935714235825824, 1.9240088165275835, 1.0, -0.001747702224787151, 0.25750043415041302, -1.9249817055016782, 3.3109459007122988, 11.784168554156878]}}, "street_tally": [0.0, 0.0, 1.0]}