{"nature_results": {"Single Carriageway": {"mae": 7.7833630195369778, "mse": 159.87695266529002, "best_function": 2, "parameters": [7.8108316626994077, 22.54787782077247, 6.41450002106395, 1.0, 0.16874064143886203, -2.1985674290393611, 8.9863125284130128, -13.02386012854007, 23.018417767775986]}, "Traffic Island Link": {"mae": 9.2729536985863898, "mse": 137.70678930444066, "best_function": 0, "parameters": [1.0, 1.0, 1.0, 1.0, 1.0, 1.0, 1.0]}}, "street_tally": [1.0, 0.0, 1.0]}