{"nature_results": {"Dual Carriageway": {"mae": 9.4969861858746789, "mse": 146.68018787780963, "best_function": 2, "parameters": [-7.4090589460279741, 1.4308420645964355, -0.22393692127063725, 1.0, 0.032363876534655556, -0.57396026769891062, 2.6288895909379146, -2.8476546773576961, 37.198175370935978]}}, "street_tally": [0.0, 0.0, 1.0]}