{"nature_results": {"Single Carriageway": {"mae": 20.569218974185482, "mse": 476.76517486251169, "best_function": 0, "parameters": [1.0, 1.0, 1.0, 1.0, 1.0, 1.0, 1.0]}, "Traffic Island Link": {"mae": 7.5489508108576633, "mse": 81.016667172992669, "best_function": 2, "parameters": [17.559628374010558, 16.495100014297176, 0.41308645652345866, 1.0, 0.26219072316569714, -3.1316629109266234, 11.230468288553677, -12.609830443452696, 23.41632492248462]}}, "street_tally": [1.0, 0.0, 1.0]}