{"nature_results": {"Dual Carriageway": {"mae": 6.146919567184792, "mse": 337.83095654145836, "best_function": 2, "parameters": [-3.2251653121397101, 5.7443709148345574, 0.59959765445960722, 1.0, 0.021231857703226553, -0.43687484868548987, 2.2691524759518513, -2.3222186906967783, 49.178834555156776]}}, "street_tally": [0.0, 0.0, 1.0]}