{"nature_results": {"Single Carriageway": {"mae": 2.1632581285128465, "mse": 8.2051199826479255, "best_function": 1, "parameters": [2.001456121210746, 0.99847422995443114, 0.99081273433007588, 0.061460544502054182, 1.3381145184436187, -1.1561918677139897, 1.0, 18.544044155996769]}, "Dual Carriageway": {"mae": 7.0768549017219584, "mse": 81.059198284702418, "best_function": 1, "parameters": [2.1277727459195312, 0.99364586148516998, 1.0054242842806458, -0.025916842206709312, 1.3752642944678637, 1.266650310899178, 1.0, 54.67204031349921]}, "Slip Road": {"mae": 5.2781842087978372, "mse": 60.029942635821939, "best_function": 2, "parameters": [-2.2438214556798077, 4.0873561997710679, -1.2073853737922757, 1.0, -0.058966148635978488, 0.70719601605883187, -2.3737377664469279, 1.8313447159656628, 36.73432017010677]}}, "street_tally": [0.0, 2.0, 1.0]}