{"nature_results": {"Single Carriageway": {"mae": 4.8512249355000119, "mse": 46.751106104058501, "best_function": 2, "parameters": [15.836274825949216, 11.016323802497658, 0.54557394601470799, 1.0, 0.030098993310851641, -0.65098701849060792, 3.620971538541697, -4.2304936843945464, 14.373692558324549]}, "Traffic Island Link": {"mae": 4.1737185023735686, "mse": 23.101942512477372, "best_function": 2, "parameters": [27.273464439241167, 24.071808734177573, 2.7798293501406199, 1.0, 0.13578650335738052, -2.035856379624378, 9.367961254195917, -11.811785761093596, 10.28828048668343]}}, "street_tally": [0.0, 0.0, 2.0]}