{"nature_results": {"Traffic Island Link At Junction": {"mae": 3.852393081891301, "mse": 32.172755283737253, "best_function": 2, "parameters": [4.5892595924075898, 17.144568449910494, -1.6407644058102919, 1.0, 0.14305836334032118, -1.8703221620171475, 7.2615184475942298, -6.9188915764250325, 25.707883384634258]}, "Single Carriageway": {"mae": 4.7331726516312633, "mse": 39.170801467876267, "best_function": 2, "parameters": [4.4010725149928547, 4.5381396802102261, -0.59767648002332407, 1.0, 0.056658755444034425, -0.7148858121571664, 2.5779572264004713, -1.7805839401304211, 22.614168764839825]}, "Traffic Island Link": {"mae": 3.3632065024030631, "mse": 18.752436830969806, "best_function": 2, "parameters": [6.5577620776533907, 4.0126758562566778, 0.10527734941777644, 1.0, 0.0078312216475169283, -0.0021894745165449425, -0.59262543099300879, 2.220435845100476, 20.947014649481385]}}, "street_tally": [0.0, 0.0, 3.0]}