{"nature_results": {"Single Carriageway": {"mae": 25.888494667388237, "mse": 751.79174223536211, "best_function": 0, "parameters": [1.0, 1.0, 1.0, 1.0, 1.0, 1.0, 1.0]}, "Traffic Island Link": {"mae": 30.713563680154824, "mse": 1030.3684616774192, "best_function": 0, "parameters": [1.0, 1.0, 1.0, 1.0, 1.0, 1.0, 1.0]}, "Roundabout": {"mae": 5.3445880962541068, "mse": 55.879525151278258, "best_function": 2, "parameters": [-0.9556371010535778, 5.3236505800633571, -2.4105729826841764, 1.0, -0.10593103086155886, 1.2952561063287804, -4.7207251184996091, 4.3720269496912421, 29.074591228093375]}, "Dual Carriageway": {"mae": 9.3665796735423577, "mse": 136.64188650519768, "best_function": 1, "parameters": [2.789107798058247, 1.0251511008694734, 1.0784163595732033, -0.33943677924608284, 1.4879730921500314, -1.1884393326336911, 1.0, 28.948240156038064]}, "Slip Road": {"mae": 4.3565818598172443, "mse": 30.290438454471559, "best_function": 2, "parameters": [-0.83439489593467275, 8.5541495088371082, -2.9665228108340456, 1.0, 0.024891321070269701, -0.47789575376714488, 2.7594595448712118, -4.8795691431676076, 36.033276160416264]}}, "street_tally": [2.0, 1.0, 2.0]}