{"nature_results": {"Traffic Island Link At Junction": {"mae": 7.2492939101793246, "mse": 78.326075025365597, "best_function": 2, "parameters": [-0.97397007419035475, 4.0488950983066783, 2.4045903730118869, 1.0, -0.13418109014919977, 1.6547829673105485, -5.9095463725514215, 5.6138565671054126, 13.82107987485999]}, "Single Carriageway": {"mae": 5.2565600682104092, "mse": 48.495670692780479, "best_function": 2, "parameters": [-5.537938303955948, 5.6694297131503397, 3.3183818748787601, 1.0, -0.21049364379250379, 2.8463489015242915, -12.086379455508451, 15.519811093824549, 24.455700295914465]}}, "street_tally": [0.0, 0.0, 2.0]}