{"nature_results": {"Single Carriageway": {"mae": 6.2490249968253195, "mse": 65.524845240742664, "best_function": 1, "parameters": [0.012558965991240956, 0.97901317557002088, 1.012885825090226, 0.98980974492774021, 1.003767107068013, 0.26266237826294403, 1.0, 23.164221522157185]}}, "street_tally": [0.0, 1.0, 0.0]}