{"nature_results": {"Traffic Island Link At Junction": {"mae": 20.201875378026344, "mse": 431.78448208721687, "best_function": 0, "parameters": [1.0, 1.0, 1.0, 1.0, 1.0, 1.0, 1.0]}, "Single Carriageway": {"mae": 6.9131040996851851, "mse": 77.457482625196306, "best_function": 0, "parameters": [1.5356473445879568, 0.69714478341523578, -0.63688124510860589, 1.0, -0.4126287463058973, 1.1805336319471262, 27.027549620801448]}}, "street_tally": [2.0, 0.0, 0.0]}