{"nature_results": {"Traffic Island Link At Junction": {"mae": 10.418273902243161, "mse": 166.71775753448296, "best_function": 1, "parameters": [5.3838877395356146, 0.97617517829349287, 0.97332912991827469, -1.6130904074602426, 1.9584542893221903, -2.356221527026384, 1.0, 15.943873335354951]}, "Single Carriageway": {"mae": 5.4992127091450849, "mse": 52.785992596851052, "best_function": 1, "parameters": [2.068039314238078, 0.98967513067192536, 1.0061714873970795, -0.024305764921144002, 1.3798740985415723, 0.19248393762890792, 1.0, 27.988354005510942]}}, "street_tally": [0.0, 2.0, 0.0]}