{"nature_results": {"Traffic Island Link At Junction": {"mae": 7.6656607967841941, "mse": 92.792545523408805, "best_function": 1, "parameters": [2.2931907301726073, 0.98108112023478367, 0.99719834875441138, -0.086213054943362399, 1.3950706829568691, 1.1090892166479511, 1.0, 10.992618749026519]}, "Single Carriageway": {"mae": 18.446821797605125, "mse": 369.67882681425709, "best_function": 0, "parameters": [1.0, 1.0, 1.0, 1.0, 1.0, 1.0, 1.0]}, "Roundabout": {"mae": 6.48822492238126, "mse": 98.773010240615321, "best_function": 2, "parameters": [0.4736649236692001, 1.1673683538846948, 0.24891648516175968, 1.0, -0.026352711849655819, 0.34227648391642951, -1.648835866517715, 3.6577638621326725, 15.631079333528932]}}, "street_tally": [1.0, 1.0, 1.0]}