{"nature_results": {"Traffic Island Link At Junction": {"mae": 4.4614938425134465, "mse": 31.916160116953197, "best_function": 2, "parameters": [19.90969991349905, 30.213860167273406, 1.03271256894097, 1.0, -0.19449799392805578, 1.9065639552877029, -4.5767879391337889, 0.38578934423177957, 25.148562781813048]}, "Single Carriageway": {"mae": 29.17796884428596, "mse": 977.67261945858274, "best_function": 0, "parameters": [1.0, 1.0, 1.0, 1.0, 1.0, 1.0, 1.0]}}, "street_tally": [1.0, 0.0, 1.0]}