{"nature_results": {"Traffic Island Link At Junction": {"mae": 10.449106895634049, "mse": 178.759557130454, "best_function": 1, "parameters": [6.018117740091304, 1.0350977313404179, 1.018028876550475, -1.751630487949055, 1.9757876743265239, 1.6895011991935458, 1.0, 4.914848771949476]}, "Single Carriageway": {"mae": 9.8204272796652781, "mse": 150.17363935150499, "best_function": 1, "parameters": [1.7337802532604778, 0.99395771072761285, 0.96591727897498791, 0.12762101906195711, 1.3252534653207197, 2.0312402933102813, 1.0, 24.344873215884718]}}, "street_tally": [0.0, 2.0, 0.0]}