{"nature_results": {"Single Carriageway": {"mae": 6.2846182729912492, "mse": 74.076528304521844, "best_function": 2, "parameters": [5.3862725979103594, 3.8042122873265991, 1.6319898492320322, 1.0, -0.1011995516513351, 1.2976759944086456, -5.4637985865774024, 7.8633456027046025, 22.11267635178957]}}, "street_tally": [0.0, 0.0, 1.0]}