{"nature_results": {"Dual Carriageway": {"mae": 3.8852157394394533, "mse": 23.073981604907978, "best_function": 1, "parameters": [2.4745291447100768, 0.94437883718560345, 0.96561716228986638, -0.22095731966289045, 1.4519330036882909, -3.3673280348827026, 1.0, 30.45071564500385]}, "Roundabout": {"mae": 18.163322234379002, "mse": 423.90443972925971, "best_function": 0, "parameters": [1.0, 1.0, 1.0, 1.0, 1.0, 1.0, 1.0]}}, "street_tally": [1.0, 1.0, 0.0]}