{"nature_results": {"Traffic Island Link At Junction": {"mae": 12.543403183862104, "mse": 175.53165665202872, "best_function": 0, "parameters": [1.0, 1.0, 1.0, 1.0, 1.0, 1.0, 1.0]}, "Single Carriageway": {"mae": 16.854201428553996, "mse": 337.2862642620446, "best_function": 0, "parameters": [1.0, 1.0, 1.0, 1.0, 1.0, 1.0, 1.0]}, "Dual Carriageway": {"mae": 27.093747889383049, "mse": 783.96965917249156, "best_function": 0, "parameters": [1.0, 1.0, 1.0, 1.0, 1.0, 1.0, 1.0]}}, "street_tally": [3.0, 0.0, 0.0]}