{"nature_results": {"Slip Road": {"mae": 24.986645430579998, "mse": 762.22679154140258, "best_function": 0, "parameters": [1.0, 1.0, 1.0, 1.0, 1.0, 1.0, 1.0]}, "Dual Carriageway": {"mae": 4.5377642278106745, "mse": 37.97743051152856, "best_function": 2, "parameters": [-2.8169899467234738, 4.2039313967878158, -1.4678116370704313, 1.0, -0.0096545583412122049, 0.08689253310977707, -0.26678442474738828, 0.36551233437798381, 53.997550675912244]}}, "street_tally": [1.0, 0.0, 1.0]}