{"nature_results": {"Traffic Island Link At Junction": {"mae": 6.2048177734331045, "mse": 59.633758615536948, "best_function": 2, "parameters": [6.1843969681213311, 2.9304665503333562, 2.0523322282690977, 1.0, 0.082979527173666856, -1.2775403413798485, 5.7838133345830895, -7.7607125886001214, 22.84819231581459]}, "Single Carriageway": {"mae": 3.7065500370172448, "mse": 23.974105619216765, "best_function": 2, "parameters": [9.7030549369689254, 15.001959591649598, 1.4821751687179412, 1.0, -0.16190401073103056, 1.9561958018202588, -7.6243043780415434, 9.5789638738931018, 37.254861650689023]}, "Roundabout": {"mae": 19.284358537320074, "mse": 549.5030235834729, "best_function": 0, "parameters": [1.0, 1.0, 1.0, 1.0, 1.0, 1.0, 1.0]}}, "street_tally": [1.0, 0.0, 2.0]}