{"nature_results": {"Single Carriageway": {"mae": 22.014114068280215, "mse": 554.6453620772013, "best_function": 0, "parameters": [1.0, 1.0, 1.0, 1.0, 1.0, 1.0, 1.0]}}, "street_tally": [1.0, 0.0, 0.0]}