{"nature_results": {"Traffic Island Link At Junction": {"mae": 6.8658570897772666, "mse": 71.089706882660252, "best_function": 2, "parameters": [34.100527206817269, 35.172821976152754, 2.3958307718205765, 1.0, -0.013015197598831074, -0.25562268209751227, 3.740368395472538, -9.6111996587902819, 20.484931760578846]}, "Single Carriageway": {"mae": 6.3664387916213592, "mse": 68.23285228341166, "best_function": 2, "parameters": [4.601948476162053, 7.6097528710761368, 0.10489854531680198, 1.0, -0.0055212654104630499, 0.069663002487232228, -0.16061992980983764, -0.20469562401797625, 23.38070548898871]}, "Dual Carriageway": {"mae": 7.5639474072074657, "mse": 93.262797957441165, "best_function": 2, "parameters": [202.56115210350384, 104.84530093043048, -2.1446434089231112, 1.0, -0.027353195324321788, 0.23706551500205764, -0.49265650682395923, 0.59650767374428626, 23.89913968640472]}, "Slip Road": {"mae": 8.520675855049598, "mse": 90.009372189748532, "best_function": 2, "parameters": [33.493196469845437, 12.171375908597698, 3.5683171765770769, 1.0, -0.10052399625220354, 1.2228932876875676, -4.298217438120929, 3.5906708885937579, 8.1182872330436062]}}, "street_tally": [0.0, 0.0, 4.0]}