{"nature_results": {"Single Carriageway": {"mae": 20.507746529966273, "mse": 483.66007219697877, "best_function": 0, "parameters": [1.0, 1.0, 1.0, 1.0, 1.0, 1.0, 1.0]}}, "street_tally": [1.0, 0.0, 0.0]}