{"nature_results": {"Single Carriageway": {"mae": 27.2371011053784, "mse": 768.63902821901615, "best_function": 0, "parameters": [1.0, 1.0, 1.0, 1.0, 1.0, 1.0, 1.0]}, "Roundabout": {"mae": 6.3857253593922669, "mse": 114.3006862646147, "best_function": 0, "parameters": [7.5201459712041832, 6.7649175926190175, -1.6705179333871731, 1.0, 1.2122163329575446, 0.30310595116702799, 35.270809222706205]}, "Dual Carriageway": {"mae": 13.025463363411783, "mse": 470.2437827184491, "best_function": 2, "parameters": [-1.4469558900135704, 4.4876358186730911, -2.1227175801541054, 1.0, 0.0076962021102547906, -0.35819670319901009, 2.2472586970410333, -2.6042254568214114, 53.386887994312822]}, "Slip Road": {"mae": 34.403415308358149, "mse": 1329.7601362234388, "best_function": 0, "parameters": [1.0, 1.0, 1.0, 1.0, 1.0, 1.0, 1.0]}}, "street_tally": [3.0, 0.0, 1.0]}