{"nature_results": {"Traffic Island Link At Junction": {"mae": 8.7326306670444289, "mse": 125.07010295098188, "best_function": 1, "parameters": [1.7561286709908588, 0.99160126252678626, 0.99540754430131662, 0.19471745520942396, 1.2863249341870817, 1.6073840017290477, 1.0, 14.924442066859617]}, "Single Carriageway": {"mae": 5.3172732280938684, "mse": 45.472931012418023, "best_function": 1, "parameters": [2.8057990747716737, 0.99340995602504112, 0.99760963308571315, -0.34126494932178875, 1.4880464776569271, 0.088441962608673541, 1.0, 17.236693789812861]}, "Traffic Island Link": {"mae": 7.7141525452471837, "mse": 88.858447849320612, "best_function": 1, "parameters": [3.8288768342420867, 0.98212111948382086, 1.0041700036549017, -0.8067279355312027, 1.6535655748207727, 0.047943121713282633, 1.0, 19.956637564456422]}}, "street_tally": [0.0, 3.0, 0.0]}