{"nature_results": {"Traffic Island Link At Junction": {"mae": 23.349529479872086, "mse": 708.16323995539187, "best_function": 0, "parameters": [1.0, 1.0, 1.0, 1.0, 1.0, 1.0, 1.0]}, "Single Carriageway": {"mae": 16.119428617597485, "mse": 481.50608002845661, "best_function": 1, "parameters": [1.4515660258899583, 0.99760620802256117, 1.0125393496804274, 0.35218391251162573, 1.226928165687488, -0.79209181934946193, 1.0, 28.736027765406842]}, "Slip Road": {"mae": 9.2852189815384349, "mse": 106.39536210914892, "best_function": 2, "parameters": [2.7579161288813698, 9.5416785539202511, -6.9775216607396775, 1.0, 0.14699591938305456, -1.7912925652158993, 6.8558092464336724, -8.3106666837251559, 20.176554887619471]}, "Dual Carriageway": {"mae": 21.879703104929579, "mse": 575.29752111608559, "best_function": 0, "parameters": [1.0, 1.0, 1.0, 1.0, 1.0, 1.0, 1.0]}, "Traffic Island Link": {"mae": 5.4711229010295392, "mse": 59.843597675478016, "best_function": 2, "parameters": [2.7846396639319924, 2.5135755377672142, -1.6946759351765239, 1.0, 0.03676998059932568, -0.69474010939336961, 3.5451134186704638, -3.8990998696531491, 31.539217508810829]}}, "street_tally": [2.0, 1.0, 2.0]}