{"nature_results": {"Traffic Island Link At Junction": {"mae": 6.5898987815033419, "mse": 80.346586243440356, "best_function": 2, "parameters": [124.92428236486637, 68.718256140820259, 3.5167487316624277, 1.0, -0.22188545755828515, 2.580113561854672, -8.5660322707554712, 6.2555378278136899, 18.367922237308942]}, "Single Carriageway": {"mae": 5.3190236156256478, "mse": 46.12267268861423, "best_function": 2, "parameters": [61.773842460816979, 36.715589615310947, -1.6558350514564562, 1.0, -0.27101804056570478, 3.0162207386031521, -8.8190969424250962, 2.7337357064364571, 30.165975520068208]}}, "street_tally": [0.0, 0.0, 2.0]}