{"nature_results": {"Traffic Island Link At Junction": {"mae": 22.53609043409903, "mse": 576.85486381457474, "best_function": 0, "parameters": [1.0, 1.0, 1.0, 1.0, 1.0, 1.0, 1.0]}, "Single Carriageway": {"mae": 19.71867498284325, "mse": 450.23564422726639, "best_function": 0, "parameters": [1.0, 1.0, 1.0, 1.0, 1.0, 1.0, 1.0]}, "Traffic Island Link": {"mae": 22.828889963896081, "mse": 599.20270940901321, "best_function": 0, "parameters": [1.0, 1.0, 1.0, 1.0, 1.0, 1.0, 1.0]}}, "street_tally": [3.0, 0.0, 0.0]}