{"nature_results": {"Single Carriageway": {"mae": 6.1693490273844489, "mse": 68.591955311642991, "best_function": 2, "parameters": [1.8744260248225713, 2.8992239374097175, -2.2336486979416819, 1.0, 0.082837224701750367, -0.94619328291032323, 2.8367774925056244, -1.2085425426858944, 35.190393104810354]}, "Dual Carriageway": {"mae": 17.305810232719669, "mse": 463.3810253501531, "best_function": 1, "parameters": [1.393009896611598, 1.0014651135956449, 0.99248231977944579, 0.30040324851303046, 1.2601422350407609, -1.3763504500641708, 1.0, 34.730904902249236]}, "Slip Road": {"mae": 4.1095688248009505, "mse": 29.204475775417929, "best_function": 0, "parameters": [-2.1083918211974018, 6.6924548138399222, -2.2707807630909809, 1.0, 1.4583240889406812, 0.33500856413027358, 47.714880420852701]}}, "street_tally": [1.0, 1.0, 1.0]}