{"nature_results": {"Single Carriageway": {"mae": 7.0607854572331341, "mse": 87.949909205121202, "best_function": 2, "parameters": [0.052234945338235028, 3.6982079462762312, 1.1262837857271688, 1.0, 0.03090617531767792, -0.39198694872238105, 1.0620239529430395, 1.143437606144531, 19.8227594399983]}, "Dual Carriageway": {"mae": 7.5170830303118477, "mse": 83.263971306551724, "best_function": 2, "parameters": [-1.808987641949011, 1.6544548243044808, 1.6968309270633077, 1.0, -0.02880794844165413, 0.32371809095573889, -1.5460746102502041, 3.8767299919860276, 14.337625090748544]}, "Traffic Island Link": {"mae": 7.8294996963689183, "mse": 102.30764059653922, "best_function": 2, "parameters": [1.0389084944396796, 1.5413910419226369, 1.101306671336159, 1.0, -0.017393319303620203, 0.2322901018632838, -1.5929014665572732, 4.8578420635787989, 21.063592612374176]}}, "street_tally": [0.0, 0.0, 3.0]}