{"nature_results": {"Traffic Island Link At Junction": {"mae": 6.252788385663135, "mse": 61.661764114175753, "best_function": 2, "parameters": [0.53363072041684412, 1.8881658216528114, 7.3099751396157586, 1.0, -0.10278256389924079, 1.3385165845200404, -5.8214672666268017, 8.1669073952501154, 20.818746040081315]}, "Single Carriageway": {"mae": 5.3989582826211873, "mse": 48.260651135990358, "best_function": 2, "parameters": [-1.2410246644998906, 2.2597599237195549, 2.789178885597642, 1.0, -0.016853065990630967, 0.13715867642360025, -0.3941037436989967, 0.7376138798763554, 27.073496536738379]}}, "street_tally": [0.0, 0.0, 2.0]}