{"nature_results": {"Traffic Island Link At Junction": {"mae": 7.6172520813549793, "mse": 80.73153254872301, "best_function": 1, "parameters": [3.8662892741098229, 1.7237414214615718, 1.4141004272501509, -0.93568442515235373, 1.7227916103630012, -0.057656192642356441, 1.0, 15.795538866356551]}, "Single Carriageway": {"mae": 17.078749524009623, "mse": 1383.3361842700742, "best_function": 1, "parameters": [-0.076741423103964035, 1.2106661479052614, 1.1350405888282198, 1.0732777888702445, 0.96677330415237128, -2.0772490738505369, 1.0, 22.177490262878262]}, "Traffic Island Link": {"mae": 121.61955230869212, "mse": 60252.274268711146, "best_function": 1, "parameters": [1.0, 1.0, 1.0, 1.0, 1.0, 1.0, 1.0, 1.0]}}, "street_tally": [0.0, 3.0, 0.0]}