{"nature_results": {"Traffic Island Link At Junction": {"mae": 9.2254383000663136, "mse": 103.59055206471952, "best_function": 1, "parameters": [9.9027216227538943, 0.84947528055283428, 0.91130555653834633, -4.4509737470469233, 3.1228533194487249, 2.4206503540305877, 1.0, 4.6137435371540301]}, "Single Carriageway": {"mae": 4.8112739523405326, "mse": 47.337383648452928, "best_function": 2, "parameters": [-12.88924640418967, 4.3940318205244635, 2.618284113414509, 1.0, 0.69225696830980232, -6.9565206678670028, 18.856325615626719, -11.824391129330003, 21.102736507637978]}}, "street_tally": [0.0, 1.0, 1.0]}