{"nature_results": {"Single Carriageway": {"mae": 12.326065226159306, "mse": 178.62653635400031, "best_function": 2, "parameters": [-5.5566825973599236, 5.6037420996675413, 1.7715565797288477, 1.0, 0.21190673242773694, -3.0389104418127717, 14.613059053347007, -25.656637030894458, 26.747138896836812]}}, "street_tally": [0.0, 0.0, 1.0]}