{"nature_results": {"Traffic Island Link At Junction": {"mae": 6.0651101856863976, "mse": 60.152278039805644, "best_function": 2, "parameters": [-2.2105557230187158, 3.924992298284081, -2.30564138512747, 1.0, -0.030279948652400357, 0.32139537778886285, -1.0324067536676806, 0.93858062604742487, 28.024732168476024]}, "Single Carriageway": {"mae": 9.4684535141332731, "mse": 139.3530871366674, "best_function": 2, "parameters": [-4.4557424793677818, 0.24877784140572612, 0.11073112684423869, 1.0, 0.041170373941837202, -0.44962784530825539, 1.0390638965265655, 0.76551764981902859, 25.837763945870254]}, "Slip Road": {"mae": 11.334473531075989, "mse": 157.76485034360897, "best_function": 0, "parameters": [1.0, 1.0, 1.0, 1.0, 1.0, 1.0, 1.0]}, "Dual Carriageway": {"mae": 6.9423044924334301, "mse": 75.053920115404736, "best_function": 1, "parameters": [2.4537678864739241, 0.99305766825520025, 0.99693939992330527, -0.1704772488541848, 1.4249944081406816, -2.8794888778502288, 1.0, 29.583635663336814]}, "Traffic Island Link": {"mae": 32.287838615994659, "mse": 1119.5409664118069, "best_function": 0, "parameters": [1.0, 1.0, 1.0, 1.0, 1.0, 1.0, 1.0]}}, "street_tally": [2.0, 1.0, 2.0]}