{"nature_results": {"Single Carriageway": {"mae": 17.743250890333009, "mse": 394.88450717965333, "best_function": 0, "parameters": [1.0, 1.0, 1.0, 1.0, 1.0, 1.0, 1.0]}, "Dual Carriageway": {"mae": 8.0937419649263447, "mse": 82.835921403945846, "best_function": 1, "parameters": [3.15982426966404, 0.99677633308060698, 1.0057336604454761, -0.52568178146819466, 1.55892130141623, 0.17012380760202317, 1.0, 14.86610942625884]}}, "street_tally": [1.0, 1.0, 0.0]}