{"nature_results": {"Traffic Island Link At Junction": {"mae": 4.1776434079262152, "mse": 24.47961646170674, "best_function": 2, "parameters": [-6.3387195071331375, 0.15130165085684943, -2.2314322055974385, 1.0, 0.050284512052249597, -0.58724187630852676, 1.8170448032445645, -0.32784759440604039, 25.894040958867592]}, "Single Carriageway": {"mae": 24.304162562156179, "mse": 614.50379290952174, "best_function": 0, "parameters": [1.0, 1.0, 1.0, 1.0, 1.0, 1.0, 1.0]}, "Slip Road": {"mae": 2.1441969590782195, "mse": 7.7760364382038381, "best_function": 2, "parameters": [-3.0125669359468885, 3.6721331925122653, -1.1396957518529147, 1.0, -0.041007394624149152, 0.50273686919653726, -1.7507936522009637, 1.1993957362953471, 29.767113867372274]}}, "street_tally": [1.0, 0.0, 2.0]}