{"nature_results": {"Single Carriageway": {"mae": 5.8743934800826629, "mse": 83.492823740901969, "best_function": 0, "parameters": [25.718902969464761, 30.359450793561418, 2.1922375325464829, 1.0, 0.76516585865933218, 0.54236939935923068, 20.744067360850504]}, "Traffic Island Link": {"mae": 4.2010229044723202, "mse": 29.031642078315915, "best_function": 2, "parameters": [18.049172548208269, 24.883805542188199, -2.6926263377606188, 1.0, -0.032471125458522376, 0.45890702943853545, -2.2040139459925254, 4.443906090427614, 14.014972988923901]}}, "street_tally": [1.0, 0.0, 1.0]}