{"nature_results": {"Single Carriageway": {"mae": 20.902107236770455, "mse": 494.3692538079768, "best_function": 0, "parameters": [1.0, 1.0, 1.0, 1.0, 1.0, 1.0, 1.0]}}, "street_tally": [1.0, 0.0, 0.0]}