{"nature_results": {"Single Carriageway": {"mae": 3.2429497542430896, "mse": 21.762072221152984, "best_function": 0, "parameters": [26.630963411180549, 24.973045254544573, -1.2766703547258778, 1.0, 1.2556846056133515, 0.38869676779856133, 20.775031508405768]}}, "street_tally": [1.0, 0.0, 0.0]}