{"nature_results": {"Single Carriageway": {"mae": 5.8679235694407392, "mse": 64.896433281610541, "best_function": 0, "parameters": [-3.2000483121867758, 1.0579298000452755, 0.66400220627327788, 1.0, 1.3675180364482877, 0.28271990239019706, 15.385947025984875]}, "Traffic Island Link": {"mae": 5.8871969883725521, "mse": 59.687925440968598, "best_function": 1, "parameters": [2.6252878980371737, 1.0070069844274598, 1.0319894838215773, -0.26251990111916279, 1.461529518488546, 2.0738606491825706, 1.0, 11.195671506996568]}}, "street_tally": [1.0, 1.0, 0.0]}