{"nature_results": {"Single Carriageway": {"mae": 19.715471990592519, "mse": 453.17816022048066, "best_function": 0, "parameters": [1.0, 1.0, 1.0, 1.0, 1.0, 1.0, 1.0]}, "Dual Carriageway": {"mae": 18.330930071365181, "mse": 370.74027253287716, "best_function": 0, "parameters": [1.0, 1.0, 1.0, 1.0, 1.0, 1.0, 1.0]}, "Slip Road": {"avg_speed": {"mae": 18.330930071365181, "mse": 370.74027253287716, "best_function": 0, "parameters": [1.0, 1.0, 1.0, 1.0, 1.0, 1.0, 1.0]}}}, "street_tally": [2.0, 0.0, 0.0]}