{"nature_results": {"Traffic Island Link At Junction": {"mae": 17.839141677042434, "mse": 405.12300353015678, "best_function": 0, "parameters": [1.0, 1.0, 1.0, 1.0, 1.0, 1.0, 1.0]}, "Single Carriageway": {"mae": 6.7231507471730403, "mse": 81.155220474980013, "best_function": 2, "parameters": [-1.1674220229378731, 5.511517649858666, 1.148983353930942, 1.0, -0.01843595977035295, 0.1296518791077661, -0.18800981326412414, 0.68159037141215806, 22.451061993408715]}, "Dual Carriageway": {"mae": 14.023295813195144, "mse": 294.17290800401514, "best_function": 0, "parameters": [1.0, 1.0, 1.0, 1.0, 1.0, 1.0, 1.0]}, "Slip Road": {"mae": 15.193749869330926, "mse": 318.66680178966675, "best_function": 0, "parameters": [1.0, 1.0, 1.0, 1.0, 1.0, 1.0, 1.0]}}, "street_tally": [3.0, 0.0, 1.0]}