{"nature_results": {"Traffic Island Link At Junction": {"mae": 7.0052543847316873, "mse": 64.493905136274932, "best_function": 2, "parameters": [-3.5785616228381745, 5.7509798431907075, 1.3984535061301726, 1.0, 0.42937913809756678, -5.2494810207325751, 19.362533217389348, -21.240793262809454, 18.967283487779433]}, "Single Carriageway": {"mae": 6.442036329155532, "mse": 65.057318369450201, "best_function": 2, "parameters": [1.369367601965223, 2.9262710743482119, 1.1703946416468221, 1.0, -0.13290605992466342, 1.7252940811416999, -7.1378863388309899, 9.7039810031777183, 27.698601325793174]}}, "street_tally": [0.0, 0.0, 2.0]}