{"nature_results": {"Traffic Island Link At Junction": {"mae": 8.3724843773344961, "mse": 115.64207684457777, "best_function": 2, "parameters": [-0.82487371207198823, 0.081493394401920161, 0.78548563979856789, 1.0, 0.10289906408341809, -1.3133929962138584, 4.785036949036412, -3.6349777308354305, 20.301854534172115]}, "Single Carriageway": {"mae": 7.5801373222911934, "mse": 145.7400833241266, "best_function": 1, "parameters": [1.8025420760769695, 0.99336472222192129, 0.99086633570357308, 0.16414761967854163, 1.2989572806462046, 2.3830815964423229, 1.0, 20.108848037256276]}, "Slip Road": {"mae": 10.020168238653989, "mse": 156.31126978434114, "best_function": 1, "parameters": [2.8564489028445403, 0.97275367354020825, 0.96461665252449669, -0.35108618595526142, 1.4901405829691996, 0.2126061052952386, 1.0, 8.1654532700887454]}, "Traffic Island Link": {"mae": 8.305387382686197, "mse": 119.91435257591029, "best_function": 2, "parameters": [0.60701668173808077, 1.0764502058496266, 0.59187311294765554, 1.0, 0.043947566947586836, -0.80221067886664943, 3.7304809597360191, -3.1724505196721431, 22.125820933833559]}}, "street_tally": [0.0, 2.0, 2.0]}