{"nature_results": {"Traffic Island Link At Junction": {"mae": 9.0433650207476859, "mse": 111.49368714898588, "best_function": 2, "parameters": [-4.3427724213849084, 0.32499116712423726, 2.8894773334931667, 1.0, 0.38801024142842866, -5.055681381245801, 20.705990658479884, -26.926406359068189, 26.538333097046156]}, "Single Carriageway": {"mae": 21.989178147424521, "mse": 525.47352422531867, "best_function": 0, "parameters": [1.0, 1.0, 1.0, 1.0, 1.0, 1.0, 1.0]}, "Dual Carriageway": {"mae": 543.88539576830271, "mse": 48814041.747048818, "best_function": 0, "parameters": [8.9202036238054241, 3.7129336442627392, -1.1501617036248706, 1.0, 1.199873332060857, 0.33255117531640233, 24.053184828384762]}, "Traffic Island Link": {"mae": 26.261961159198204, "mse": 714.79760837688775, "best_function": 0, "parameters": [1.0, 1.0, 1.0, 1.0, 1.0, 1.0, 1.0]}}, "street_tally": [3.0, 0.0, 1.0]}