{"nature_results": {"Traffic Island Link At Junction": {"mae": 13.050799485238723, "mse": 235.56983127259005, "best_function": 0, "parameters": [1.0, 1.0, 1.0, 1.0, 1.0, 1.0, 1.0]}, "Single Carriageway": {"mae": 15.875998212007152, "mse": 285.05928477297817, "best_function": 0, "parameters": [1.0, 1.0, 1.0, 1.0, 1.0, 1.0, 1.0]}}, "street_tally": [2.0, 0.0, 0.0]}