{"nature_results": {"Traffic Island Link At Junction": {"mae": 4.2172909410396953, "mse": 35.91079049014408, "best_function": 0, "parameters": [5.5082986305201862, 18.82359879017195, 1.1176409957912126, 1.0, -0.1771991575685945, 0.83595895550403898, 26.287743363967625]}, "Single Carriageway": {"mae": 22.926147036525737, "mse": 553.59278278158979, "best_function": 0, "parameters": [1.0, 1.0, 1.0, 1.0, 1.0, 1.0, 1.0]}, "Dual Carriageway": {"mae": 17.5786697325386, "mse": 498.15415711062246, "best_function": 0, "parameters": [1.0, 1.0, 1.0, 1.0, 1.0, 1.0, 1.0]}}, "street_tally": [3.0, 0.0, 0.0]}