{"nature_results": {"Single Carriageway": {"mae": 5.5096332974470723, "mse": 48.434870531440978, "best_function": 2, "parameters": [-1.6597948760909897, 2.9822868013123953, -1.2602654469402559, 1.0, -0.05587530463342838, 0.7810131619332128, -3.8980231094693636, 8.0349296215842365, 29.161307967815603]}}, "street_tally": [0.0, 0.0, 1.0]}