{"nature_results": {"Single Carriageway": {"mae": 8.2699168399646403, "mse": 105.96548416888641, "best_function": 1, "parameters": [7.2658507117033349, 1.0014675399079744, 1.0159731584768974, -2.862724019726818, 2.4819662731488528, -0.15659792422069696, 1.0, 24.932417782922979]}}, "street_tally": [0.0, 1.0, 0.0]}