{"nature_results": {"Single Carriageway": {"mae": 10.861675744325835, "mse": 158.67552409398806, "best_function": 2, "parameters": [-1.5866375139086775, 6.3311940714897199, -1.9974988853619893, 1.0, -0.25416447533230446, 3.4109336218518362, -14.689492622374956, 20.68369204177964, 23.494872912336245]}}, "street_tally": [0.0, 0.0, 1.0]}