{"nature_results": {"Traffic Island Link At Junction": {"mae": 7.9121940125415415, "mse": 84.383387558418733, "best_function": 2, "parameters": [-9.7945264502592444, 8.4515560106590115, 1.5539793841590277, 1.0, 0.20739947822770932, -2.7694478677716488, 11.366165743196651, -13.125888657704225, 15.190786272363265]}, "Single Carriageway": {"mae": 5.2094273457172218, "mse": 43.935583434061741, "best_function": 2, "parameters": [20.862082652312615, 14.870703199707732, 0.40332085014430019, 1.0, -0.0071807369367871132, 0.1261196091212643, -1.0473854686480251, 3.2152995569780134, 26.205145989134859]}}, "street_tally": [0.0, 0.0, 2.0]}