{"nature_results": {"Traffic Island Link At Junction": {"mae": 8.2413969134093001, "mse": 79.401319803829907, "best_function": 0, "parameters": [1.0, 1.0, 1.0, 1.0, 1.0, 1.0, 1.0]}, "Single Carriageway": {"mae": 4.0123969288090624, "mse": 23.353054737315023, "best_function": 0, "parameters": [-12.837131092357867, 10.565792723595113, -0.55403439739465776, 1.0, 0.29405426128133627, 0.84267496325006708, 26.988560454088105]}}, "street_tally": [2.0, 0.0, 0.0]}