{"nature_results": {"Traffic Island Link At Junction": {"mae": 7.1240801264531814, "mse": 115.76353510215988, "best_function": 2, "parameters": [-1.8827658622579668, 6.9105877988998792, -0.11989499813424498, 1.0, -0.10115091522554365, 1.22110426276053, -4.2779309887766619, 3.6901316202776226, 22.163452225676707]}, "Single Carriageway": {"mae": 9.9656928912281071, "mse": 14979.948211322733, "best_function": 0, "parameters": [1.5559977863628274, 11.804236377460139, -0.61326331304707549, 1.0, 0.45084230184581831, 0.735817776460444, 30.56950082138961]}, "Slip Road": {"mae": 10.41005062996588, "mse": 262.94155248142664, "best_function": 2, "parameters": [5.2872545965338844, 1.1613204516102353, -2.6165245364602496, 1.0, -0.49947851674689048, 6.0948845829304767, -23.074980893147629, 26.165457478814343, 20.82595532492368]}, "Traffic Island Link": {"mae": 6.2099740254072486, "mse": 66.536286696928059, "best_function": 2, "parameters": [13.509011423635716, 24.606753105437992, -1.2520165612799197, 1.0, -0.08846986649226718, 1.0679801094711066, -3.8427531034498976, 3.8226568360709057, 34.831203130596244]}}, "street_tally": [1.0, 0.0, 3.0]}