{"nature_results": {"Single Carriageway": {"mae": 5.5111105912197278, "mse": 61.086596048157475, "best_function": 2, "parameters": [7.9144746793741794, 6.69428204869953, 0.097519382572094582, 1.0, -0.014400730712869514, 0.2361612738682638, -1.246162347914217, 2.1306051702146238, 24.937009087627896]}, "Traffic Island Link": {"mae": 10.393887613895254, "mse": 195.44520855800243, "best_function": 0, "parameters": [16.447594838671662, 15.777420018318951, -3.2465930055126337, 1.0, -0.23655786414450231, 1.3760387163304624, 26.136577226406882]}}, "street_tally": [1.0, 0.0, 1.0]}