{"nature_results": {"Single Carriageway": {"mae": 7.9057489194275119, "mse": 113.2213674200808, "best_function": 0, "parameters": [4.9139598658865271, 3.6835509778431081, 0.46864825495892504, 1.0, 1.0502410320500308, 0.28476426656300513, 29.131231521568946]}, "Roundabout": {"mae": 8.1362156835561521, "mse": 361.76065157620695, "best_function": 2, "parameters": [14.866927822571522, 6.391466813213813, 1.1469353574018322, 1.0, 0.0069893665336886457, 0.070309052563538588, -1.2966854978639879, 3.6592547114790648, 23.023580897616718]}, "Traffic Island Link": {"mae": 21.275749206082811, "mse": 540.30438650358121, "best_function": 0, "parameters": [1.0, 1.0, 1.0, 1.0, 1.0, 1.0, 1.0]}, "Traffic Island Link At Junction": {"mae": 7.9460831932211873, "mse": 103.69515447201907, "best_function": 2, "parameters": [1.3848963735096276, 1.1276318352490382, 0.45709274890756857, 1.0, -0.018504799162585295, 0.35632666755333253, -2.4174934058694229, 5.1056319479590586, 24.004102045011532]}, "Slip Road": {"mae": 8.0431733609592975, "mse": 109.45306503328378, "best_function": 2, "parameters": [76.999744287417656, 82.314483568507114, 6.6790293625235906, 1.0, -0.32312098523172028, 5.0202907809637702, -22.971794347945735, 27.902068753479895, 25.231635458817447]}, "Dual Carriageway": {"mae": 7.5355101382706104, "mse": 109.70051871044872, "best_function": 2, "parameters": [6.7084665753562041, 7.4473773230306284, 1.6211023269811653, 1.0, -0.077080932501029542, 1.0066282106308697, -4.4570611015076853, 7.0893083740352338, 27.194004838554953]}}, "street_tally": [2.0, 0.0, 4.0]}