{"nature_results": {"Dual Carriageway": {"mae": 12.151513742930723, "mse": 216.64839999354376, "best_function": 0, "parameters": [1.0, 1.0, 1.0, 1.0, 1.0, 1.0, 1.0]}}, "street_tally": [1.0, 0.0, 0.0]}