{"nature_results": {"Traffic Island Link At Junction": {"mae": 15.633467365038568, "mse": 338.74064875762826, "best_function": 0, "parameters": [1.0, 1.0, 1.0, 1.0, 1.0, 1.0, 1.0]}, "Single Carriageway": {"mae": 5.8778785924431229, "mse": 53.140492614424936, "best_function": 2, "parameters": [3.4258273437935141, 4.0499800683788649, 0.44193622884143124, 1.0, 0.016654167630438144, -0.25552388935943937, 0.94537024266867109, 0.23733487645956952, 17.605218839951501]}}, "street_tally": [1.0, 0.0, 1.0]}