{"nature_results": {"Single Carriageway": {"mae": 5.1899233161227771, "mse": 46.186781020786164, "best_function": 2, "parameters": [1.8819839143572366, 1.503293149884835, -0.84742895120094364, 1.0, 0.05336793299161291, -0.45164756714368082, 0.78258431175505327, 0.35486286954069424, 40.027506107261445]}, "Dual Carriageway": {"mae": 9.2028466926519243, "mse": 226.92621061040259, "best_function": 2, "parameters": [6.4853787180781506, 9.1152661260584349, -0.90070404805465776, 1.0, -0.0039808607079243608, 0.10331078015494566, -0.91866902669311812, 2.4110852905840248, 35.802114623860163]}, "Traffic Island Link": {"mae": 5.5331022933199243, "mse": 52.790823906136126, "best_function": 1, "parameters": [1.812065575283025, 1.003842054611108, 1.0226906289634916, 0.079481284888634485, 1.3461374860798252, -0.83855371218340657, 1.0, 40.987986515492075]}}, "street_tally": [0.0, 1.0, 2.0]}