{"nature_results": {"Single Carriageway": {"mae": 17.116000712039671, "mse": 368.6996257325352, "best_function": 0, "parameters": [1.0, 1.0, 1.0, 1.0, 1.0, 1.0, 1.0]}}, "street_tally": [1.0, 0.0, 0.0]}