{"nature_results": {"Single Carriageway": {"mae": 14.138129199747645, "mse": 246.42982513354602, "best_function": 0, "parameters": [1.0, 1.0, 1.0, 1.0, 1.0, 1.0, 1.0]}}, "street_tally": [1.0, 0.0, 0.0]}