{"nature_results": {"Traffic Island Link At Junction": {"mae": 11.725313166671604, "mse": 204.66537213904977, "best_function": 0, "parameters": [1.0, 1.0, 1.0, 1.0, 1.0, 1.0, 1.0]}, "Single Carriageway": {"mae": 18.844795641465836, "mse": 403.99488348597561, "best_function": 0, "parameters": [1.0, 1.0, 1.0, 1.0, 1.0, 1.0, 1.0]}}, "street_tally": [2.0, 0.0, 0.0]}