{"nature_results": {"Traffic Island Link At Junction": {"mae": 3.2401801537554547, "mse": 20.936198126127749, "best_function": 0, "parameters": [65.771747326531326, 44.628894031879277, 0.71933767001107052, 1.0, 0.88511867219009943, 0.65402461222484543, 10.320678860974621]}, "Single Carriageway": {"mae": 13.84600824920112, "mse": 206.73899245586122, "best_function": 1, "parameters": [1.0, 1.0, 1.0, 1.0, 1.0, 1.0, 1.0, 1.0]}}, "street_tally": [1.0, 1.0, 0.0]}