{"nature_results": {"Single Carriageway": {"mae": 10.479960253202115, "mse": 161.56437717419996, "best_function": 0, "parameters": [1.0, 1.0, 1.0, 1.0, 1.0, 1.0, 1.0]}}, "street_tally": [1.0, 0.0, 0.0]}