{"nature_results": {"Traffic Island Link At Junction": {"mae": 7.1411205610614097, "mse": 103.85784319484011, "best_function": 2, "parameters": [9.7945871781598601, 10.177664907587417, -0.91274600122176075, 1.0, 0.13742797020477648, -1.5585549576413955, 5.4814560573828013, -5.8409911741497913, 12.641727908769223]}, "Single Carriageway": {"mae": 12.94661972118838, "mse": 306.13005362733264, "best_function": 0, "parameters": [1.0, 1.0, 1.0, 1.0, 1.0, 1.0, 1.0]}, "Traffic Island Link": {"mae": 12.970998216862187, "mse": 271.94457585860238, "best_function": 0, "parameters": [1.0, 1.0, 1.0, 1.0, 1.0, 1.0, 1.0]}}, "street_tally": [2.0, 0.0, 1.0]}