{"nature_results": {"Single Carriageway": {"mae": 89.392930560188574, "mse": 3069415.6414858336, "best_function": 1, "parameters": [0.2621033152098059, 1.0019807805913195, 1.0125455295613919, 0.86954510813224672, 1.0480654915542258, 0.72660466099853149, 1.0, 28.587655753346702]}, "Slip Road": {"mae": 7.8295763838542971, "mse": 98.410126365063434, "best_function": 2, "parameters": [4.8331028323335854, 1.3073509523804048, 1.2020242307655638, 1.0, -0.059322063403489, 0.74622623421044643, -2.8925512526532851, 3.3643235249262635, 13.402695023813228]}, "Traffic Island Link": {"mae": 31.105794066675553, "mse": 103990.12758101773, "best_function": 0, "parameters": [11.946091142142141, 3.1985883702736722, -3.237500411957293, 1.0, -0.092104293578200158, 0.71018614436923677, 30.232972875813211]}}, "street_tally": [1.0, 1.0, 1.0]}