{"nature_results": {"Dual Carriageway": {"mae": 69.861722128261263, "mse": 12695.926795020681, "best_function": 1, "parameters": [0.5957059481906708, 1.0123455242672978, 1.0193916961273046, 0.72497175361972932, 1.0980454045965515, -1.9949977231081317, 1.0, 34.264156031501216]}}, "street_tally": [0.0, 1.0, 0.0]}