{"nature_results": {"Traffic Island Link At Junction": {"mae": 13.574096232313135, "mse": 1658.4922730667661, "best_function": 0, "parameters": [6.1455421703981559, 2.1528770266088699, -0.80208953029410668, 1.0, -0.16036612637387004, 1.1364520830784339, 26.127319886819159]}, "Single Carriageway": {"mae": 1268.406720774386, "mse": 154935258.11626014, "best_function": 1, "parameters": [0.91205824121469403, 1.0264373378227658, 1.0363375724060659, 0.56963854793154622, 1.1558023568920843, 0.82885490178229637, 1.0, 24.432046812007854]}, "Slip Road": {"mae": 6.2830310517004904, "mse": 60.47386241600104, "best_function": 1, "parameters": [3.3427622482430248, 0.85891191427561009, 0.70791216826162073, -0.66711774658484013, 1.6203498775808145, 2.6816275431935428, 1.0, 2.7043240569268518]}, "Dual Carriageway": {"mae": 12.734965056956378, "mse": 252.58525240453471, "best_function": 0, "parameters": [1.0, 1.0, 1.0, 1.0, 1.0, 1.0, 1.0]}, "Traffic Island Link": {"mae": 4481.0235777050966, "mse": 1583373283.0617189, "best_function": 1, "parameters": [-0.5242796874997635, 1.0355908181671991, 1.0210348892696419, 1.3201638633710566, 0.87015775210980006, 0.95967288416321694, 1.0, 28.663418887082656]}}, "street_tally": [2.0, 3.0, 0.0]}