{"nature_results": {"Single Carriageway": {"mae": 154.69019879082899, "mse": 405377.89600626624, "best_function": 1, "parameters": [-0.55605947668593614, 1.00806107014711, 0.99002854435162202, 1.302956862960714, 0.88202235154120256, -3.2614140415150832, 1.0, 20.837885205002312]}}, "street_tally": [0.0, 1.0, 0.0]}