{"nature_results": {"Single Carriageway": {"mae": 6.7424044060153294, "mse": 78.052140291324847, "best_function": 0, "parameters": [-1.1148229423044635, 6.75973072301686, 0.46891172019928151, 1.0, 1.4131569801271053, 1.3704000339394562, 18.170644124656967]}}, "street_tally": [1.0, 0.0, 0.0]}