{"nature_results": {"Single Carriageway": {"mae": 19.785417626965994, "mse": 445.49257550534759, "best_function": 0, "parameters": [1.0, 1.0, 1.0, 1.0, 1.0, 1.0, 1.0]}, "Dual Carriageway": {"mae": 9.2604950386666154, "mse": 109.6519778177374, "best_function": 1, "parameters": [2.248507779807877, 1.0221346461556788, 1.0364379132214068, -0.077993264503012361, 1.3926668399119031, 1.6665658757967621, 1.0, 13.023438923872398]}}, "street_tally": [1.0, 1.0, 0.0]}