{"nature_results": {"Single Carriageway": {"mae": 6.5229429367317886, "mse": 73.780041882410728, "best_function": 2, "parameters": [-2.2015069419348272, 4.4711051873414238, -1.7010036465767056, 1.0, 0.039188234816507572, -0.48823276916669189, 1.4665607233875735, 0.68938924095366017, 20.238612618530222]}, "Traffic Island Link": {"mae": 17.741435974206901, "mse": 381.91037238260969, "best_function": 0, "parameters": [1.0, 1.0, 1.0, 1.0, 1.0, 1.0, 1.0]}}, "street_tally": [1.0, 0.0, 1.0]}