{"nature_results": {"Traffic Island Link At Junction": {"mae": 8.6222726201873865, "mse": 130.1082529446889, "best_function": 1, "parameters": [2.4258626147765252, 1.0093666641349535, 1.0312101468530861, -0.12574627993004284, 1.4033956721047627, 0.8070926535022277, 1.0, 24.447803968242795]}, "Single Carriageway": {"mae": 6.8758714942003856, "mse": 77.296078560848571, "best_function": 2, "parameters": [-2.9329907404812117, 3.075623457962966, 0.77849073150150949, 1.0, -0.019665739943063976, 0.16760516296597061, -0.52394467186396376, 1.3221910355679969, 21.085152552859604]}, "Slip Road": {"mae": 8.2299190948796106, "mse": 112.80376268627867, "best_function": 0, "parameters": [1.0, 1.0, 1.0, 1.0, 1.0, 1.0, 1.0]}, "Traffic Island Link": {"mae": 6.0363503955651252, "mse": 120.51613685192143, "best_function": 2, "parameters": [8.1837258080368436, 9.4104416578489367, 0.69683396665817665, 1.0, -0.012403476518923373, 0.070573931239833687, -0.29299651526237969, 1.7105200616178911, 27.868832712589647]}}, "street_tally": [1.0, 1.0, 2.0]}