{"nature_results": {"Traffic Island Link At Junction": {"mae": 16.408991875167892, "mse": 345.83629185044663, "best_function": 0, "parameters": [1.0, 1.0, 1.0, 1.0, 1.0, 1.0, 1.0]}, "Single Carriageway": {"mae": 13.048125407918915, "mse": 272.5771893290887, "best_function": 1, "parameters": [0.045070829172695559, 0.99948097787946721, 0.99638152031638683, 0.99390420372885113, 0.99895426485172045, 1.908700968258815, 1.0, 25.804225275831342]}, "Dual Carriageway": {"mae": 6.0425158945688642, "mse": 85.91390649885227, "best_function": 2, "parameters": [5.2377326991029802, 4.1751236590157932, -0.69214543810840046, 1.0, -0.069163062503715622, 0.80369280956463796, -2.9172496660701039, 3.5554154558225139, 19.236405255453107]}, "Slip Road": {"mae": 8.9240483265477639, "mse": 122.45849762501442, "best_function": 1, "parameters": [-0.037207807149627792, 0.44689435390972987, 0.79849660621224428, 1.0194139107807361, 0.99265144748072143, -1.8373346621521724, 1.0, 21.12139934724301]}}, "street_tally": [1.0, 2.0, 1.0]}