{"nature_results": {"Slip Road": {"mae": 8.7633866722268454, "mse": 1327.9024187055738, "best_function": 0, "parameters": [7.7611232628904583, 7.7871835099036435, -0.24836249013423384, 1.0, 1.2062934180611971, 0.32608399263107246, 18.484236501328578]}}, "street_tally": [1.0, 0.0, 0.0]}