{"nature_results": {"Single Carriageway": {"mae": 8.0992304830225521, "mse": 102.70384162733308, "best_function": 2, "parameters": [-9.8063010294878445, 0.82016353346248172, -1.8572719832575171, 1.0, 0.049771985318050382, -0.67669912570575708, 2.7931054745930348, -3.2877723478175493, 23.093609596446907]}}, "street_tally": [0.0, 0.0, 1.0]}