{"nature_results": {"Single Carriageway": {"mae": 7.0530825972554734, "mse": 106.82965008096306, "best_function": 1, "parameters": [-0.0085592759833854615, 0.90326441560780368, 0.907470846528738, 0.97590794561470018, 1.0136148392410123, 0.89050609079632626, 1.0, 19.076102199415391]}}, "street_tally": [0.0, 1.0, 0.0]}