{"nature_results": {"Traffic Island Link At Junction": {"mae": 4.5288869962799305, "mse": 33.963024300818155, "best_function": 2, "parameters": [-9.443758672788606, 3.153726935908129, -1.6029890507058306, 1.0, -0.13751191389909878, 1.6722019921653288, -6.490475959203807, 8.6822166988762302, 14.914640632728835]}, "Single Carriageway": {"mae": 5.9558542556394638, "mse": 55.894664150884466, "best_function": 2, "parameters": [-2.274408742604964, 1.5578744037991963, 1.0342443837351656, 1.0, 0.013968750761393922, -0.093584364249142515, 0.088072658546941129, -0.38350194081040456, 16.463135039056979]}}, "street_tally": [0.0, 0.0, 2.0]}