{"nature_results": {"Single Carriageway": {"mae": 4.8553742394715087, "mse": 45.944368407679704, "best_function": 1, "parameters": [2.3870440940667539, 0.92457254816454326, 0.94071719694677813, -0.15237539708095427, 1.4217381689178774, 1.2330680393006737, 1.0, 29.903384876158047]}, "Dual Carriageway": {"mae": 7.3586974989968272, "mse": 98.346258804576948, "best_function": 2, "parameters": [32.186232833279504, 2.3118952284576113, -0.10886721589539761, 1.0, -0.062781518423224325, 0.99470406815319701, -4.7208154986063411, 6.12730903835112, 20.389610075310632]}, "Slip Road": {"mae": 7.3794797084973673, "mse": 80.189910229717384, "best_function": 2, "parameters": [6.6091755239182017, 20.396455973684745, -9.3067549598864971, 1.0, -0.093671627895238752, 0.47261915494862661, 2.4137767088752895, -10.345081338219634, 10.065038771354828]}}, "street_tally": [0.0, 1.0, 2.0]}