{"nature_results": {"Traffic Island Link At Junction": {"mae": 5.7153665783877878, "mse": 63.029713141854515, "best_function": 2, "parameters": [60.855124602357854, 34.414833083241916, -3.9059896071640967, 1.0, -0.45208239616818613, 5.9912514569638899, -25.063785527768761, 31.223044437422697, 25.185428832801701]}, "Single Carriageway": {"mae": 14.366760397537979, "mse": 404.89204464315623, "best_function": 1, "parameters": [-0.067861865802203658, 0.90910755026177947, 1.0472324878471446, 0.96839017292262408, 1.02429600864466, 0.30951386812418202, 1.0, 27.267748586916312]}}, "street_tally": [0.0, 1.0, 1.0]}