{"nature_results": {"Traffic Island Link At Junction": {"mae": 11.002480756972542, "mse": 163.55978170627881, "best_function": 0, "parameters": [1.0, 1.0, 1.0, 1.0, 1.0, 1.0, 1.0]}, "Single Carriageway": {"mae": 10.192958663925646, "mse": 157.90859168820484, "best_function": 1, "parameters": [1.6014460313776993, 0.98603687201855417, 0.99757933513408514, 0.24002918290147124, 1.2758623423899267, 0.70964456273809007, 1.0, 23.851732022413707]}, "Roundabout": {"mae": 6.683967308959212, "mse": 88.507376635378236, "best_function": 2, "parameters": [7.0882075535665221, 3.9669401925910956, 3.8361348827638264, 1.0, -0.037024086743140172, 0.29691244064072508, -0.52965832665931623, 0.45022545785390611, 20.470146073369509]}}, "street_tally": [1.0, 1.0, 1.0]}