{"nature_results": {"Single Carriageway": {"mae": 6.4135233564138003, "mse": 72.087780907570192, "best_function": 1, "parameters": [1.8799108855112272, 0.99884324666690116, 0.99960899680020976, 0.12113184612783534, 1.3152397915240581, -1.6724424356082994, 1.0, 30.693174568089649]}, "Dual Carriageway": {"mae": 7.9803323515277507, "mse": 102.43298108714077, "best_function": 2, "parameters": [-3.7239294427615297, 2.9220151855692897, -2.692351470294573, 1.0, 0.024807792638704584, -0.56699846390439124, 2.5965221592461702, -1.2438907762379974, 25.404882246833154]}, "Traffic Island Link": {"mae": 4.506548132788371, "mse": 38.08355556240582, "best_function": 2, "parameters": [-0.93281820723652742, 0.65402976117108969, -0.90336974467743514, 1.0, -0.060481388536190561, 0.6380236145265904, -2.3571600770155001, 3.7656340408711397, 37.31405877713015]}}, "street_tally": [0.0, 1.0, 2.0]}