{"nature_results": {"Single Carriageway": {"mae": 6.67617516673225, "mse": 71.704670136850055, "best_function": 1, "parameters": [3.281428193816049, 0.8017040195511016, 0.88565608048824562, -0.59660000243551403, 1.5872789570872927, -0.4388486522047641, 1.0, 21.204662770666449]}, "Dual Carriageway": {"mae": 23.212094472885532, "mse": 574.73700418676617, "best_function": 0, "parameters": [1.0, 1.0, 1.0, 1.0, 1.0, 1.0, 1.0]}}, "street_tally": [1.0, 1.0, 0.0]}