{"nature_results": {"Traffic Island Link At Junction": {"mae": 3.846563285208461, "mse": 24.524276210032081, "best_function": 1, "parameters": [1.8441535561688513, 0.98436627118413134, 1.0085946001014365, 0.1152713110615724, 1.3241505478038769, 3.793408571269989, 1.0, 3.7881557598939546]}, "Single Carriageway": {"mae": 7.4993797665306214, "mse": 108.34038840449344, "best_function": 2, "parameters": [5.5711888278000226, 6.2797903671344022, 1.4875028071295406, 1.0, -0.048026795914910769, 0.50130409212475657, -1.5652857407269973, 2.8445883522066389, 7.806053168810168]}, "Dual Carriageway": {"mae": 12.513811859442892, "mse": 230.09024004039941, "best_function": 0, "parameters": [1.0, 1.0, 1.0, 1.0, 1.0, 1.0, 1.0]}}, "street_tally": [1.0, 1.0, 1.0]}