{"nature_results": {"Traffic Island Link At Junction": {"mae": 11.335430530409496, "mse": 160.92524792942066, "best_function": 2, "parameters": [4.9881664026380275, 3.2102098474043017, 0.88572275618205154, 1.0, -0.022431842440117755, 0.38469217157117552, -2.0535225442552072, 2.8577286413206062, 20.631577694180155]}, "Single Carriageway": {"mae": 18.805952794449315, "mse": 425.0577604556774, "best_function": 0, "parameters": [1.0, 1.0, 1.0, 1.0, 1.0, 1.0, 1.0]}, "Traffic Island Link": {"mae": 4.4413601795043141, "mse": 32.797080814588917, "best_function": 2, "parameters": [0.29195689718587581, 2.2346468982239029, 0.6582574626409412, 1.0, -0.019929825777515564, 0.16923289209293857, -0.57951786197033051, 1.605503797457589, 25.049977823909757]}}, "street_tally": [1.0, 0.0, 2.0]}