{"nature_results": {"Single Carriageway": {"mae": 23.184350060351022, "mse": 625.29234412619746, "best_function": 0, "parameters": [1.0, 1.0, 1.0, 1.0, 1.0, 1.0, 1.0]}}, "street_tally": [1.0, 0.0, 0.0]}