{"nature_results": {"Traffic Island Link At Junction": {"mae": 5.7512595865764302, "mse": 50.278335878980869, "best_function": 2, "parameters": [-7.7308305148636691, 3.0159777233415035, 1.2901949902691245, 1.0, -0.023999576021798141, 0.2609589430355822, -1.5165030110915123, 4.9452972225966656, 15.828007332798752]}, "Single Carriageway": {"mae": 5.287317086321063, "mse": 52.575581058818166, "best_function": 2, "parameters": [0.60980960471556778, 2.9769273691631102, 1.6296452743211745, 1.0, -0.046642842135524498, 0.51049188924785316, -1.9404763850852178, 3.1206510374858794, 23.207479523579302]}, "Slip Road": {"mae": 5.0521666426374718, "mse": 29.123791254493852, "best_function": 0, "parameters": [1.0, 1.0, 1.0, 1.0, 1.0, 1.0, 1.0]}, "Dual Carriageway": {"mae": 4.3723740793630199, "mse": 32.539070280598565, "best_function": 2, "parameters": [0.89805191267169704, 8.5886883639752174, 1.7460804329372488, 1.0, -0.061517032354823531, 0.52604331025132212, -1.1483512360343417, 0.86853710896526448, 27.722270769255609]}, "Traffic Island Link": {"mae": 14.666782409595148, "mse": 293.74878776898021, "best_function": 0, "parameters": [1.0, 1.0, 1.0, 1.0, 1.0, 1.0, 1.0]}}, "street_tally": [2.0, 0.0, 3.0]}