{"nature_results": {"Single Carriageway": {"mae": 4.8604835677436444, "mse": 42.667926727191272, "best_function": 2, "parameters": [115.25460812866385, 93.15153215673152, 0.83620283957803665, 1.0, -0.030739715527303701, 0.45116738350432639, -2.8526036143205484, 7.7539220362796017, 22.058953954442572]}, "Dual Carriageway": {"mae": 3.0923938571660785, "mse": 15.335928276757439, "best_function": 2, "parameters": [-1.1628181108280624, 7.089564951999189, 1.7719714709230701, 1.0, 0.041251609144349555, -0.48811647814859183, 1.5746732858731631, -0.51950559290587672, 23.501277144265163]}, "Roundabout": {"mae": 5.5383199566126722, "mse": 44.581284476890488, "best_function": 2, "parameters": [43.47485589247075, 50.254713466845999, 1.0225242914946093, 1.0, -0.14701792527164503, 1.9697256200733229, -8.227749919039157, 10.380458816905453, 23.897922146709245]}}, "street_tally": [0.0, 0.0, 3.0]}