{"nature_results": {"Dual Carriageway": {"mae": 9.9833589216143697, "mse": 142.62117939615388, "best_function": 2, "parameters": [-10.135533393745321, 3.5254761354385007, -1.8157509415906055, 1.0, -0.0067873066981545271, -0.044909531510501699, 0.8823288828289797, -2.5965246358365643, 43.48523467313165]}, "Roundabout": {"mae": 19.207580466640582, "mse": 435.46507488184068, "best_function": 0, "parameters": [1.0, 1.0, 1.0, 1.0, 1.0, 1.0, 1.0]}}, "street_tally": [1.0, 0.0, 1.0]}