{"nature_results": {"Single Carriageway": {"mae": 29.113329002443447, "mse": 891.19135500127288, "best_function": 0, "parameters": [1.0, 1.0, 1.0, 1.0, 1.0, 1.0, 1.0]}}, "street_tally": [1.0, 0.0, 0.0]}