{"nature_results": {"Single Carriageway": {"mae": 6.1218308940675126, "mse": 64.2646535851365, "best_function": 2, "parameters": [-3.4195648522466948, 1.5920660468824335, 1.6453702738698373, 1.0, 0.01622249397255382, -0.20771289768073542, 0.47994743072182, 1.3614033740454141, 18.76549551460533]}}, "street_tally": [0.0, 0.0, 1.0]}