{"nature_results": {"Single Carriageway": {"mae": 6.9035373671702258, "mse": 85.599668469591762, "best_function": 0, "parameters": [1.0, 1.0, 1.0, 1.0, 1.0, 1.0, 1.0]}}, "street_tally": [1.0, 0.0, 0.0]}