{"nature_results": {"Dual Carriageway": {"mae": 8.1370118656485211, "mse": 96.104705579324474, "best_function": 1, "parameters": [3.3119797950605476, 0.55449959176899943, 0.78884683017080715, -0.62015710228546528, 1.59738105745116, -3.5305848414658358, 1.0, 26.503863627401547]}}, "street_tally": [0.0, 1.0, 0.0]}