{"nature_results": {"Single Carriageway": {"mae": 6.6765781738803414, "mse": 57.029732642129964, "best_function": 2, "parameters": [474.34027761611657, 179.23783816774412, 9.3832721739464642, 1.0, -0.17179371775264896, 1.6543117704898145, -2.9059625918079823, -5.7161430931115751, 20.173907117451872]}}, "street_tally": [0.0, 0.0, 1.0]}