{"nature_results": {"Traffic Island Link At Junction": {"mae": 8.4245996679513766, "mse": 134.89667775332552, "best_function": 2, "parameters": [11.656517529824157, 1.8884523217559255, -1.0160378070980913, 1.0, 0.092684469507714917, -1.5260930847759973, 7.6705136212803415, -10.625173436183101, 26.988382045382789]}, "Single Carriageway": {"mae": 23.490500257153304, "mse": 627.9971506010545, "best_function": 0, "parameters": [1.0, 1.0, 1.0, 1.0, 1.0, 1.0, 1.0]}, "Slip Road": {"mae": 9.8526684752937737, "mse": 146.17266513172876, "best_function": 2, "parameters": [38.727640000595287, 18.59979413874683, -8.3317418769802067, 1.0, -0.20934369727847257, 2.6094797229294473, -9.8427372017495163, 11.25148851758547, 16.215425214410672]}, "Dual Carriageway": {"mae": 15.452301578007596, "mse": 316.4802368387476, "best_function": 0, "parameters": [1.0, 1.0, 1.0, 1.0, 1.0, 1.0, 1.0]}, "Traffic Island Link": {"mae": 16.590534712271985, "mse": 390.61560825471702, "best_function": 0, "parameters": [1.0, 1.0, 1.0, 1.0, 1.0, 1.0, 1.0]}}, "street_tally": [3.0, 0.0, 2.0]}