{"nature_results": {"Single Carriageway": {"mae": 3.9955059505441186, "mse": 22.117543552001194, "best_function": 0, "parameters": [1.0, 1.0, 1.0, 1.0, 1.0, 1.0, 1.0]}}, "street_tally": [1.0, 0.0, 0.0]}