{"nature_results": {"Traffic Island Link At Junction": {"mae": 4.1440250325697496, "mse": 30.878914875239886, "best_function": 2, "parameters": [1.3355671274261709, 1.9884009568845491, 0.82414374797720025, 1.0, 0.0028352251697740805, 0.08941349974506374, -1.0551186068188998, 2.8663046526314386, 25.304932300809437]}, "Single Carriageway": {"mae": 11.937369890145398, "mse": 273.96540910969264, "best_function": 1, "parameters": [1.6078714395595646, 1.0229509699787405, 1.0619109648124152, 0.23434950034783908, 1.277754032903299, 0.83383171821314639, 1.0, 45.145939961266542]}}, "street_tally": [0.0, 1.0, 1.0]}