{"nature_results": {"Traffic Island Link At Junction": {"mae": 14.050716561738763, "mse": 262.6909650504046, "best_function": 0, "parameters": [1.0, 1.0, 1.0, 1.0, 1.0, 1.0, 1.0]}, "Single Carriageway": {"mae": 4.6687529250750446, "mse": 45.188077831678498, "best_function": 2, "parameters": [7.0204334302561779, 9.6750807049074723, -1.6450931449999855, 1.0, -0.087238715922933308, 1.3786739492896354, -7.2504190577112428, 13.263345784752515, 33.051459049787233]}}, "street_tally": [1.0, 0.0, 1.0]}