{"nature_results": {"Slip Road": {"mae": 7.9939603009348152, "mse": 89.153450752114907, "best_function": 2, "parameters": [-3.3348139419349083, 1.2987385565064804, 0.96103025713594226, 1.0, 0.054260498130977886, -0.94825602253494368, 5.4351025370938943, -10.2711388157147, 16.346092115892667]}, "Dual Carriageway": {"mae": 9.5602747569048088, "mse": 187.46985449585196, "best_function": 2, "parameters": [4.47851084662289, 8.611300959697715, -0.0091719338310687348, 1.0, -0.03762667427124855, 0.46313795521503587, -1.7552421740008644, 1.7067865006440284, 51.703778061002595]}}, "street_tally": [0.0, 0.0, 2.0]}