{"nature_results": {"Dual Carriageway": {"mae": 9.3395577892474613, "mse": 157.17205909900619, "best_function": 2, "parameters": [-7.3833500822827869, 3.8575399704723887, 1.0622273613346891, 1.0, -0.054205515452544484, 0.64166687193256655, -2.6787391090837782, 4.2743699197737124, 35.843730322227209]}}, "street_tally": [0.0, 0.0, 1.0]}