{"nature_results": {"Single Carriageway": {"mae": 6.5617448332101231, "mse": 75.07399781329832, "best_function": 0, "parameters": [-2.0085960530211269, 1.0635667756536438, 0.43371215209527092, 1.0, 1.8162296140142322, 0.083304436651434055, 28.570460566542927]}, "Roundabout": {"mae": 8.6151020601664285, "mse": 125.70021890837701, "best_function": 2, "parameters": [5.1290949391448262, 9.5580147862442164, 0.83731523282604403, 1.0, -0.22387861113531615, 2.7204216662744836, -10.096231812894981, 10.874472809179821, 25.387565197227339]}, "Traffic Island Link": {"mae": 7.146935880522701, "mse": 166.35858452425873, "best_function": 2, "parameters": [-0.18912063511905886, 6.3957441874059766, -0.051765090006174574, 1.0, -0.11060465202817782, 1.2193813744838096, -4.3594063284687463, 5.4418188297402441, 37.405141566572084]}, "Traffic Island Link At Junction": {"mae": 10.389484859890993, "mse": 440.44013547881519, "best_function": 2, "parameters": [-5.4661238785246926, 5.1001615425378892, 1.0830536390427177, 1.0, -0.19964595817069619, 2.3037302050707011, -8.376097596159461, 10.151568633485395, 24.237165944678999]}, "Slip Road": {"mae": 4.1046689452820955, "mse": 28.813019249335788, "best_function": 0, "parameters": [1.0, 1.0, 1.0, 1.0, 1.0, 1.0, 1.0]}, "Dual Carriageway": {"mae": 27.934159169079592, "mse": 1004.0102313615901, "best_function": 0, "parameters": [1.0, 1.0, 1.0, 1.0, 1.0, 1.0, 1.0]}}, "street_tally": [3.0, 0.0, 3.0]}