{"nature_results": {"Traffic Island Link At Junction": {"mae": 8.7071935303312227, "mse": 134.25723906128121, "best_function": 1, "parameters": [1.6604440907089488, 1.0066280072963472, 1.007538902447519, 0.24627705870421479, 1.2666771321205454, -0.82056204671286426, 1.0, 27.833896098625587]}, "Single Carriageway": {"mae": 5.2603141055351257, "mse": 56.188095968798294, "best_function": 2, "parameters": [7.2638102283831056, 6.5598930771289572, -0.0080608364493348628, 1.0, -0.020021615904700196, 0.15130274531155463, -0.51031348208656069, 1.619332206422051, 26.915760137460687]}, "Dual Carriageway": {"mae": 7.458124672320781, "mse": 94.85876077942622, "best_function": 2, "parameters": [-2.9118778797200733, 1.2388990104946029, -1.4114858602365348, 1.0, 0.065901809337851835, -0.79441896095825726, 2.9312376211543985, -3.3884368906995146, 25.401114906832007]}}, "street_tally": [0.0, 1.0, 2.0]}