{"nature_results": {"Traffic Island Link At Junction": {"mae": 14.795427042659039, "mse": 260.34500082258097, "best_function": 0, "parameters": [1.0, 1.0, 1.0, 1.0, 1.0, 1.0, 1.0]}, "Single Carriageway": {"mae": 24.093931575561093, "mse": 627.54882445441081, "best_function": 0, "parameters": [1.0, 1.0, 1.0, 1.0, 1.0, 1.0, 1.0]}}, "street_tally": [2.0, 0.0, 0.0]}