{"nature_results": {"Traffic Island Link At Junction": {"mae": 5.1221535459985219, "mse": 60.993845901634636, "best_function": 1, "parameters": [1.9347632673154767, 0.98438894398166299, 0.96052031820133543, 0.092848069574046233, 1.3265413423865882, 0.971884446805656, 1.0, 13.534538722536135]}, "Single Carriageway": {"mae": 19.231048637801276, "mse": 423.06729392574852, "best_function": 0, "parameters": [1.0, 1.0, 1.0, 1.0, 1.0, 1.0, 1.0]}, "Slip Road": {"mae": 5.4868053766355516, "mse": 63.808652624939128, "best_function": 0, "parameters": [1.0, 1.0, 1.0, 1.0, 1.0, 1.0, 1.0]}}, "street_tally": [2.0, 1.0, 0.0]}