{"nature_results": {"Traffic Island Link At Junction": {"mae": 12.065916396047378, "mse": 179.60748011377683, "best_function": 1, "parameters": [2.8473779900195773, 0.93870317376529788, 0.95814585467714641, -0.28917725526223403, 1.4569958990125287, 0.91918468035987955, 1.0, 10.08666477757566]}, "Single Carriageway": {"mae": 8.1454788303367298, "mse": 97.820439619458071, "best_function": 2, "parameters": [9.5473233049961248, 15.48911424878411, -2.0354256842365865, 1.0, 0.057534334370963003, -0.73981631301897943, 3.2068554176909818, -4.8420070651557126, 37.645372933672377]}, "Roundabout": {"mae": 5.498008208912033, "mse": 55.725051299190454, "best_function": 0, "parameters": [2.3611017828256311, 6.5739495966556607, -0.64309049221219117, 1.0, -0.43595226104822116, 1.0339563089806378, 27.374972366612237]}, "Dual Carriageway": {"mae": 12.176281866925642, "mse": 266.81930374121345, "best_function": 1, "parameters": [1.5914624857616322, 0.95411964759218115, 0.9775228919763439, 0.22980594693212708, 1.2828528699288286, -1.5229550843523696, 1.0, 38.409119467604206]}, "Slip Road": {"mae": 11.652805550886388, "mse": 246.11317603578834, "best_function": 0, "parameters": [1.0, 1.0, 1.0, 1.0, 1.0, 1.0, 1.0]}}, "street_tally": [2.0, 2.0, 1.0]}