{"nature_results": {"Dual Carriageway": {"mae": 25.96526275483771, "mse": 802.72362024743347, "best_function": 0, "parameters": [1.0, 1.0, 1.0, 1.0, 1.0, 1.0, 1.0]}}, "street_tally": [1.0, 0.0, 0.0]}