{"nature_results": {"Single Carriageway": {"mae": 6.4720169131366951, "mse": 107.61817470245292, "best_function": 0, "parameters": [31.766235510078292, 16.862485510122781, -2.7626932533869, 1.0, 0.40655211106640865, 1.2092912345436853, 30.386724298244399]}, "Traffic Island Link": {"mae": 285.82386962931236, "mse": 123256.02417792975, "best_function": 1, "parameters": [1.0, 1.0, 1.0, 1.0, 1.0, 1.0, 1.0, 1.0]}}, "street_tally": [1.0, 1.0, 0.0]}