{"nature_results": {"Single Carriageway": {"mae": 17.526313746039758, "mse": 356.49292079956933, "best_function": 0, "parameters": [1.0, 1.0, 1.0, 1.0, 1.0, 1.0, 1.0]}}, "street_tally": [1.0, 0.0, 0.0]}