{"nature_results": {"Traffic Island Link At Junction": {"mae": 12.190059315698958, "mse": 204.34642619674494, "best_function": 0, "parameters": [1.0, 1.0, 1.0, 1.0, 1.0, 1.0, 1.0]}, "Single Carriageway": {"mae": 19.406159296246887, "mse": 442.41374713461022, "best_function": 0, "parameters": [1.0, 1.0, 1.0, 1.0, 1.0, 1.0, 1.0]}, "Roundabout": {"mae": 11.931684149351771, "mse": 189.6068459637936, "best_function": 2, "parameters": [114.0763929894935, 71.986806159082619, 6.8634811540583316, 1.0, -0.097736991440309451, 1.3159752032593335, -5.084800211500152, 3.8613336547864963, 23.724792880953732]}, "Traffic Island Link": {"mae": 10.525079766174262, "mse": 164.42535357654276, "best_function": 0, "parameters": [1.0, 1.0, 1.0, 1.0, 1.0, 1.0, 1.0]}}, "street_tally": [3.0, 0.0, 1.0]}