{"nature_results": {"Traffic Island Link At Junction": {"mae": 12.346883585947612, "mse": 208.11771135564254, "best_function": 0, "parameters": [1.0, 1.0, 1.0, 1.0, 1.0, 1.0, 1.0]}, "Single Carriageway": {"mae": 5.5225778379938797, "mse": 57.514342766312708, "best_function": 2, "parameters": [-7.1691525729293559, 1.4053328527295132, -0.69146233505689803, 1.0, 0.26563543536439571, -3.1782542455252543, 10.306622490415327, -5.026052104834136, 25.667021279512618]}}, "street_tally": [1.0, 0.0, 1.0]}