{"nature_results": {"Traffic Island Link At Junction": {"mae": 9.1614951241986358, "mse": 112.12934810977521, "best_function": 2, "parameters": [1.785464036711919, 5.2979995403242901, -5.3865170086746028, 1.0, 0.33447194501937172, -3.8941126982090566, 12.656824107573488, -7.7833509474701401, 16.982640683445275]}, "Single Carriageway": {"mae": 20.882385806842567, "mse": 504.30513356374229, "best_function": 0, "parameters": [1.0, 1.0, 1.0, 1.0, 1.0, 1.0, 1.0]}}, "street_tally": [1.0, 0.0, 1.0]}