{"nature_results": {"Traffic Island Link At Junction": {"mae": 19.110527879855891, "mse": 448.34917469572775, "best_function": 0, "parameters": [1.0, 1.0, 1.0, 1.0, 1.0, 1.0, 1.0]}, "Single Carriageway": {"mae": 5.2926395368370436, "mse": 50.587266130104972, "best_function": 2, "parameters": [-1.7159746499065287, 0.066507342978838868, -0.37602422284979853, 1.0, 0.096011605102516162, -1.2330608321110148, 4.5272569114953125, -3.7046169009003016, 27.080364880509773]}, "Dual Carriageway": {"mae": 10.470450521555723, "mse": 161.85626543305224, "best_function": 1, "parameters": [6.3318613165449866, 0.99118229916016543, 0.99693724504610359, -2.0384910980297577, 2.1080658831258248, 1.1137380223787794, 1.0, 12.861175729938822]}, "Traffic Island Link": {"mae": 11.687956011044742, "mse": 195.72136173759577, "best_function": 1, "parameters": [1.5974903477236559, 0.99343247802158829, 1.0086502990110406, 0.25215228200522188, 1.2690852850300811, -0.45247312109371518, 1.0, 25.594980556010096]}}, "street_tally": [1.0, 2.0, 1.0]}