{"nature_results": {"Traffic Island Link At Junction": {"mae": 8.2662510052741158, "mse": 92.165371278735336, "best_function": 2, "parameters": [729359.9359895821, 398045.42900977453, 1.2990281444172509, 1.0, -0.14719323022138475, 1.1729795761623794, 0.42555991440336283, -12.421123940746, 26.159962015273049]}, "Single Carriageway": {"mae": 16.753998538892262, "mse": 344.95159473167274, "best_function": 0, "parameters": [1.0, 1.0, 1.0, 1.0, 1.0, 1.0, 1.0]}}, "street_tally": [1.0, 0.0, 1.0]}