{"nature_results": {"Single Carriageway": {"mae": 8.3476726306676934, "mse": 105.41459455004461, "best_function": 1, "parameters": [3.2035971830427643, 0.97360800424851324, 0.97449959678232978, -0.46990226754864683, 1.5227960359737072, -2.1905688450810414, 1.0, 25.111770455444468]}, "Dual Carriageway": {"mae": 14.885055450333267, "mse": 268.67823165810557, "best_function": 0, "parameters": [1.0, 1.0, 1.0, 1.0, 1.0, 1.0, 1.0]}}, "street_tally": [1.0, 1.0, 0.0]}