{"nature_results": {"Traffic Island Link At Junction": {"mae": 274.66762113663123, "mse": 12555333.854572369, "best_function": 1, "parameters": [1.0, 1.0, 1.0, 1.0, 1.0, 1.0, 1.0, 1.0]}, "Single Carriageway": {"mae": 6.7457113552412302, "mse": 80.12317480261936, "best_function": 2, "parameters": [0.29698826715493465, 2.1296551706058793, -0.60492350736142586, 1.0, 0.035605826622054804, -0.401150752535963, 1.0685339690820084, 0.25383250856062956, 27.397719862903113]}, "Slip Road": {"mae": 16.145849310194698, "mse": 320.61136098891023, "best_function": 0, "parameters": [1.0, 1.0, 1.0, 1.0, 1.0, 1.0, 1.0]}, "Dual Carriageway": {"mae": 18.972942680167009, "mse": 844.003093234429, "best_function": 0, "parameters": [-4.0933372969532877, 2.5615806308252904, -3.1142234520794352, 1.0, -1.0305939135696867, 1.8023765311834241, 32.096728544212581]}, "Traffic Island Link": {"mae": 6.8362933268124983, "mse": 84.515797812133258, "best_function": 0, "parameters": [-6.0554689868212055, 0.81682801058518839, -1.0069245618762794, 1.0, -0.003573035605778152, 0.96580175774126709, 31.74408864957147]}}, "street_tally": [3.0, 1.0, 1.0]}