{"nature_results": {"Slip Road": {"mae": 40.900976677175514, "mse": 1825.3673774132199, "best_function": 0, "parameters": [1.0, 1.0, 1.0, 1.0, 1.0, 1.0, 1.0]}, "Dual Carriageway": {"mae": 8.8774926341459679, "mse": 172.00440013122972, "best_function": 2, "parameters": [9.4502503325320077, 7.0200711080792306, 0.33073676691928444, 1.0, 0.057522790646173605, -0.68293966616415958, 2.6954904348783373, -4.5007330003681352, 48.098224418724051]}, "Roundabout": {"mae": 9.4655635698302572, "mse": 596.13427810246549, "best_function": 0, "parameters": [6.7916405763814849, 14.08972610329393, -2.0969052296739035, 1.0, 0.087791306992921814, 0.73843323374888736, 32.983312011531275]}}, "street_tally": [2.0, 0.0, 1.0]}