{"nature_results": {"Traffic Island Link At Junction": {"mae": 4.1560557407836489, "mse": 26.27692725732804, "best_function": 2, "parameters": [-7.3665338689784434, 3.0510798871937577, 1.4076947018533714, 1.0, 0.15575858375221407, -1.8714586016032895, 6.0833171834960318, -2.0577423326973103, 19.315329783358759]}, "Single Carriageway": {"mae": 5.8461550703680025, "mse": 345.23405753603521, "best_function": 0, "parameters": [3.2846198255094716, 8.3458323337831963, 0.80655114014343121, 1.0, 1.4613396545396806, 0.29081771069503404, 20.212110369313766]}, "Traffic Island Link": {"mae": 17.89907921151185, "mse": 356.86117308435803, "best_function": 0, "parameters": [1.0, 1.0, 1.0, 1.0, 1.0, 1.0, 1.0]}}, "street_tally": [2.0, 0.0, 1.0]}