{"nature_results": {"Traffic Island Link At Junction": {"mae": 20.964003808669556, "mse": 612.10410164812583, "best_function": 0, "parameters": [1.0, 1.0, 1.0, 1.0, 1.0, 1.0, 1.0]}, "Single Carriageway": {"mae": 22.08764178094702, "mse": 588.57268570776557, "best_function": 0, "parameters": [1.0, 1.0, 1.0, 1.0, 1.0, 1.0, 1.0]}, "Slip Road": {"mae": 19.058762786520468, "mse": 517.14736252370699, "best_function": 0, "parameters": [1.0, 1.0, 1.0, 1.0, 1.0, 1.0, 1.0]}}, "street_tally": [3.0, 0.0, 0.0]}