{"nature_results": {"Single Carriageway": {"mae": 26.970549974609543, "mse": 814.59776220613924, "best_function": 0, "parameters": [1.0, 1.0, 1.0, 1.0, 1.0, 1.0, 1.0]}, "Dual Carriageway": {"mae": 5.7779484544592714, "mse": 72.035922529159478, "best_function": 2, "parameters": [0.6934712740372414, 3.4370281696443854, -2.1021728768169901, 1.0, -0.07815745408574104, 0.80124105201668128, -2.3919038737337459, 2.0557496161770739, 52.70680929776411]}, "Slip Road": {"mae": 10.891796460392397, "mse": 729.5526424680636, "best_function": 0, "parameters": [20.68628667459587, 19.640511476292879, 0.32646662120913605, 1.0, 1.4196287845083511, 0.43209443734487918, 29.741582062790393]}}, "street_tally": [2.0, 0.0, 1.0]}