{"nature_results": {"Traffic Island Link At Junction": {"mae": 9.4205798557965146, "mse": 127.88603564968794, "best_function": 0, "parameters": [1.0, 1.0, 1.0, 1.0, 1.0, 1.0, 1.0]}, "Single Carriageway": {"mae": 4.3578037557165104, "mse": 32.296099195315243, "best_function": 0, "parameters": [29.896278791236529, 27.387793568101486, 1.3761526227359147, 1.0, 1.1467886365097559, 0.84085189641890634, 14.15486076932357]}}, "street_tally": [2.0, 0.0, 0.0]}