{"nature_results": {"Traffic Island Link At Junction": {"mae": 15.579372991546153, "mse": 372.43097405428773, "best_function": 0, "parameters": [1.0, 1.0, 1.0, 1.0, 1.0, 1.0, 1.0]}, "Single Carriageway": {"mae": 6.1608941820790815, "mse": 69.160197834592736, "best_function": 1, "parameters": [1.7736582180236669, 1.0941987679596226, 1.0651590653207019, 0.10975758743325104, 1.3315466312702957, -1.0548608929307064, 1.0, 26.315461938299133]}, "Slip Road": {"mae": 11.084046805915357, "mse": 157.04736219466332, "best_function": 0, "parameters": [1.0, 1.0, 1.0, 1.0, 1.0, 1.0, 1.0]}, "Traffic Island Link": {"mae": 7.8106945446296017, "mse": 94.510909477771847, "best_function": 1, "parameters": [2.6857463071453629, 1.2203936950620065, 1.1464332089909754, -0.29202461069962538, 1.4707304521520104, -2.6235382647753123, 1.0, 31.813279644005188]}}, "street_tally": [2.0, 2.0, 0.0]}