{"nature_results": {"Traffic Island Link At Junction": {"mae": 7.0834623463959243, "mse": 94.253479847243383, "best_function": 0, "parameters": [1.0, 1.0, 1.0, 1.0, 1.0, 1.0, 1.0]}, "Single Carriageway": {"mae": 15.751808566264566, "mse": 299.98221623535085, "best_function": 0, "parameters": [1.0, 1.0, 1.0, 1.0, 1.0, 1.0, 1.0]}, "Slip Road": {"mae": 7.3362329351280202, "mse": 140.93661493132313, "best_function": 0, "parameters": [114.75120377082737, 77.108370840735788, 0.48115920714876947, 1.0, 0.63333603379516656, 0.86001357569863601, 10.416441321338541]}}, "street_tally": [3.0, 0.0, 0.0]}