{"nature_results": {"Traffic Island Link At Junction": {"mae": 21.098724878847054, "mse": 486.48817303556706, "best_function": 0, "parameters": [1.0, 1.0, 1.0, 1.0, 1.0, 1.0, 1.0]}, "Single Carriageway": {"mae": 29.327136065334468, "mse": 880.56425347853326, "best_function": 0, "parameters": [1.0, 1.0, 1.0, 1.0, 1.0, 1.0, 1.0]}, "Roundabout": {"mae": 20.717450833277496, "mse": 509.86249344577061, "best_function": 0, "parameters": [1.0, 1.0, 1.0, 1.0, 1.0, 1.0, 1.0]}, "Dual Carriageway": {"mae": 10.985754835571052, "mse": 189.4659148915658, "best_function": 0, "parameters": [0.47904329662371581, 11.06008888565378, -3.1365321053189463, 1.0, 0.65954555547622462, 0.91072389300678613, 37.767656576107797]}, "Slip Road": {"mae": 26.408430556678208, "mse": 778.91254623593704, "best_function": 0, "parameters": [1.0, 1.0, 1.0, 1.0, 1.0, 1.0, 1.0]}}, "street_tally": [5.0, 0.0, 0.0]}