{"nature_results": {"Traffic Island Link At Junction": {"mae": 14.47412145411705, "mse": 230.51629919670782, "best_function": 0, "parameters": [1.0, 1.0, 1.0, 1.0, 1.0, 1.0, 1.0]}, "Single Carriageway": {"mae": 6.471952770897925, "mse": 76.398688261711783, "best_function": 2, "parameters": [-7.4156222928131132, 0.24260937748464217, 2.8916701250223453, 1.0, -0.029357120166154438, 0.29700123477917606, -1.0761306179360668, 1.9961404132147411, 23.871906051497813]}, "Dual Carriageway": {"mae": 18.380999536608737, "mse": 396.65955799213151, "best_function": 0, "parameters": [1.0, 1.0, 1.0, 1.0, 1.0, 1.0, 1.0]}, "Slip Road": {"mae": 3.761805965374275, "mse": 24.064307565609838, "best_function": 2, "parameters": [1.0962604970687224, 6.0548388536590316, 4.1276762758737826, 1.0, 0.063852768353243605, -0.72071841985684593, 2.1278557747069455, -0.52578515324077002, 14.234320213011666]}}, "street_tally": [2.0, 0.0, 2.0]}