{"nature_results": {"Single Carriageway": {"mae": 6.7071676066545285, "mse": 88.335447997858751, "best_function": 2, "parameters": [-33.795661751400019, 12.142077861142306, 8.3655855129366614, 1.0, -0.12032159920229146, 1.6404983653398797, -6.2466868776860354, 3.9003704470546756, 32.535072141497665]}}, "street_tally": [0.0, 0.0, 1.0]}