{"nature_results": {"Traffic Island Link At Junction": {"mae": 18.395813759058242, "mse": 447.16375117262254, "best_function": 0, "parameters": [1.0, 1.0, 1.0, 1.0, 1.0, 1.0, 1.0]}, "Single Carriageway": {"mae": 6.1573360646983453, "mse": 66.12391066100291, "best_function": 0, "parameters": [4.6687233520290103, 6.5936070905778852, 0.78347789066517259, 1.0, 0.95864526839098319, 0.60567756800447103, 22.06574848072346]}}, "street_tally": [2.0, 0.0, 0.0]}