{"nature_results": {"Single Carriageway": {"mae": 4.8318360937389082, "mse": 47.279907129045604, "best_function": 0, "parameters": [0.50076857742689618, 3.5057487279178696, 3.6173922314681199, 1.0, 1.1491477008456967, 0.73480606630079426, 20.283606580791609]}}, "street_tally": [1.0, 0.0, 0.0]}