{"nature_results": {"Single Carriageway": {"mae": 17.29873871510954, "mse": 431.01220571038925, "best_function": 1, "parameters": [0.062473919798101796, 1.0029911319571745, 1.0030952354297635, 0.97545388668945521, 1.0074735693468506, 2.0276136861920531, 1.0, 31.530566146377431]}, "Traffic Island Link": {"mae": 10.865076164388588, "mse": 167.80015297172162, "best_function": 1, "parameters": [4.5343387757457023, 1.0074227842965424, 1.0507799768987087, -1.1896833878519568, 1.8012436740551858, -2.5980174960806051, 1.0, 16.234723508696227]}}, "street_tally": [0.0, 2.0, 0.0]}