{"nature_results": {"Single Carriageway": {"mae": 7.704369908946159, "mse": 95.464745663021191, "best_function": 1, "parameters": [3.4514230899160019, 1.0332783293126764, 1.0351345947554331, -0.73898559071264214, 1.6511915192039957, 1.7138275159334135, 1.0, 37.667049820350833]}}, "street_tally": [0.0, 1.0, 0.0]}