{"nature_results": {"Traffic Island Link At Junction": {"mae": 15.49112815379158, "mse": 288.97211402312786, "best_function": 0, "parameters": [1.0, 1.0, 1.0, 1.0, 1.0, 1.0, 1.0]}, "Single Carriageway": {"mae": 6.5734292406578136, "mse": 86.622083267711758, "best_function": 2, "parameters": [-21.785868789909632, 1.5430543968831096, 0.31033615669443704, 1.0, 0.0080449667368079902, -0.26515087954203787, 2.487368528411027, -7.7528885631902984, 33.198545089697589]}, "Roundabout": {"mae": 22.726303333489071, "mse": 656.95390471587939, "best_function": 0, "parameters": [1.0, 1.0, 1.0, 1.0, 1.0, 1.0, 1.0]}}, "street_tally": [2.0, 0.0, 1.0]}