{"nature_results": {"Single Carriageway": {"mae": 24.380282950811239, "mse": 685.73364484715569, "best_function": 0, "parameters": [1.0, 1.0, 1.0, 1.0, 1.0, 1.0, 1.0]}, "Dual Carriageway": {"mae": 22.551525175737495, "mse": 540.38152958300293, "best_function": 0, "parameters": [1.0, 1.0, 1.0, 1.0, 1.0, 1.0, 1.0]}}, "street_tally": [2.0, 0.0, 0.0]}