{"nature_results": {"Traffic Island Link At Junction": {"mae": 6.3834726656519551, "mse": 62.591666023768745, "best_function": 2, "parameters": [9.0119635584289774, 9.2353631860971355, -2.3984382023874842, 1.0, -0.39658485859456483, 4.7240444782843189, -17.511731721593929, 20.592059995568928, 22.415998153458865]}, "Single Carriageway": {"mae": 6.7897028496686609, "mse": 71.268046522636865, "best_function": 2, "parameters": [0.80321657678847491, 1.9803450440309507, -0.6103965699551106, 1.0, -0.31997505048108743, 4.172605368826817, -17.066404703643407, 21.921781878182362, 22.523941725573156]}, "Slip Road": {"mae": 9.145073307605422, "mse": 174.60815371926978, "best_function": 1, "parameters": [0.37096568790437945, -20.993273767263222, -4.252272904258378, 0.73412906880340434, 1.1140212917554115, -1.1493666294635276, 1.0, 9.1771892139908022]}}, "street_tally": [0.0, 1.0, 2.0]}