{"nature_results": {"Single Carriageway": {"mae": 6.0085613734663648, "mse": 61.916279059113741, "best_function": 2, "parameters": [-2.7859375946772498, 1.2681594319530749, 0.093201119611646344, 1.0, 0.014158762630415045, -0.23824217113454949, 0.88115357469498323, 0.48116653691407885, 20.346454179382938]}, "Dual Carriageway": {"mae": 6.4375577531844943, "mse": 70.266682848334014, "best_function": 2, "parameters": [1.2946819784881913, 1.8110276907844647, 1.1049143556703933, 1.0, -0.00093046241719374478, -0.12549471681102276, 0.90914857836675911, -0.44337526283827122, 17.065352374148002]}, "Slip Road": {"mae": 8.0847919575675551, "mse": 132.84020949073306, "best_function": 2, "parameters": [5.111267190019035, 6.0158297073845892, 0.0303362094337013, 1.0, -0.32214082328139115, 3.9447034693889682, -14.69530786171471, 16.290419253734861, 16.056496674015641]}}, "street_tally": [0.0, 0.0, 3.0]}