{"nature_results": {"Traffic Island Link At Junction": {"mae": 5.0858458637649999, "mse": 40.436521040465749, "best_function": 1, "parameters": [2.170073504219002, 1.0021076403034916, 0.98990063288677788, -0.039171965308590906, 1.378688563105007, -4.2597931149989146, 1.0, 22.423515614332114]}, "Single Carriageway": {"mae": 5.7428179641383537, "mse": 57.760082111487634, "best_function": 0, "parameters": [1.1543412027694242, 3.7600433883540911, -3.3148093004744252, 1.0, -0.093611744096061766, 1.012582518182287, 32.413979554970041]}, "Slip Road": {"mae": 10.452728034649043, "mse": 132.104238620784, "best_function": 0, "parameters": [1.0, 1.0, 1.0, 1.0, 1.0, 1.0, 1.0]}}, "street_tally": [2.0, 1.0, 0.0]}