{"nature_results": {"Traffic Island Link At Junction": {"mae": 15.205977460255037, "mse": 272.29776017977554, "best_function": 0, "parameters": [1.0, 1.0, 1.0, 1.0, 1.0, 1.0, 1.0]}, "Single Carriageway": {"mae": 4.1240794978643764, "mse": 34.010363503460816, "best_function": 2, "parameters": [5.2714140569147556, 3.6951086813518597, 0.79199350009092262, 1.0, -0.10990375217435866, 1.1723491047878851, -3.8460378422743133, 4.4303583074351298, 30.78491691258748]}, "Traffic Island Link": {"mae": 24.164300870957724, "mse": 610.87155491384431, "best_function": 0, "parameters": [1.0, 1.0, 1.0, 1.0, 1.0, 1.0, 1.0]}}, "street_tally": [2.0, 0.0, 1.0]}