{"nature_results": {"Dual Carriageway": {"mae": 7.2568706454742928, "mse": 96.420360430936896, "best_function": 2, "parameters": [1.7673964281082346, 4.0190548753225812, 1.4830338283188598, 1.0, -0.0057643454236735447, 0.06010255136720577, -0.54482443644137057, 2.5552566895004203, 25.070785442398989]}}, "street_tally": [0.0, 0.0, 1.0]}