{"nature_results": {"Traffic Island Link At Junction": {"mae": 16.967057392123731, "mse": 349.23583699275883, "best_function": 0, "parameters": [1.0, 1.0, 1.0, 1.0, 1.0, 1.0, 1.0]}, "Single Carriageway": {"mae": 14.533295327913443, "mse": 414.65344602686292, "best_function": 1, "parameters": [1.437676503403043, 0.99809496904331907, 1.0036716452462662, 0.32217006220539213, 1.2441529569880851, 0.32189427713678365, 1.0, 26.423340665305069]}, "Dual Carriageway": {"mae": 5.8638157998525093, "mse": 68.269337887347163, "best_function": 2, "parameters": [-1.2057862190570372, 1.2778328212000274, 0.68336652844819357, 1.0, -0.04759862156888639, 0.50071343644356703, -1.9551627319928824, 3.6671035431071966, 27.155883317026014]}, "Traffic Island Link": {"mae": 7.4050556966241015, "mse": 90.366548929710532, "best_function": 1, "parameters": [3.104284563584899, 0.98526040217348154, 0.99352852219001475, -0.47340828839835969, 1.5337065557188725, 0.91672918923368829, 1.0, 23.846655224183053]}}, "street_tally": [1.0, 2.0, 1.0]}