{"nature_results": {"Traffic Island Link At Junction": {"mae": 9.7677520184402393, "mse": 147.24354993724893, "best_function": 1, "parameters": [2.3556656853053397, 0.9905736852896454, 1.0109682677454701, -0.10575366508702211, 1.3993250977129157, -0.019544909455420978, 1.0, 16.271541918004004]}, "Single Carriageway": {"mae": 7.1290310375707806, "mse": 77.01579681527484, "best_function": 1, "parameters": [3.0934689707315823, 0.99144916426158225, 1.0111529235923764, -0.46103712878784386, 1.5288731031839959, -0.46638119437712633, 1.0, 25.877040433776031]}, "Dual Carriageway": {"mae": 4.2655081765042038, "mse": 29.620041895233598, "best_function": 2, "parameters": [4.3111402653077686, 6.7406169914491487, -0.070346208816270739, 1.0, 0.13682301862281132, -1.8076802075652001, 7.1038437497711273, -7.013144661699636, 31.48681740410526]}}, "street_tally": [0.0, 2.0, 1.0]}