{"nature_results": {"Single Carriageway": {"mae": 21.472981206609369, "mse": 536.69502902944407, "best_function": 0, "parameters": [1.0, 1.0, 1.0, 1.0, 1.0, 1.0, 1.0]}, "Dual Carriageway": {"mae": 5.523434168948997, "mse": 64.744854505241193, "best_function": 2, "parameters": [0.0049869682263636861, 0.25713374763536256, 0.86473008998504142, 1.0, 0.0019135924241550084, -0.17283008486875806, 1.1829474170107495, -1.5867677550747876, 28.315652961251317]}}, "street_tally": [1.0, 0.0, 1.0]}