{"nature_results": {"Traffic Island Link At Junction": {"mae": 24.200818289716949, "mse": 717.60864309265787, "best_function": 0, "parameters": [1.0, 1.0, 1.0, 1.0, 1.0, 1.0, 1.0]}, "Single Carriageway": {"mae": 8.156145597354918, "mse": 102.14262686807123, "best_function": 2, "parameters": [2.7657684495292072, 5.586088216482537, -2.5298298177168674, 1.0, 0.090223636106655514, -1.2544120242702692, 5.5842481945616047, -7.7670130762852896, 28.540405977114524]}, "Slip Road": {"mae": 5.784893579761496, "mse": 62.408526464396715, "best_function": 0, "parameters": [1.0, 1.0, 1.0, 1.0, 1.0, 1.0, 1.0]}}, "street_tally": [2.0, 0.0, 1.0]}