{"nature_results": {"Traffic Island Link At Junction": {"mae": 7.0762937247199043, "mse": 72.544566430401488, "best_function": 0, "parameters": [1.0, 1.0, 1.0, 1.0, 1.0, 1.0, 1.0]}, "Single Carriageway": {"mae": 7.2602458685302214, "mse": 83.064084132607292, "best_function": 0, "parameters": [-4.0589479206167125, 1.0649020904560891, 1.4918036405726616, 1.0, 1.0461752578610237, 0.62715925177724396, 19.050473220080843]}}, "street_tally": [2.0, 0.0, 0.0]}