{"nature_results": {"Single Carriageway": {"mae": 62.087234291102611, "mse": 33093.009635546689, "best_function": 1, "parameters": [0.72518863233436681, 0.99826367076341604, 0.98787879636313236, 0.64116280805972714, 1.1326863972254597, 1.1645334829419511, 1.0, 17.707685558882091]}}, "street_tally": [0.0, 1.0, 0.0]}