{"nature_results": {"Single Carriageway": {"mae": 3.9451407302299635, "mse": 29.95809834261507, "best_function": 0, "parameters": [1.5233280910695883, 3.138144839199362, 1.6087010037974896, 1.0, 1.4214590397408142, 0.1820726941348676, 26.311867961174062]}, "Dual Carriageway": {"mae": 9.2744609424456446, "mse": 150.87352550836985, "best_function": 1, "parameters": [2.9587637341254105, 0.90826938603435514, 0.87621265162921369, -0.51418830160722573, 1.5685935548119123, 1.8988938352262483, 1.0, 20.019403073164504]}}, "street_tally": [1.0, 1.0, 0.0]}