{"nature_results": {"Single Carriageway": {"mae": 5.0055630619717864, "mse": 46.597956254007393, "best_function": 2, "parameters": [-6.7053341261277204, 1.2773285847760409, 1.3777124871621302, 1.0, 0.083623887057630797, -0.99797064865239471, 2.9491235740163102, 0.048023423646722407, 30.735115498535546]}}, "street_tally": [0.0, 0.0, 1.0]}