{"nature_results": {"Single Carriageway": {"mae": 1.8658571304468643, "mse": 6.9400827106875287, "best_function": 0, "parameters": [-0.80160509941261271, 1.4251559375085239, 1.2945792902578095, 1.0, -0.29876024623699449, 1.0271885820186231, 22.736801104363593]}}, "street_tally": [1.0, 0.0, 0.0]}