{"nature_results": {"Single Carriageway": {"mae": 4.2169504464381262, "mse": 24.181580261205035, "best_function": 1, "parameters": [3.2791647853240784, 1.0978989913905024, 1.062023387620016, -0.58649638111330282, 1.5803035967655688, 2.5705674548887547, 1.0, 9.6342121706288566]}}, "street_tally": [0.0, 1.0, 0.0]}