{"nature_results": {"Traffic Island Link At Junction": {"avg_speed": {"mae": 4.7345028407690668, "mse": 82.949310193308065, "best_function": 2, "parameters": [9.0377933339222256, 7.9853679729516109, 2.8905035336752833, 1.0, -0.0080021010851618612, 0.22572536411474164, -1.6063346394618168, 3.4037795860310109, 11.829321058367654]}}, "Single Carriageway": {"mae": 21.187712792163879, "mse": 535.9601854889595, "best_function": 0, "parameters": [1.0, 1.0, 1.0, 1.0, 1.0, 1.0, 1.0]}}, "street_tally": [1.0, 0.0, 0.0]}