{"nature_results": {"Traffic Island Link At Junction": {"mae": 21.161385625132802, "mse": 488.3852423658148, "best_function": 0, "parameters": [1.0, 1.0, 1.0, 1.0, 1.0, 1.0, 1.0]}, "Single Carriageway": {"mae": 5.6885728576709793, "mse": 66.643190759385703, "best_function": 2, "parameters": [10.895453308949724, 2.0975712518149257, -1.8128274463270073, 1.0, -0.1240508882344169, 1.7417811738507205, -8.2459890722619402, 14.010943007215523, 27.505088336131909]}, "Traffic Island Link": {"mae": 7.5667007963709771, "mse": 95.396588372747786, "best_function": 1, "parameters": [2.1697987332416195, 0.88025054199983876, 0.86219646552041329, 0.014312567416390531, 1.3481185030070733, -4.3852396204115101, 1.0, 29.227045241737379]}}, "street_tally": [1.0, 1.0, 1.0]}