{"nature_results": {"Single Carriageway": {"mae": 24.916583558632347, "mse": 668.7276109528982, "best_function": 0, "parameters": [1.0, 1.0, 1.0, 1.0, 1.0, 1.0, 1.0]}, "Dual Carriageway": {"mae": 13.001065045803745, "mse": 281.6912103104703, "best_function": 2, "parameters": [12.212576950668517, 10.862961271843968, 2.2241499975106311, 1.0, -0.18063510391648707, 1.9264274997687638, -4.7893436976507981, -1.8369329868448547, 25.83505417829755]}, "Traffic Island Link": {"mae": 11.689376562945121, "mse": 194.41968630621008, "best_function": 1, "parameters": [3.0476651540397905, 0.99719833425117332, 0.98789781249597897, -0.43054868247151967, 1.5167072513228996, -1.0343205239115894, 1.0, 19.979084818994288]}}, "street_tally": [1.0, 1.0, 1.0]}