{"nature_results": {"Traffic Island Link At Junction": {"mae": 16.987583345698333, "mse": 336.57113734004196, "best_function": 0, "parameters": [1.0, 1.0, 1.0, 1.0, 1.0, 1.0, 1.0]}, "Single Carriageway": {"mae": 16.314974688592116, "mse": 313.93806995972147, "best_function": 0, "parameters": [1.0, 1.0, 1.0, 1.0, 1.0, 1.0, 1.0]}, "Slip Road": {"mae": 2.4925555722228889, "mse": 14.099757630193489, "best_function": 1, "parameters": [0.0011418143454249297, 1.0013441542812838, 1.0073907800917969, 1.0224510763639236, 0.98810068184995969, -0.16889248661676892, 1.0, 17.725286934459099]}}, "street_tally": [2.0, 1.0, 0.0]}