{"nature_results": {"Traffic Island Link At Junction": {"mae": 15.689721113598399, "mse": 3529.0989475578372, "best_function": 0, "parameters": [5.5583773163076584, 2.4956942550277179, -0.75595385061241216, 1.0, -0.95496670696372954, 1.8189184553676838, 26.537272059438472]}, "Single Carriageway": {"mae": 45.490016333355989, "mse": 279587.54722413927, "best_function": 0, "parameters": [7.9626661007348041, 3.3074486920296393, -1.0243016977930091, 1.0, -0.43637839844460125, 1.5637232418047802, 23.218259449789048]}, "Roundabout": {"mae": 9.3151817455268588, "mse": 3645.3895268231117, "best_function": 0, "parameters": [-2.1797145360891488, 2.8366819255425737, -0.042153380474759805, 1.0, -0.066833295613314858, 0.87447473775244766, 20.674177826871912]}, "Slip Road": {"mae": 5.5430113062634865, "mse": 43.226534043549698, "best_function": 2, "parameters": [-0.67642467025941699, 6.7877449815688706, -0.94112378361714133, 1.0, -0.041124839259147672, 0.25415229807136575, 0.54068632643510006, -2.5314587793826262, 9.1423868670388817]}}, "street_tally": [3.0, 0.0, 1.0]}