{"nature_results": {"Single Carriageway": {"mae": 4.4195399503238706, "mse": 34.294086606741978, "best_function": 0, "parameters": [4.7500754066285023, 6.0152543529502012, 2.6749424800369495, 1.0, 2.1222621477116856, 0.17978635644245966, 19.235404729848817]}}, "street_tally": [1.0, 0.0, 0.0]}