{"nature_results": {"Traffic Island Link At Junction": {"mae": 14.410566533652814, "mse": 245.00583102086239, "best_function": 0, "parameters": [1.0, 1.0, 1.0, 1.0, 1.0, 1.0, 1.0]}, "Single Carriageway": {"mae": 5.4756052748744528, "mse": 58.415432764294067, "best_function": 0, "parameters": [5.179973287692305, 7.8025905370558899, -0.21116024814885148, 1.0, -0.19474649061003824, 1.0813417391561595, 28.802414254072801]}, "Traffic Island Link": {"mae": 9.5620497324795455, "mse": 124.62934904149857, "best_function": 2, "parameters": [15.287020870951592, 6.9368879971952655, 1.0454931737021127, 1.0, 0.078424030693877267, -0.95793106077510792, 4.0628801829505816, -8.7698927634914217, 24.391324165860453]}}, "street_tally": [2.0, 0.0, 1.0]}