{"nature_results": {"Traffic Island Link At Junction": {"mae": 6.5446628394008783, "mse": 67.863037913260982, "best_function": 2, "parameters": [3.5496815441393861, 4.720415850677619, -1.6999824244307526, 1.0, 0.28115511468187893, -3.3408824396689205, 12.339328372585401, -13.937721528243664, 16.220029073910794]}, "Single Carriageway": {"mae": 7.6789120091207899, "mse": 102.07932419136503, "best_function": 2, "parameters": [28.933167187299325, 6.1387424158346837, 1.1356195921075121, 1.0, -0.099087345121988246, 1.095645274194142, -3.7586453567402511, 4.188418420005438, 27.030135553639049]}, "Roundabout": {"mae": 9.1746974491216342, "mse": 187.86327783966897, "best_function": 1, "parameters": [4.7572137013928888, 0.97688354942255062, 0.97792604934000571, -1.2207941548217689, 1.7979663199435094, 3.5252069500287369, 1.0, 17.248000978301533]}, "Slip Road": {"avg_speed": {"mae": 9.1746974491216342, "mse": 187.86327783966897, "best_function": 1, "parameters": [4.7572137013928888, 0.97688354942255062, 0.97792604934000571, -1.2207941548217689, 1.7979663199435094, 3.5252069500287369, 1.0, 17.248000978301533]}}}, "street_tally": [0.0, 1.0, 2.0]}