{"nature_results": {"Single Carriageway": {"mae": 16.704327092549114, "mse": 339.12572797566429, "best_function": 0, "parameters": [1.0, 1.0, 1.0, 1.0, 1.0, 1.0, 1.0]}}, "street_tally": [1.0, 0.0, 0.0]}