{"nature_results": {"Traffic Island Link At Junction": {"mae": 5.6260765370332502, "mse": 52.643410976229461, "best_function": 2, "parameters": [4.6221881203569977, 8.6052063159550656, -0.69498344933200729, 1.0, -0.018010780643210822, 0.18019960087054343, -1.0995702879387408, 3.6272099560451543, 23.066065241823448]}, "Single Carriageway": {"mae": 24.310214180641331, "mse": 665.73287714846651, "best_function": 0, "parameters": [1.0, 1.0, 1.0, 1.0, 1.0, 1.0, 1.0]}, "Dual Carriageway": {"mae": 6.6177018194487998, "mse": 73.814711200980767, "best_function": 1, "parameters": [2.2328999412627653, 0.9494568699831577, 1.0076168319408494, -0.086263375866630021, 1.399376142660709, 1.5623227932186627, 1.0, 27.543137251775924]}, "Roundabout": {"mae": 23.280375826349378, "mse": 847.14542846544691, "best_function": 0, "parameters": [1.0, 1.0, 1.0, 1.0, 1.0, 1.0, 1.0]}}, "street_tally": [2.0, 1.0, 1.0]}