{"nature_results": {"Traffic Island Link At Junction": {"mae": 2.6696730557705863, "mse": 23.37674181027888, "best_function": 2, "parameters": [6.8904190215578724, 5.8561550625272307, 1.1327062128588141, 1.0, 0.017996909661667115, -0.38999596178795004, 2.2339799887140197, -3.6972695029004727, 24.343702034250569]}, "Single Carriageway": {"mae": 12.605063297899282, "mse": 300.02418075032597, "best_function": 1, "parameters": [1.5168527916608676, 0.99277032739907878, 0.98583244463952924, 0.28730264485002521, 1.2569348175622961, 2.3191939404664601, 1.0, 23.360597685306004]}, "Dual Carriageway": {"mae": 17.588338223295636, "mse": 434.79453924600341, "best_function": 0, "parameters": [1.0, 1.0, 1.0, 1.0, 1.0, 1.0, 1.0]}}, "street_tally": [1.0, 1.0, 1.0]}