{"nature_results": {"Single Carriageway": {"mae": 3.3669466945886892, "mse": 20.127069533378478, "best_function": 2, "parameters": [-4.0220917122597379, 0.48612710486807376, 2.4106520013248729, 1.0, -0.15293640678794018, 1.7146098464197279, -5.9748708334622007, 7.4816590323965348, 18.51000334360187]}}, "street_tally": [0.0, 0.0, 1.0]}