{"nature_results": {"Single Carriageway": {"mae": 6.2535438373690564, "mse": 59.366485169194114, "best_function": 2, "parameters": [4.6628523923543401, 5.2222113938704657, 0.18534810239706856, 1.0, 0.02445243738857128, -0.3058927945274954, 0.99013401049829475, 0.065514622880597173, 18.441214328436722]}}, "street_tally": [0.0, 0.0, 1.0]}