{"nature_results": {"Traffic Island Link At Junction": {"mae": 11.764693855781159, "mse": 178.54714815075155, "best_function": 0, "parameters": [1.0, 1.0, 1.0, 1.0, 1.0, 1.0, 1.0]}, "Single Carriageway": {"mae": 5.5477534428809081, "mse": 60.860420757113737, "best_function": 0, "parameters": [-3.6026924291819196, 2.8438947652860964, -0.56155878243266621, 1.0, 0.87691129349377661, 0.39128728542209879, 29.859261330745401]}, "Roundabout": {"mae": 17.611043015657025, "mse": 435.13888401185767, "best_function": 0, "parameters": [1.0, 1.0, 1.0, 1.0, 1.0, 1.0, 1.0]}, "Traffic Island Link": {"mae": 4.0030821424273686, "mse": 24.981178499533922, "best_function": 0, "parameters": [205.22587965492414, 63.812433809384679, 0.58953092652169858, 1.0, 1.1435230131175886, 0.32598775885211273, 31.924947803597131]}}, "street_tally": [4.0, 0.0, 0.0]}