{"nature_results": {"Traffic Island Link At Junction": {"mae": 6.3023619603121341, "mse": 75.549430808244949, "best_function": 2, "parameters": [13.147523068810763, 10.258936436000287, 1.0105954779410211, 1.0, 0.0055153424905818316, -0.036831279937850292, -0.59019261871572981, 3.8803259626418951, 19.3705628260597]}, "Single Carriageway": {"mae": 6.6587495391860454, "mse": 76.705210796947156, "best_function": 2, "parameters": [3.4069939827129794, 3.2052265998635119, 0.58619491197503049, 1.0, 0.031438923524908957, -0.31649122313356881, 0.2589680227927319, 3.0983835118536698, 25.187661124803139]}, "Dual Carriageway": {"mae": 7.6971436616616291, "mse": 89.265712592657138, "best_function": 2, "parameters": [2.7248830076851833, 9.6602315821481142, 1.0999609239674375, 1.0, 0.11874631425341253, -1.4259923210987195, 4.9410498398375644, -3.8375110282851503, 19.344233237892105]}, "Traffic Island Link": {"mae": 13.160283500108557, "mse": 243.56016364390123, "best_function": 1, "parameters": [1.468478483114396, 1.005491521468908, 0.98181315277509318, 0.27663361389493579, 1.2671482241941872, -1.091233137924251, 1.0, 31.820629796429877]}}, "street_tally": [0.0, 1.0, 3.0]}