{"nature_results": {"Single Carriageway": {"mae": 9.153864325096448, "mse": 120.97622446585936, "best_function": 0, "parameters": [1.0, 1.0, 1.0, 1.0, 1.0, 1.0, 1.0]}}, "street_tally": [1.0, 0.0, 0.0]}