{"nature_results": {"Traffic Island Link At Junction": {"mae": 5.8660657471662425, "mse": 55.915906203072907, "best_function": 0, "parameters": [14.573618067260469, 19.578359961811, -0.049946436503788938, 1.0, 0.43800691320204166, 0.68532613629328543, 26.496418296308725]}, "Single Carriageway": {"mae": 8.1551486003483777, "mse": 113.34501759423591, "best_function": 2, "parameters": [6.8587423446233817, 6.2823439157818264, -1.188975472715303, 1.0, 0.024459337264991499, -0.13131385786802574, -0.30286460165473428, 1.1077821138513404, 28.104828577918841]}, "Slip Road": {"mae": 7.0834854404009393, "mse": 65.707052452448579, "best_function": 0, "parameters": [1.3391829094366963, 4.9253894354529697, -2.3418359494078782, 1.0, 1.7117350505485569, 0.016966366257864629, 10.847380307134802]}, "Roundabout": {"mae": 9.5557985102241272, "mse": 127.09346985338198, "best_function": 2, "parameters": [33.05068295478894, 12.656148371957425, 7.5212541779179913, 1.0, -0.64807489901272697, 7.0061617394636357, -22.591733674801691, 22.194920804829124, 26.320210771649613]}, "Traffic Island Link": {"mae": 13.131146377876501, "mse": 256.34185309172238, "best_function": 0, "parameters": [1.0, 1.0, 1.0, 1.0, 1.0, 1.0, 1.0]}}, "street_tally": [3.0, 0.0, 2.0]}