{"nature_results": {"Single Carriageway": {"mae": 7.1569845780952859, "mse": 90.845376329139569, "best_function": 2, "parameters": [1.7054831841537281, 1.4846119572084664, 0.2585245922410162, 1.0, 0.027490887918001583, -0.2605352669765566, 0.5385374832055847, 0.63749793565991331, 20.082828706718281]}, "Dual Carriageway": {"mae": 15.649504384286015, "mse": 566.84360561827441, "best_function": 1, "parameters": [1.3618228014542091, 1.0024463234478351, 1.001788868457504, 0.33556649864534627, 1.2439128895146347, -0.59118501961460157, 1.0, 28.617973042833306]}, "Slip Road": {"mae": 16.832706662788485, "mse": 605.33350028569282, "best_function": 1, "parameters": [0.097361520349547481, 1.0234686976247815, 1.0413820871906141, 0.9298338255849411, 1.0300660151910328, -0.84478367018064704, 1.0, 15.745285884719419]}}, "street_tally": [0.0, 2.0, 1.0]}