{"nature_results": {"Single Carriageway": {"mae": 19.87182361451633, "mse": 420.88869979210227, "best_function": 0, "parameters": [1.0, 1.0, 1.0, 1.0, 1.0, 1.0, 1.0]}}, "street_tally": [1.0, 0.0, 0.0]}