{"nature_results": {"Traffic Island Link At Junction": {"mae": 11.471245672668877, "mse": 229.30030907404901, "best_function": 0, "parameters": [1.0, 1.0, 1.0, 1.0, 1.0, 1.0, 1.0]}, "Single Carriageway": {"mae": 4.8764628009887208, "mse": 40.540036813137505, "best_function": 2, "parameters": [63.600136828718782, 48.40554356976876, 5.9585907082195035, 1.0, 0.046064433115169723, -0.42738877364451655, 0.17958353038016228, 4.7669488297353482, 16.287210037269755]}}, "street_tally": [1.0, 0.0, 1.0]}