{"nature_results": {"Single Carriageway": {"mae": 2.8273624482883983, "mse": 14.36914692539815, "best_function": 2, "parameters": [0.9687181642508621, 8.1231852403873752, 1.7901623041062065, 1.0, 0.078831383892732587, -0.90177401838935922, 2.7894796811422151, -0.77424565767286047, 20.097512072459136]}}, "street_tally": [0.0, 0.0, 1.0]}