{"nature_results": {"Single Carriageway": {"mae": 6.7193849660644469, "mse": 98.969321339249717, "best_function": 1, "parameters": [1.7568408335757644, 1.001488014975501, 1.0229507192795833, 0.092834318537468929, 1.3438748363168906, 3.7878681018032707, 1.0, 2.9977603903054972]}}, "street_tally": [0.0, 1.0, 0.0]}