{"nature_results": {"Single Carriageway": {"mae": 5.4020593036895699, "mse": 50.910720239443805, "best_function": 2, "parameters": [-6.3667581965651019, 0.54535902138871384, -0.036592360782378375, 1.0, -0.10487005274785921, 1.1363034384963588, -3.3073435287485147, 1.9567553899136398, 37.384031663815001]}}, "street_tally": [0.0, 0.0, 1.0]}