{"nature_results": {"Single Carriageway": {"mae": 19.742620362211721, "mse": 495.79575638677574, "best_function": 0, "parameters": [1.0, 1.0, 1.0, 1.0, 1.0, 1.0, 1.0]}}, "street_tally": [1.0, 0.0, 0.0]}