{"nature_results": {"Single Carriageway": {"mae": 13.691027949189007, "mse": 236.99634592867699, "best_function": 0, "parameters": [1.0, 1.0, 1.0, 1.0, 1.0, 1.0, 1.0]}, "Traffic Island Link": {"mae": 9.2801756038438015, "mse": 135.77699191683104, "best_function": 1, "parameters": [3.6978361098121146, 0.94299122648733247, 0.95467374126216953, -0.71962999748771983, 1.6175135534066976, -3.3955100427443083, 1.0, 15.681847896225388]}}, "street_tally": [1.0, 1.0, 0.0]}