{"nature_results": {"Single Carriageway": {"mae": 5.6293941973114734, "mse": 51.976215369108814, "best_function": 2, "parameters": [0.99194220192829363, 2.8266778396113703, 0.84042266428383028, 1.0, -0.018596191468150503, 0.20187101249154371, -1.0021386259161082, 2.8056477171932404, 18.663582403296132]}}, "street_tally": [0.0, 0.0, 1.0]}