{"nature_results": {"Single Carriageway": {"mae": 6.8838392226244149, "mse": 54.011187419331854, "best_function": 0, "parameters": [1.0, 1.0, 1.0, 1.0, 1.0, 1.0, 1.0]}}, "street_tally": [1.0, 0.0, 0.0]}