{"nature_results": {"Traffic Island Link At Junction": {"mae": 11.990728073157628, "mse": 214.21469884067375, "best_function": 2, "parameters": [0.76011502338796932, 7.4438765359543035, -0.15145660614686163, 1.0, 0.081866845164104807, -1.0392601005541322, 3.6059271220554741, -2.2363938919659128, 26.742563043693796]}, "Single Carriageway": {"mae": 7.5623604359201275, "mse": 113.77475760876389, "best_function": 2, "parameters": [-3.9326200236591413, 5.3561812457741214, -1.5094834386351366, 1.0, -0.041529772262946851, 0.32048416384826883, -0.97153260670728891, 2.3091654010899765, 39.713918537382177]}, "Traffic Island Link": {"mae": 35.80389088506697, "mse": 1441.9701703468086, "best_function": 0, "parameters": [1.0, 1.0, 1.0, 1.0, 1.0, 1.0, 1.0]}}, "street_tally": [1.0, 0.0, 2.0]}