{"nature_results": {"Single Carriageway": {"mae": 4.7914447974249947, "mse": 36.122822559228375, "best_function": 2, "parameters": [181.74793134958512, 87.182309817007479, -3.2460879194404031, 1.0, -0.14067312990889902, 1.6654878903880102, -6.615865057524756, 10.123933203615332, 15.776726001159892]}, "Slip Road": {"mae": 24.712259944710102, "mse": 766.22299153307165, "best_function": 0, "parameters": [1.0, 1.0, 1.0, 1.0, 1.0, 1.0, 1.0]}}, "street_tally": [1.0, 0.0, 1.0]}