{"nature_results": {"Traffic Island Link At Junction": {"mae": 3.1938364061237059, "mse": 18.064639687425633, "best_function": 1, "parameters": [2.4299539450391778, -0.068232169331778891, 0.43039880172662659, -0.19310575653237283, 1.4402215089889165, 0.80993975625375403, 1.0, 13.639145218969064]}, "Single Carriageway": {"mae": 14.895487648919115, "mse": 301.58583862212282, "best_function": 0, "parameters": [-1.0530205567013931, 2.803321295831851, 1.4412478757207525, 1.0, -1.3448426931005089, 1.5589567729502387, 30.066500966595257]}, "Traffic Island Link": {"mae": 19.38808290517154, "mse": 462.75284972511889, "best_function": 0, "parameters": [1.0, 1.0, 1.0, 1.0, 1.0, 1.0, 1.0]}}, "street_tally": [2.0, 1.0, 0.0]}