{"nature_results": {"Traffic Island Link At Junction": {"mae": 5.1048357170081076, "mse": 44.825795199298895, "best_function": 1, "parameters": [3.2177702305793034, 0.99162896862131633, 0.96563373871775771, -0.64265398490887904, 1.616124663804354, 0.63637211265113991, 1.0, 30.542487517207547]}, "Single Carriageway": {"mae": 24.306229880556629, "mse": 655.07036117009011, "best_function": 0, "parameters": [1.0, 1.0, 1.0, 1.0, 1.0, 1.0, 1.0]}, "Dual Carriageway": {"mae": 11.993356701144503, "mse": 182.29024237800027, "best_function": 1, "parameters": [1.6979429694596009, 1.0585440958142733, 1.0351141283115259, 0.16817454725927117, 1.3050791311099297, 2.996447887704079, 1.0, 31.252878302578804]}, "Roundabout": {"mae": 28.155399030263776, "mse": 970.67224950329842, "best_function": 0, "parameters": [1.0, 1.0, 1.0, 1.0, 1.0, 1.0, 1.0]}}, "street_tally": [2.0, 2.0, 0.0]}