{"nature_results": {"Single Carriageway": {"mae": 3.9274859933666622, "mse": 32.937422529168579, "best_function": 2, "parameters": [0.21233579822416992, 3.0819887815039313, -1.8980783050359586, 1.0, -0.077604561300168129, 1.0623791005027432, -5.0620731045886691, 9.2987922454523844, 26.77464263166339]}, "Dual Carriageway": {"mae": 22.670745565196079, "mse": 624.24825022420453, "best_function": 0, "parameters": [1.0, 1.0, 1.0, 1.0, 1.0, 1.0, 1.0]}}, "street_tally": [1.0, 0.0, 1.0]}