{"nature_results": {"Traffic Island Link At Junction": {"mae": 4.2217125137365672, "mse": 29.4726914098948, "best_function": 2, "parameters": [1.73633505372137, 8.4422359959837401, -2.1238786745725822, 1.0, -0.089731053463743216, 1.0928544075634647, -4.3932394494315155, 5.6658382890675387, 29.905987795341552]}, "Single Carriageway": {"mae": 4.9148085794600229, "mse": 39.388796008557101, "best_function": 2, "parameters": [-1.2463760313418826, 6.7633517710804085, -3.0899405903994577, 1.0, 0.011501481230477117, -0.10313663979560084, -0.19991531661467921, 1.5355742638836385, 38.079429399755405]}, "Dual Carriageway": {"mae": 5.9205169377288369, "mse": 54.756676409015732, "best_function": 2, "parameters": [-0.84546527681333727, 6.0291916467606752, -2.0101335445369006, 1.0, 0.005556127463328453, -0.028822391422381965, -0.34657640521331778, 1.2679675555165253, 35.490869253607322]}, "Roundabout": {"mae": 8.4424719786102695, "mse": 123.71253222676391, "best_function": 2, "parameters": [0.7116707626127261, 11.31921241361027, -1.5805662486915684, 1.0, -0.087462755683848981, 1.1077631498157436, -4.649277807610309, 6.0111620792552944, 30.526868694165586]}}, "street_tally": [0.0, 0.0, 4.0]}