{"nature_results": {"Single Carriageway": {"mae": 6.6654580623234843, "mse": 88.640328324831003, "best_function": 2, "parameters": [-6.7454186273852974, 9.6836762464720518, -0.22899730715503686, 1.0, -0.11335701433891288, 1.5186335702721436, -6.2539869324550832, 7.5774508554854005, 21.993280509548413]}}, "street_tally": [0.0, 0.0, 1.0]}