{"nature_results": {"Traffic Island Link At Junction": {"mae": 7.7902008531828342, "mse": 82.804081000396536, "best_function": 2, "parameters": [4.0634645851007729, 5.2011282703553459, -0.49635414158677316, 1.0, 0.058024880034964754, -0.8544083439447443, 3.7228081458120008, -5.3923470837101837, 18.723289417961237]}, "Single Carriageway": {"mae": 22.223506443094582, "mse": 558.32392278361135, "best_function": 0, "parameters": [1.0, 1.0, 1.0, 1.0, 1.0, 1.0, 1.0]}, "Traffic Island Link": {"mae": 25.715534665354035, "mse": 761.31136901548916, "best_function": 0, "parameters": [1.0, 1.0, 1.0, 1.0, 1.0, 1.0, 1.0]}}, "street_tally": [2.0, 0.0, 1.0]}