{"nature_results": {"Single Carriageway": {"mae": 30.492231711915231, "mse": 957.74218952961996, "best_function": 0, "parameters": [1.0, 1.0, 1.0, 1.0, 1.0, 1.0, 1.0]}, "Roundabout": {"mae": 6.2159689488309464, "mse": 73.932949581215979, "best_function": 2, "parameters": [21.011353698161926, 19.339904818209451, 1.1550441073471451, 1.0, -0.014064790544389583, 0.64833326855659001, -4.3896784867987559, 6.0727710069990186, 35.058863134252988]}, "Dual Carriageway": {"mae": 4.6659687552089038, "mse": 36.175696383240265, "best_function": 2, "parameters": [8.0136003364336919, 7.5757914541739551, 0.70340399589194069, 1.0, -0.080488391475483256, 1.1384139845146293, -4.8987762360983993, 5.7063523741639353, 32.215028580273454]}, "Traffic Island Link": {"mae": 31.575452087915849, "mse": 1026.3545938765783, "best_function": 0, "parameters": [1.0, 1.0, 1.0, 1.0, 1.0, 1.0, 1.0]}}, "street_tally": [2.0, 0.0, 2.0]}