{"nature_results": {"Traffic Island Link At Junction": {"mae": 3.8831223477289316, "mse": 27.129520109896365, "best_function": 2, "parameters": [78.927722502296618, 41.067573299008174, 0.83698864359317038, 1.0, -0.12966086640995766, 1.9157972874771549, -8.7712320165501065, 11.714548812586793, 19.697119000367458]}, "Single Carriageway": {"mae": 5.7299482583056944, "mse": 63.710755564434535, "best_function": 2, "parameters": [30.463717386617294, 14.004243408142875, 1.9314006277125988, 1.0, -0.46347178819527168, 5.9362959114645895, -22.753912054512799, 23.426173769640904, 26.067468476449186]}, "Roundabout": {"mae": 9.6191303198190994, "mse": 155.75740842148889, "best_function": 2, "parameters": [219.06188969882231, 99.402365310857789, 5.0772122547028244, 1.0, -1.4344532906758474, 18.262611765733858, -70.759931807096649, 77.600463609705102, 19.108516442850263]}}, "street_tally": [0.0, 0.0, 3.0]}