{"nature_results": {"Single Carriageway": {"mae": 6.7839180073103416, "mse": 83.189081929781707, "best_function": 0, "parameters": [1.3713035574834134, 12.300252147616902, -0.409487331188916, 1.0, 1.6089317373394856, 0.19689335620368165, 27.049101483224728]}, "Slip Road": {"mae": 2.9384500246237351, "mse": 17.388951445803034, "best_function": 0, "parameters": [1.0, 1.0, 1.0, 1.0, 1.0, 1.0, 1.0]}, "Traffic Island Link": {"mae": 8.7141368623151223, "mse": 125.10851818263019, "best_function": 2, "parameters": [-11.923994096347293, 6.9580061856421764, -1.7780197041059989, 1.0, -0.47213239999852608, 5.565179525770577, -20.170858001678564, 22.014306240687503, 18.964084359768947]}}, "street_tally": [2.0, 0.0, 1.0]}