{"nature_results": {"Single Carriageway": {"mae": 3.8948465881544192, "mse": 24.992221338942795, "best_function": 1, "parameters": [2.786600930603063, 0.99190825501247049, 0.98743475426049476, -0.39911738971352984, 1.5218279341248251, 2.4565909437440254, 1.0, 23.556265829043046]}}, "street_tally": [0.0, 1.0, 0.0]}