{"nature_results": {"Single Carriageway": {"mae": 18.194110094374103, "mse": 403.05240437644352, "best_function": 0, "parameters": [1.0, 1.0, 1.0, 1.0, 1.0, 1.0, 1.0]}, "Roundabout": {"mae": 6.0794011344091805, "mse": 69.036910604127513, "best_function": 2, "parameters": [-0.75142321302953441, 5.2737302336699452, -1.5989653698982953, 1.0, -0.031062963141744948, 0.33408875650554337, -1.1716962138468343, 1.6747829117943471, 23.051350559320955]}, "Dual Carriageway": {"mae": 11.035510036585251, "mse": 193.46749060008108, "best_function": 2, "parameters": [-9.467729552986988, 1.1240124283213335, -0.98492316625030907, 1.0, -0.11941340010816326, 1.4496095097690209, -5.7092892671862732, 7.6881099020288275, 39.123206452612592]}, "Slip Road": {"mae": 30.441603364054448, "mse": 105044.66385548726, "best_function": 1, "parameters": [0.0044037715699930535, 0.99302161620035734, 1.0093310347066817, 0.92611208380533594, 1.0398388384497681, -3.8368795524560353, 1.0, 25.176033381004888]}}, "street_tally": [1.0, 1.0, 2.0]}