{"nature_results": {"Traffic Island Link At Junction": {"mae": 17.252534734105691, "mse": 327.44406315261637, "best_function": 0, "parameters": [1.0, 1.0, 1.0, 1.0, 1.0, 1.0, 1.0]}, "Single Carriageway": {"mae": 4.8387178395556676, "mse": 39.35483926404153, "best_function": 2, "parameters": [-3.6845928285723337, 1.2499897683250425, 0.8647991428109596, 1.0, -0.06004472160099783, 0.55612854271321388, -1.4468363805917912, 1.7065900172177777, 28.607996272447473]}, "Traffic Island Link": {"mae": 31.516379246652324, "mse": 1050.4856955061639, "best_function": 0, "parameters": [1.0, 1.0, 1.0, 1.0, 1.0, 1.0, 1.0]}}, "street_tally": [2.0, 0.0, 1.0]}