{"nature_results": {"Traffic Island Link At Junction": {"mae": 6.1653530804976988, "mse": 59.497575768667723, "best_function": 2, "parameters": [-0.42797775291562523, 0.19416023572544672, 0.6849364085996652, 1.0, -0.056271434485178906, 0.52242156264692585, -1.3546840151066877, 1.5999393871816392, 16.384362646023888]}, "Single Carriageway": {"mae": 26.21285639736816, "mse": 767.30183124651921, "best_function": 0, "parameters": [1.0, 1.0, 1.0, 1.0, 1.0, 1.0, 1.0]}, "Dual Carriageway": {"mae": 2.8115170451274598, "mse": 15.536553402902101, "best_function": 2, "parameters": [3.4550603036606571, 2.7850599502705657, 2.5849898075350004, 1.0, -0.012988986564488547, 0.068923573179166087, -0.19962889610662637, 1.5606113049831019, 20.544303563682988]}, "Slip Road": {"mae": 12.236773696157993, "mse": 169.49315799726719, "best_function": 0, "parameters": [1.0, 1.0, 1.0, 1.0, 1.0, 1.0, 1.0]}}, "street_tally": [2.0, 0.0, 2.0]}