{"nature_results": {"Traffic Island Link At Junction": {"mae": 15.234738489695522, "mse": 274.72317305850243, "best_function": 0, "parameters": [1.0, 1.0, 1.0, 1.0, 1.0, 1.0, 1.0]}, "Single Carriageway": {"mae": 12.582722648665996, "mse": 276.33101066209542, "best_function": 1, "parameters": [1.5194826007106261, 0.99672342125996949, 1.0016890279212132, 0.29016105744397125, 1.2553748449719355, 0.31295209774848143, 1.0, 23.151198755159427]}, "Dual Carriageway": {"mae": 6.861635643867384, "mse": 80.148145461427021, "best_function": 2, "parameters": [-0.092584473580113791, 4.6148050656303958, 2.1105241248339199, 1.0, 0.13434612136145729, -1.7206574863508779, 6.4006793122589931, -5.6223640339194425, 20.104057699788036]}, "Traffic Island Link": {"mae": 7.5701427396356173, "mse": 92.606805976937721, "best_function": 1, "parameters": [3.6549087483047353, 0.99351430790531181, 0.99757655186231542, -0.74020336560722289, 1.6323217984762584, 0.98633705630892532, 1.0, 20.970470795853831]}}, "street_tally": [1.0, 2.0, 1.0]}