{"nature_results": {"Single Carriageway": {"mae": 25.403412014794238, "mse": 712.59195440425765, "best_function": 0, "parameters": [1.0, 1.0, 1.0, 1.0, 1.0, 1.0, 1.0]}}, "street_tally": [1.0, 0.0, 0.0]}