{"nature_results": {"Traffic Island Link At Junction": {"mae": 6.0689520161070423, "mse": 56.172299859722877, "best_function": 0, "parameters": [-1.9296213678954861, 0.65121772134809452, 0.31286612499664468, 1.0, 1.7357233638109464, 0.09716013463883344, 18.492975797355342]}, "Single Carriageway": {"mae": 5.6274457994269849, "mse": 50.823007488379517, "best_function": 2, "parameters": [1.0295160405892902, 0.6928019299095346, 1.481489730976995, 1.0, -0.083540925347330486, 0.94934594809605777, -3.6157502125880319, 5.4984778028325847, 22.827636258934508]}, "Dual Carriageway": {"mae": 14.355456790004219, "mse": 350.31467273133251, "best_function": 1, "parameters": [1.4921698436957316, 1.873775683019903, 1.4671636967789192, 0.30174011228678355, 1.2511042023206513, -0.56525641709322616, 1.0, 21.581654452468861]}, "Roundabout": {"mae": 10.020810469273012, "mse": 141.91195948533783, "best_function": 0, "parameters": [-6.7150201806142231, 17.683015256786337, 0.067730471305348816, 1.0, -0.26938821451015826, 1.1023073733326143, 30.479084490180021]}}, "street_tally": [2.0, 1.0, 1.0]}