{"nature_results": {"Single Carriageway": {"mae": 26.138812452935291, "mse": 728.85299925726986, "best_function": 0, "parameters": [1.0, 1.0, 1.0, 1.0, 1.0, 1.0, 1.0]}, "Dual Carriageway": {"mae": 7.9297672840061493, "mse": 101.8611601948686, "best_function": 2, "parameters": [7.8213087291856445, 5.1022138158215737, -0.78077641020199051, 1.0, -0.12440403151192836, 1.4762837736176833, -5.6799376376568667, 8.691112569703062, 24.711656945079511]}, "Slip Road": {"mae": 5.9000045813081119, "mse": 53.881847853973369, "best_function": 2, "parameters": [-2.3685320013927105, 8.4661153225291148, -1.1150495662204953, 1.0, -0.11997404281000534, 1.4005351053263815, -4.9729207577871062, 6.2753557461816714, 5.703675070784894]}}, "street_tally": [1.0, 0.0, 2.0]}