{"nature_results": {"Traffic Island Link At Junction": {"mae": 6.6232834253287844, "mse": 77.70507591796256, "best_function": 2, "parameters": [-1.8140497861037428, 1.8852184780799179, -0.71009371998293935, 1.0, -0.032779277997077694, 0.28900646423650622, -1.0993648357528349, 3.080699881525037, 25.643709208835698]}, "Single Carriageway": {"mae": 5.3411885358626501, "mse": 54.62078322821003, "best_function": 2, "parameters": [-3.7929451997286812, 3.2169072087492094, -1.2504140231834762, 1.0, -0.064438178519978129, 0.66645069962798864, -2.4102323402421044, 3.836577410979344, 29.652136668858237]}, "Dual Carriageway": {"mae": 7.7246371130184057, "mse": 95.223116058625678, "best_function": 2, "parameters": [-7.2507172827094859, 0.61132366294989782, 0.47241232128930122, 1.0, -0.013073929123073036, 0.0078529135718492515, 0.71878504105461327, -2.3386009251377136, 24.681134453376576]}, "Traffic Island Link": {"mae": 6.3397014060385413, "mse": 78.07202719923373, "best_function": 2, "parameters": [-4.1198057801514194, 3.8487156495904844, -1.8209350751732307, 1.0, -0.062133457179353924, 0.62501790009607927, -2.3410087134388915, 4.4912106173242385, 31.216709811591063]}}, "street_tally": [0.0, 0.0, 4.0]}