{"nature_results": {"Single Carriageway": {"mae": 9.7993392210108787, "mse": 145.23371518297188, "best_function": 1, "parameters": [2.2567087990891519, 0.99909408301767366, 0.98471349752577253, -0.024327001191839503, 1.3627503810938424, -3.5113204640748013, 1.0, 19.079255136533078]}}, "street_tally": [0.0, 1.0, 0.0]}