{"nature_results": {"Traffic Island Link At Junction": {"mae": 8.4319439930769828, "mse": 115.58253165420174, "best_function": 0, "parameters": [1.0, 1.0, 1.0, 1.0, 1.0, 1.0, 1.0]}, "Single Carriageway": {"mae": 5.9633674496904074, "mse": 61.99355501459717, "best_function": 2, "parameters": [28.019428382075137, 14.841657628354975, 3.6280565039023225, 1.0, 0.11137755042477349, -1.3940797147544473, 5.1204775552222941, -4.4004502121450155, 17.936116781444614]}}, "street_tally": [1.0, 0.0, 1.0]}