{"nature_results": {"Single Carriageway": {"mae": 24.836215257871135, "mse": 664.63782720394522, "best_function": 0, "parameters": [1.0, 1.0, 1.0, 1.0, 1.0, 1.0, 1.0]}}, "street_tally": [1.0, 0.0, 0.0]}