{"nature_results": {"Traffic Island Link At Junction": {"mae": 19.330086132784221, "mse": 444.74420013677747, "best_function": 0, "parameters": [1.0, 1.0, 1.0, 1.0, 1.0, 1.0, 1.0]}, "Single Carriageway": {"mae": 7.8343599361039065, "mse": 504.35031489458731, "best_function": 0, "parameters": [6.2121226674550503, 6.2603879880384872, -0.51873033997269702, 1.0, 0.3654591554917217, 0.94707299226234554, 34.81304450327729]}, "Traffic Island Link": {"mae": 4.0215377977194633, "mse": 27.344595544101566, "best_function": 2, "parameters": [49.636291935694196, 23.194773277965705, -0.83952736659956084, 1.0, 0.14733317952260461, -1.4131644124994502, 3.4901011767993544, -0.88226443408110389, 18.312671182590069]}}, "street_tally": [2.0, 0.0, 1.0]}