{"nature_results": {"Single Carriageway": {"mae": 15.222762577065444, "mse": 342.64409544189624, "best_function": 0, "parameters": [1.0, 1.0, 1.0, 1.0, 1.0, 1.0, 1.0]}}, "street_tally": [1.0, 0.0, 0.0]}