{"nature_results": {"Single Carriageway": {"mae": 29.134283127170548, "mse": 908.9912270792853, "best_function": 0, "parameters": [1.0, 1.0, 1.0, 1.0, 1.0, 1.0, 1.0]}, "Roundabout": {"mae": 29.906246930154357, "mse": 1043.7225572564585, "best_function": 0, "parameters": [1.0, 1.0, 1.0, 1.0, 1.0, 1.0, 1.0]}, "Dual Carriageway": {"mae": 27.553974461646529, "mse": 803.32585965565545, "best_function": 0, "parameters": [1.0, 1.0, 1.0, 1.0, 1.0, 1.0, 1.0]}, "Traffic Island Link": {"mae": 15.150879115771597, "mse": 304.18864901287412, "best_function": 2, "parameters": [26.530104142371453, 4.5682172949778863, -5.6023998380242084, 1.0, 0.071451243902832862, -1.3712729766747329, 6.9948713057692915, -11.492660282705309, 44.266546956849027]}}, "street_tally": [3.0, 0.0, 1.0]}