{"nature_results": {"Single Carriageway": {"mae": 3.9829736864976484, "mse": 27.020970736778075, "best_function": 2, "parameters": [3.5941720398938548, 2.2474276175757497, 1.4764095861779607, 1.0, 0.013934392561036457, -0.16251167412814538, 0.18392837705890175, 1.3103149328709367, 26.286410398560243]}}, "street_tally": [0.0, 0.0, 1.0]}