{"nature_results": {"Single Carriageway": {"mae": 3.8021282779176797, "mse": 24.359663686330919, "best_function": 2, "parameters": [8.373122275006871, 11.593878997212816, 2.2608348649823258, 1.0, 0.10647834733627137, -1.1936522051828566, 3.6153364933018799, -1.9051439991166368, 31.41476157859552]}}, "street_tally": [0.0, 0.0, 1.0]}