{"nature_results": {"Single Carriageway": {"mae": 18.599897037329125, "mse": 440.39232783813799, "best_function": 1, "parameters": [17.667934869756078, 1.5031097671218698, 1.2632166660395734, -8.9393076627158159, 4.9047242252511838, -5.9712029288289319, 1.0, 20.602112345819574]}, "Traffic Island Link": {"mae": 36.505735444254213, "mse": 1383.074590388786, "best_function": 0, "parameters": [1.0, 1.0, 1.0, 1.0, 1.0, 1.0, 1.0]}}, "street_tally": [1.0, 1.0, 0.0]}