{"nature_results": {"Single Carriageway": {"mae": 13.561877637557346, "mse": 309.60995947848403, "best_function": 0, "parameters": [1.0, 1.0, 1.0, 1.0, 1.0, 1.0, 1.0]}}, "street_tally": [1.0, 0.0, 0.0]}