{"nature_results": {"Single Carriageway": {"mae": 4.3639054249604943, "mse": 30.427941597483912, "best_function": 2, "parameters": [8.799326178776294, 4.5716958000783414, 0.6720922347721987, 1.0, -0.01807594672763857, 0.062583181754783723, 0.41730760694890257, -1.5039019273470982, 26.896251578203554]}}, "street_tally": [0.0, 0.0, 1.0]}