{"nature_results": {"Single Carriageway": {"mae": 7.8529639437107219, "mse": 99.974806603185741, "best_function": 1, "parameters": [1.9995841732275266, 0.73871527837675188, 0.83067919647837674, 0.05934143373715417, 1.3383538883549466, 0.627979604025519, 1.0, 20.199915710158312]}}, "street_tally": [0.0, 1.0, 0.0]}