{"nature_results": {"Single Carriageway": {"mae": 18.7834058257835, "mse": 416.00299595170168, "best_function": 0, "parameters": [1.0, 1.0, 1.0, 1.0, 1.0, 1.0, 1.0]}, "Dual Carriageway": {"mae": 8.4179374368063495, "mse": 107.81276205178393, "best_function": 0, "parameters": [7.9290805838475835, 5.4772017380853422, -0.78057429389649191, 1.0, 0.43723033279791712, 0.71086772375048901, 22.731752112338711]}, "Slip Road": {"mae": 21.390572855964219, "mse": 485.77528619999271, "best_function": 0, "parameters": [1.0, 1.0, 1.0, 1.0, 1.0, 1.0, 1.0]}}, "street_tally": [3.0, 0.0, 0.0]}