{"nature_results": {"Dual Carriageway": {"mae": 7.9062465137185569, "mse": 120.11276979273563, "best_function": 2, "parameters": [2.4603922871590127, 2.4227132058826046, 1.2011131230738719, 1.0, -0.19014046065298129, 2.1095393069491895, -6.3464033300981129, 3.6748279434344964, 34.078550214595431]}}, "street_tally": [0.0, 0.0, 1.0]}