{"nature_results": {"Single Carriageway": {"mae": 3.6305951852397875, "mse": 22.302337466092535, "best_function": 2, "parameters": [-0.84789004817691582, 1.5846070790073361, 1.3856833261232697, 1.0, -0.29636577576198153, 3.4469820423121127, -12.191201461215243, 13.191758279375678, 25.810252931497175]}}, "street_tally": [0.0, 0.0, 1.0]}