{"nature_results": {"Single Carriageway": {"mae": 15.969381357755033, "mse": 314.94849707488265, "best_function": 0, "parameters": [1.0, 1.0, 1.0, 1.0, 1.0, 1.0, 1.0]}, "Dual Carriageway": {"mae": 7.985679632640986, "mse": 88.647686681407706, "best_function": 1, "parameters": [5.7440717473621321, 0.82582792952945805, 0.89561551699959152, -1.6860979374563487, 1.9663795393190378, 4.9036963921782348, 1.0, 8.9464614500317055]}, "Slip Road": {"mae": 8.8111512995820984, "mse": 185.19469652233141, "best_function": 0, "parameters": [1.0, 1.0, 1.0, 1.0, 1.0, 1.0, 1.0]}}, "street_tally": [2.0, 1.0, 0.0]}