{"nature_results": {"Single Carriageway": {"avg_speed": {"mae": 14.138129199747645, "mse": 246.42982513354602, "best_function": 0, "parameters": [1.0, 1.0, 1.0, 1.0, 1.0, 1.0, 1.0]}}, "Dual Carriageway": {"mae": 4.3788746753543935, "mse": 37.271631268100116, "best_function": 2, "parameters": [17.096618471970437, 8.5155258896955246, -0.14954311206878868, 1.0, 0.078902643883053125, -0.87270158027517786, 2.8623664177090111, -2.7335026629967354, 29.97492091953319]}}, "street_tally": [0.0, 0.0, 1.0]}