{"nature_results": {"Traffic Island Link At Junction": {"mae": 6.3537249541357808, "mse": 64.062847067632347, "best_function": 2, "parameters": [-4.4529804361436973, 2.2154885331966665, -1.1340400769814702, 1.0, -0.11880750603384027, 1.5343940132218501, -6.4549058456173976, 9.1279576426301006, 17.475762324419605]}, "Single Carriageway": {"mae": 25.332007995420888, "mse": 729.36650991329759, "best_function": 0, "parameters": [1.0, 1.0, 1.0, 1.0, 1.0, 1.0, 1.0]}, "Traffic Island Link": {"mae": 12.762302762541998, "mse": 234.76939739047282, "best_function": 0, "parameters": [1.0, 1.0, 1.0, 1.0, 1.0, 1.0, 1.0]}}, "street_tally": [2.0, 0.0, 1.0]}