{"nature_results": {"Single Carriageway": {"mae": 4.1932608151870783, "mse": 32.132599243736422, "best_function": 2, "parameters": [80.117730362581682, 43.413383178231541, 2.0964274344020888, 1.0, -0.0039871186815561011, -0.19818935530543103, 2.5659900926208259, -8.9877297073163529, 25.414186021042546]}}, "street_tally": [0.0, 0.0, 1.0]}