{"nature_results": {"Single Carriageway": {"mae": 6.1332842768380891, "mse": 75.804060820687738, "best_function": 2, "parameters": [1.8776530044789479, 0.87045125919290267, 1.4531501230581181, 1.0, 0.044565578067973899, -0.55340275036092001, 1.9614891119824533, -1.2095086195710061, 23.726203249240125]}, "Dual Carriageway": {"mae": 6.9407626244983867, "mse": 61.563382665112933, "best_function": 2, "parameters": [31.042297967006046, 16.302889919653108, -0.68678886565390984, 1.0, 0.059148022577753978, -0.90825181814111078, 4.3526614944849538, -6.3222483672417651, 17.231443667785662]}}, "street_tally": [0.0, 0.0, 2.0]}