{"nature_results": {"Single Carriageway": {"mae": 6.985558414442198, "mse": 79.841406393291024, "best_function": 2, "parameters": [4.8502571189008901, 3.3868686383593145, -0.87162056154821554, 1.0, 0.0051754250327085138, -0.16119509304899404, 0.89320660824083342, -0.70779362479690922, 21.013537272070039]}, "Dual Carriageway": {"mae": 4.9914372105899467, "mse": 45.379918757157327, "best_function": 2, "parameters": [-4.0444754478825571, 0.81855277968072571, -1.2371523188867695, 1.0, 0.047659657801042865, -0.64034725576344842, 2.4520121560898294, -1.4247824361668426, 22.707238733625406]}}, "street_tally": [0.0, 0.0, 2.0]}