{"nature_results": {"Single Carriageway": {"mae": 6.384494684099252, "mse": 57.527637784514255, "best_function": 2, "parameters": [278.69741050385522, 86.897326700461747, 2.9093551667822255, 1.0, -0.05528125328486766, 0.92447722460284132, -4.4221453094565746, 6.1700946395501717, 8.4397974645268938]}}, "street_tally": [0.0, 0.0, 1.0]}