{"nature_results": {"Traffic Island Link At Junction": {"mae": 3.1102130116457642, "mse": 16.855103459591071, "best_function": 2, "parameters": [2.9323969595455419, 1.0475077622434499, 0.39737443716113208, 1.0, -0.052178100909489933, 0.47022471023871648, -0.9035258789560856, -0.46126077757373429, 18.385547370173636]}, "Single Carriageway": {"mae": 7.525622163785135, "mse": 95.773899948799297, "best_function": 1, "parameters": [0.021977909144818786, 0.99341709524192723, 0.98400184886424136, 1.0323192793185956, 0.97958052708767018, 0.67370176931866688, 1.0, 22.34068063609541]}, "Traffic Island Link": {"mae": 18.275980427331529, "mse": 370.39550933016778, "best_function": 0, "parameters": [1.0, 1.0, 1.0, 1.0, 1.0, 1.0, 1.0]}}, "street_tally": [1.0, 1.0, 1.0]}