{"nature_results": {"Traffic Island Link At Junction": {"mae": 5.0310411927191119, "mse": 47.336307002962904, "best_function": 2, "parameters": [3.6253869546568271, 3.2240291325549366, 0.29426316340185465, 1.0, -0.021195877901364346, 0.21485399593405741, -1.0173871192250687, 2.7137092295326211, 18.496730976757149]}, "Single Carriageway": {"mae": 24.096727837956859, "mse": 612.70617117335246, "best_function": 0, "parameters": [1.0, 1.0, 1.0, 1.0, 1.0, 1.0, 1.0]}}, "street_tally": [1.0, 0.0, 1.0]}