{"nature_results": {"Traffic Island Link At Junction": {"mae": 7.5334596578771507, "mse": 100.39976547166852, "best_function": 2, "parameters": [-0.6079859694227403, 6.4828841701168001, -1.7768893841925251, 1.0, 0.029622603148931614, -0.3940896060459762, 1.3211646824543883, -0.76769766315079035, 21.268018539092225]}, "Single Carriageway": {"mae": 7.4704843413730231, "mse": 90.673133198993483, "best_function": 2, "parameters": [-9.1956203567054171, 0.81015193824329068, -2.6474194837849994, 1.0, 0.1639220917569254, -2.1273815354484036, 8.2300273057881661, -8.2769479266942181, 19.820192178356145]}, "Dual Carriageway": {"mae": 8.1979378797344253, "mse": 136.63749009072259, "best_function": 1, "parameters": [1.7789577817072373, 0.98905367677223754, 0.98238841509098473, 0.17061907422753664, 1.2977726222578858, 0.58352369093782963, 1.0, 14.23961071387399]}}, "street_tally": [0.0, 1.0, 2.0]}