{"nature_results": {"Traffic Island Link At Junction": {"mae": 7.8245316349417582, "mse": 98.35670670621667, "best_function": 1, "parameters": [3.9427981431261974, -32.941636857194084, -16.015917807421989, -0.8910691430210036, 1.6905172465981944, 0.60562356157323816, 1.0, 26.180825980130933]}, "Single Carriageway": {"mae": 8.03860694684208, "mse": 108.50544380135617, "best_function": 2, "parameters": [15.431343064071617, 10.132861712817549, 1.630863424667194, 1.0, -0.036175380840081761, 0.38099728632358931, -1.8301318762026888, 4.1721160237083392, 29.534497898728581]}}, "street_tally": [0.0, 1.0, 1.0]}