{"nature_results": {"Traffic Island Link At Junction": {"mae": 4.98056008171808, "mse": 42.645797022854275, "best_function": 2, "parameters": [2.3711543929933434, 9.3631087672154099, 0.18936995561239489, 1.0, 0.071601135174910624, -0.86583379306037611, 3.1098685189093547, -3.493716679155086, 32.626519544091167]}, "Single Carriageway": {"mae": 5.4833068531411646, "mse": 56.309313060394238, "best_function": 2, "parameters": [2.3055212141542158, 3.9901589707099046, -1.7010804274877174, 1.0, -0.050519630435669427, 0.49744319956965743, -1.4460772728376474, 1.2694105335946053, 29.743693907246559]}, "Slip Road": {"mae": 4.6139655125899663, "mse": 30.631314792288965, "best_function": 0, "parameters": [1.8982133451220271, 1.0637969652699892, -2.5774338576013229, 1.0, 1.7360127367727356, 0.10477903615524353, 11.038558518358684]}}, "street_tally": [1.0, 0.0, 2.0]}