{"nature_results": {"Single Carriageway": {"mae": 5.4812229377209185, "mse": 54.193805650352779, "best_function": 2, "parameters": [-2.4243940862663425, 0.43597799734435094, 0.2133238425630114, 1.0, -0.068052090016892386, 0.73668326060743405, -2.2406699389600195, 1.8465045148117434, 24.276763644475086]}}, "street_tally": [0.0, 0.0, 1.0]}