{"nature_results": {"Traffic Island Link At Junction": {"mae": 24.172274078468995, "mse": 642.39014721846786, "best_function": 0, "parameters": [1.0, 1.0, 1.0, 1.0, 1.0, 1.0, 1.0]}, "Single Carriageway": {"mae": 47185.905409632243, "mse": 891682662152.21509, "best_function": 1, "parameters": [0.32974775693208724, 1.0015113708548433, 1.0044033710790641, 0.85391434895710105, 1.0508814675223868, -0.095505212391917338, 1.0, 25.160628561427476]}, "Slip Road": {"mae": 14.853939313594452, "mse": 340.32416609919846, "best_function": 2, "parameters": [54.461326003921855, 18.242625040265082, -12.661391588391137, 1.0, -0.5162576644270207, 6.0269478616697665, -19.73924672823216, 14.656911636573675, 43.810796851414608]}, "Dual Carriageway": {"mae": 2101.1034723938869, "mse": 1416123466.3434272, "best_function": 2, "parameters": [1.6482245126819686, 5.1835564329716721, -1.2750423320197908, 1.0, 0.042637658125799005, -0.54599816786539956, 2.001155499505316, -1.5781853107706474, 32.837728415387801]}, "Traffic Island Link": {"mae": 15.966142762812867, "mse": 15535.669231865615, "best_function": 0, "parameters": [-0.6926366425843784, 3.2412023664018172, -1.1439572179518254, 1.0, 0.78151859733680062, 0.47526936077686521, 29.426595924084904]}}, "street_tally": [2.0, 1.0, 2.0]}