{"nature_results": {"Dual Carriageway": {"mae": 19.487036014130751, "mse": 495.40885450969023, "best_function": 0, "parameters": [1.0, 1.0, 1.0, 1.0, 1.0, 1.0, 1.0]}}, "street_tally": [1.0, 0.0, 0.0]}