{"nature_results": {"Slip Road": {"mae": 3.620528605600839, "mse": 468.14963541337914, "best_function": 2, "parameters": [2.5894526208786512, 2.932702560471323, -0.43997002072046687, 1.0, 0.059944995838483117, -0.72327635557945036, 2.6591836737160692, -2.481787692030669, 28.603322843077386]}, "Dual Carriageway": {"mae": 29.624423403076158, "mse": 912.75637732189648, "best_function": 0, "parameters": [1.0, 1.0, 1.0, 1.0, 1.0, 1.0, 1.0]}}, "street_tally": [1.0, 0.0, 1.0]}