{"nature_results": {"Traffic Island Link At Junction": {"mae": 9.8042006048860202, "mse": 149.51473947567135, "best_function": 2, "parameters": [3.2460760867764615, 5.2710813338116571, 0.067606876963137053, 1.0, 0.050111053092290359, -0.70810654772506276, 2.8206959115289889, -2.7751117598221184, 23.661751519004998]}, "Single Carriageway": {"mae": 8.7652255571524407, "mse": 112.33281495511656, "best_function": 2, "parameters": [2.757262337843164, 2.0242577525346093, -1.1846606016694445, 1.0, -0.0029425683085262389, -0.090855901609296241, 0.45661759893223786, 0.81425392483270065, 22.921463054012595]}}, "street_tally": [0.0, 0.0, 2.0]}