{"nature_results": {"Slip Road": {"mae": 7.2701568446302458, "mse": 82.934574867741915, "best_function": 2, "parameters": [-10.799540599170729, 22.020706762305569, 4.9704511557273872, 1.0, -0.38636681118391958, 4.8988212617463134, -20.032479623093462, 26.214145484625028, 19.078962494071742]}, "Dual Carriageway": {"mae": 8.2070666442883606, "mse": 93.449458935725715, "best_function": 2, "parameters": [13.729125050855535, 15.438818416599991, -1.2901506386470625, 1.0, 0.041356162197329072, -0.62781414678527625, 3.2612780151821119, -6.1888879852779972, 20.397110178621361]}}, "street_tally": [0.0, 0.0, 2.0]}