{"nature_results": {"Single Carriageway": {"mae": 13.391509260565156, "mse": 226.72793914219443, "best_function": 0, "parameters": [1.0, 1.0, 1.0, 1.0, 1.0, 1.0, 1.0]}}, "street_tally": [1.0, 0.0, 0.0]}