{"nature_results": {"Traffic Island Link At Junction": {"mae": 5.4631336801067496, "mse": 42.628029525140285, "best_function": 2, "parameters": [-13.842679160222367, 3.8440169937109681, 0.70153067969818761, 1.0, -0.15110070356571192, 2.3404921421994276, -11.37471028332779, 18.276066985150585, 2.1549077561644721]}, "Single Carriageway": {"mae": 11.605477033493997, "mse": 171.11307948216611, "best_function": 0, "parameters": [1.0, 1.0, 1.0, 1.0, 1.0, 1.0, 1.0]}}, "street_tally": [1.0, 0.0, 1.0]}