{"nature_results": {"Traffic Island Link At Junction": {"mae": 24.912530869228338, "mse": 673.35804792992133, "best_function": 0, "parameters": [1.0, 1.0, 1.0, 1.0, 1.0, 1.0, 1.0]}, "Single Carriageway": {"mae": 24.264004248519612, "mse": 661.76559147723083, "best_function": 0, "parameters": [1.0, 1.0, 1.0, 1.0, 1.0, 1.0, 1.0]}, "Roundabout": {"mae": 25.075243277982494, "mse": 742.75534733985637, "best_function": 0, "parameters": [1.0, 1.0, 1.0, 1.0, 1.0, 1.0, 1.0]}, "Traffic Island Link": {"mae": 10.396184983918975, "mse": 134.00280265550549, "best_function": 1, "parameters": [12.201134074511637, 0.98648251759466576, 0.99591106201763668, -6.0093635628342916, 3.7793831869080785, -1.0505285834906783, 1.0, 21.974468809716097]}}, "street_tally": [3.0, 1.0, 0.0]}