{"nature_results": {"Single Carriageway": {"mae": 9.7591559996664294, "mse": 122.25547504241133, "best_function": 2, "parameters": [12.837399749582799, 29.746835846711448, -3.6276586554748613, 1.0, 0.15138883118480195, -1.8629356518719353, 6.6508159626435024, -5.3307034030389486, 27.265852945032176]}, "Slip Road": {"mae": 11.350518260576163, "mse": 164.08875270373414, "best_function": 1, "parameters": [5.7584896977268976, 0.99614018344281197, 1.0612529635616064, -1.7725773029895087, 2.0148772155286956, -1.3955824673523876, 1.0, 34.925007593647948]}}, "street_tally": [0.0, 1.0, 1.0]}