{"nature_results": {"Dual Carriageway": {"mae": 4.185106507001251, "mse": 30.420770039662582, "best_function": 0, "parameters": [-1.499424219870233, 0.1962662831040215, 0.12638771770351764, 1.0, 0.23600067677757108, 0.97572118982486222, 54.889565972473555]}}, "street_tally": [1.0, 0.0, 0.0]}