{"nature_results": {"Single Carriageway": {"mae": 7.2644529781063101, "mse": 82.847572381186566, "best_function": 0, "parameters": [-1.1455308226846732, 4.1563154336642825, -2.7992616959708987, 1.0, 0.80421292436883218, 0.42355313844120623, 41.15324289777223]}, "Slip Road": {"mae": 35.115505059988116, "mse": 1380.4310743546778, "best_function": 0, "parameters": [1.0, 1.0, 1.0, 1.0, 1.0, 1.0, 1.0]}}, "street_tally": [2.0, 0.0, 0.0]}