{"nature_results": {"Dual Carriageway": {"mae": 4.7763104051973277, "mse": 36.168848017468918, "best_function": 1, "parameters": [0.010246700716935897, 0.87072795296666872, 0.86274489713832592, 1.0404110489936274, 0.97656484769468832, -1.1353585832145594, 1.0, 30.912455785318205]}}, "street_tally": [0.0, 1.0, 0.0]}