{"nature_results": {"Dual Carriageway": {"mae": 4.5621195852241945, "mse": 62.544296372429805, "best_function": 0, "parameters": [3.4785382933654225, 5.5183692914438938, -0.051786152178512346, 1.0, 0.1536327575395332, 0.99601325000764251, 52.554425644961107]}}, "street_tally": [1.0, 0.0, 0.0]}