{"nature_results": {"Traffic Island Link At Junction": {"mae": 4.5103567358988821, "mse": 39.406607437972433, "best_function": 1, "parameters": [2.088394588515496, 1.0544242675515709, 1.0239853026500796, -0.0084920040895670734, 1.3695624563019269, 3.1180603226915005, 1.0, 22.066806914300653]}, "Single Carriageway": {"mae": 7.5463212144627621, "mse": 82.885019441378461, "best_function": 1, "parameters": [2.5586298989129257, 0.9860881800362189, 0.99377174277328517, -0.21462079846559479, 1.4406129585353755, 2.1797786480179173, 1.0, 16.575308816589128]}, "Dual Carriageway": {"mae": 8.2916399532261309, "mse": 103.55677006308152, "best_function": 0, "parameters": [52.648696947426423, 14.227007997472162, 2.5464645326791451, 1.0, 1.0740516896240837, 0.69344417133413394, 15.81475066374866]}}, "street_tally": [1.0, 2.0, 0.0]}