{"nature_results": {"Traffic Island Link At Junction": {"mae": 265.61916297824558, "mse": 168856.63620292273, "best_function": 1, "parameters": [-5.2678478355798557, 2.2077857278214372, 1.5175857226257996, 3.5903247344114608, 0.042152632507830412, 2.3854373686161461, 1.0, 15.465432438696768]}, "Single Carriageway": {"mae": 9.7101963285265569, "mse": 168.49036692554776, "best_function": 1, "parameters": [1.562736060484716, 0.96697568006250811, 0.97959979705502653, 0.28377699169633053, 1.2542489835596806, -1.2450405097362349, 1.0, 19.479499849679602]}}, "street_tally": [0.0, 2.0, 0.0]}