{"nature_results": {"Single Carriageway": {"mae": 7.2160833517446488, "mse": 77.809119658477982, "best_function": 2, "parameters": [5.0341663433658228, 6.5502888131372528, 0.34548470063125292, 1.0, 0.0057138909242976377, 0.015656337668417231, -0.52004125200737272, 1.225436611042277, 17.948683247675024]}}, "street_tally": [0.0, 0.0, 1.0]}