{"nature_results": {"Traffic Island Link At Junction": {"mae": 6.2873110761543778, "mse": 77.962154868663902, "best_function": 2, "parameters": [-4.077148609170818, 6.1069015661626098, 1.2439392058012175, 1.0, -0.25058468378785026, 3.0740024977509615, -12.004712515081369, 16.413376876064284, 16.730068720186168]}, "Single Carriageway": {"mae": 18.327416199520318, "mse": 380.94980655978225, "best_function": 0, "parameters": [1.0, 1.0, 1.0, 1.0, 1.0, 1.0, 1.0]}, "Roundabout": {"mae": 12.572921834428776, "mse": 225.14726587949266, "best_function": 2, "parameters": [-6.0505934061574882, 2.345491460271143, 2.7023432284331177, 1.0, -0.14763440568150177, 1.9853387685421562, -8.0370005259674464, 11.800183009498385, 20.618649222239803]}}, "street_tally": [1.0, 0.0, 2.0]}