{"nature_results": {"Single Carriageway": {"mae": 5.0711680078920667, "mse": 45.104454431961891, "best_function": 0, "parameters": [-9.3613300327850357, 9.8777487086453242, 2.0407174205589182, 1.0, 1.6818549940089262, 0.46881884687218411, 34.815893013509971]}}, "street_tally": [1.0, 0.0, 0.0]}