{"nature_results": {"Single Carriageway": {"mae": 16.708005416300104, "mse": 346.52111260097627, "best_function": 0, "parameters": [1.0, 1.0, 1.0, 1.0, 1.0, 1.0, 1.0]}, "Dual Carriageway": {"mae": 7.394691211826391, "mse": 116.64101798958484, "best_function": 2, "parameters": [-5.8131682165916745, 1.7469932713906342, -3.0980469016746452, 1.0, 0.0945804676019254, -1.2565178968125994, 5.6972667293763557, -9.1406785360588234, 22.665784803144817]}}, "street_tally": [1.0, 0.0, 1.0]}