{"nature_results": {"Single Carriageway": {"mae": 5.0163161237987604, "mse": 47.605023329516222, "best_function": 1, "parameters": [2.0684344822714, 0.97599028038020974, 0.99854785599522433, 0.0031084145387280104, 1.365084807844491, 0.38273730528862382, 1.0, 31.251113334546574]}}, "street_tally": [0.0, 1.0, 0.0]}