{"nature_results": {"Single Carriageway": {"mae": 7.9233428639375552, "mse": 120.78782672966922, "best_function": 0, "parameters": [5.7563778429809522, 6.8637613532786084, 1.3797978420571284, 1.0, 1.701375364417042, 0.12621075018308758, 30.616070523202378]}}, "street_tally": [1.0, 0.0, 0.0]}