{"nature_results": {"Traffic Island Link At Junction": {"mae": 18.204731815945369, "mse": 417.76337719863147, "best_function": 0, "parameters": [1.0, 1.0, 1.0, 1.0, 1.0, 1.0, 1.0]}, "Single Carriageway": {"mae": 18.634024718457699, "mse": 418.55052468330229, "best_function": 0, "parameters": [1.0, 1.0, 1.0, 1.0, 1.0, 1.0, 1.0]}, "Dual Carriageway": {"mae": 15.574699090059239, "mse": 314.16390585845369, "best_function": 0, "parameters": [1.0, 1.0, 1.0, 1.0, 1.0, 1.0, 1.0]}, "Traffic Island Link": {"mae": 7.6186111453994938, "mse": 97.049836892871312, "best_function": 2, "parameters": [-1.7946917071737496, 2.9658512440684808, 1.1861399982869039, 1.0, -0.044058274488559368, 0.40233165818905425, -1.2440533619022425, 2.1719642683346212, 25.038135288137909]}}, "street_tally": [3.0, 0.0, 1.0]}