{"nature_results": {"Traffic Island Link At Junction": {"mae": 5.0066425029651125, "mse": 49.760072168536873, "best_function": 2, "parameters": [-3.9450666296598138, 2.5170588213179723, -1.4374748860416444, 1.0, -0.0074166789887606388, 0.028524759563683166, -0.15650089919783783, 0.98160034433828047, 29.406802671990107]}, "Single Carriageway": {"mae": 12.541635661598022, "mse": 300.58362156957713, "best_function": 1, "parameters": [1.4595840123404185, 0.99298992054592028, 0.97502839326094859, 0.28782980214029641, 1.2611831581111645, -0.88283241136827506, 1.0, 25.88418444527198]}, "Dual Carriageway": {"mae": 5.9832897474105042, "mse": 60.711222749657608, "best_function": 0, "parameters": [-1.6353314909022112, 0.77884527800774905, -0.12314820416147709, 1.0, 0.93807946802553033, 0.38992351495691169, 20.791885629011972]}}, "street_tally": [1.0, 1.0, 1.0]}