{"nature_results": {"Single Carriageway": {"mae": 2.303436851435253, "mse": 11.215615138636549, "best_function": 2, "parameters": [1.9078484512717313, 1.7004511319500382, -0.49587438622084345, 1.0, -0.039414548115738191, 0.46281018237158433, -1.8367485918474475, 2.5589450545862809, 18.825770251784103]}, "Slip Road": {"mae": 5.5884253798533372, "mse": 69.217053651459565, "best_function": 2, "parameters": [3.1055489379349419, 5.6663584872375532, 1.7317742218880665, 1.0, 0.020019202572585493, -0.26398391734683124, 0.78088099074732842, -0.035734948286523016, 11.386952858800621]}, "Dual Carriageway": {"mae": 6.1719983400522072, "mse": 212.29425658088559, "best_function": 0, "parameters": [5.9002443124698551, 5.2038050274060659, -0.028976909113611393, 1.0, 1.0881839631428556, 0.20130077929942425, 15.082977498836872]}, "Traffic Island Link": {"mae": 2.9484986080449107, "mse": 20.608007014716172, "best_function": 2, "parameters": [2.7270501369033315, 1.5104808525181013, -0.5949959292062994, 1.0, -0.097139126519672603, 1.2388202728081461, -5.1592703373636564, 7.2335516778179523, 19.728778443964888]}}, "street_tally": [1.0, 0.0, 3.0]}