{"nature_results": {"Single Carriageway": {"mae": 4.7209641941350693, "mse": 34.951792763126527, "best_function": 2, "parameters": [12.303389989394883, 18.381342394240232, 2.6631981716906257, 1.0, -0.016238140114691602, 0.18962960483773406, -1.3413071187527765, 4.7709417236169118, 27.371848009742774]}}, "street_tally": [0.0, 0.0, 1.0]}