{"nature_results": {"Traffic Island Link At Junction": {"mae": 5.5102342377859861, "mse": 43.450424126542224, "best_function": 2, "parameters": [4.7502046077377917, 3.3777602074618049, 1.1869204760690846, 1.0, -0.045952970877178201, 0.70186106936879822, -3.284240533096952, 4.8923577612849076, 10.616358041061838]}, "Single Carriageway": {"mae": 10.970092264599044, "mse": 151.49936168095189, "best_function": 0, "parameters": [1.0, 1.0, 1.0, 1.0, 1.0, 1.0, 1.0]}, "Dual Carriageway": {"mae": 8.3207123346233569, "mse": 105.92988412602737, "best_function": 0, "parameters": [1.0, 1.0, 1.0, 1.0, 1.0, 1.0, 1.0]}}, "street_tally": [2.0, 0.0, 1.0]}