{"nature_results": {"Single Carriageway": {"mae": 19.14349772279532, "mse": 426.17290001995644, "best_function": 0, "parameters": [1.0, 1.0, 1.0, 1.0, 1.0, 1.0, 1.0]}}, "street_tally": [1.0, 0.0, 0.0]}