{"nature_results": {"Slip Road": {"mae": 2.2521767669494941, "mse": 9.2653630787972752, "best_function": 2, "parameters": [0.69673324881409626, 3.922286001950325, 2.110410462928018, 1.0, 0.030718161984800485, -0.37672148023931129, 1.3197889633594913, -1.1753596902029084, 15.492791089495949]}, "Dual Carriageway": {"mae": 4.7524396951439467, "mse": 43.15298462487474, "best_function": 0, "parameters": [-0.58406198223677142, 3.9735691590678286, -0.073902791626131892, 1.0, 1.9704413406303511, 0.055984125684759078, 18.863459185918355]}, "Roundabout": {"mae": 6.4109312438013886, "mse": 67.570922884252568, "best_function": 0, "parameters": [-3.1717441429858253, 2.4949412582876129, 0.17412347814407891, 1.0, 1.3395605714443275, 0.48478153879009489, 18.019486229644649]}}, "street_tally": [2.0, 0.0, 1.0]}