{"nature_results": {"Traffic Island Link At Junction": {"mae": 7.6914865156056882, "mse": 100.13805754175397, "best_function": 2, "parameters": [13.301198863825759, 2.7969694025349234, -0.0292555383363724, 1.0, 0.070674885044612723, -0.93512558437880666, 3.1470495505871519, -0.4004999007212946, 17.777975243207326]}, "Single Carriageway": {"mae": 6.5307121460747926, "mse": 74.810960811453697, "best_function": 2, "parameters": [2.5079286979291933, 1.9833366897043274, 0.40668514465348116, 1.0, -0.023428351609854792, 0.12255733231894572, -0.41520444334097073, 2.6703144761815025, 23.621834655557329]}}, "street_tally": [0.0, 0.0, 2.0]}