{"nature_results": {"Single Carriageway": {"mae": 14.368658126695014, "mse": 271.89068548402804, "best_function": 0, "parameters": [1.0, 1.0, 1.0, 1.0, 1.0, 1.0, 1.0]}}, "street_tally": [1.0, 0.0, 0.0]}