{"nature_results": {"Single Carriageway": {"mae": 13.770644000389266, "mse": 203.86848340320401, "best_function": 0, "parameters": [1.0, 1.0, 1.0, 1.0, 1.0, 1.0, 1.0]}}, "street_tally": [1.0, 0.0, 0.0]}