{"nature_results": {"Single Carriageway": {"mae": 26.286416107461971, "mse": 772.04428723858837, "best_function": 0, "parameters": [1.0, 1.0, 1.0, 1.0, 1.0, 1.0, 1.0]}}, "street_tally": [1.0, 0.0, 0.0]}