{"nature_results": {"Single Carriageway": {"mae": 12.146485689013007, "mse": 160.27495699739197, "best_function": 0, "parameters": [1.0, 1.0, 1.0, 1.0, 1.0, 1.0, 1.0]}}, "street_tally": [1.0, 0.0, 0.0]}