{"nature_results": {"Single Carriageway": {"mae": 4.2222696403959823, "mse": 27.02560185222471, "best_function": 2, "parameters": [-13.688633737803048, 16.702953592395836, 3.6766786356849881, 1.0, -0.002085248460816036, 0.037136847543472462, -0.50904276611461263, 2.3259266828621179, 29.06660735825087]}}, "street_tally": [0.0, 0.0, 1.0]}