{"nature_results": {"Single Carriageway": {"mae": 5.0868595585252798, "mse": 50.75656111511735, "best_function": 2, "parameters": [-1.2491430784262021, 4.0338475939253691, 0.34972615608806334, 1.0, -0.045250156330379099, 0.33339272941868758, -0.62548562544160546, 0.75026974073035824, 27.771845802754655]}, "Dual Carriageway": {"mae": 9.8107736951274678, "mse": 150.68305053165838, "best_function": 1, "parameters": [-0.014944652158503935, 1.0201502036869525, 1.0099818958860436, 1.0208190929311463, 0.98923866385392667, 0.068975355652418191, 1.0, 32.88236546870499]}, "Slip Road": {"mae": 13.417372743702833, "mse": 250.93099460191277, "best_function": 1, "parameters": [-0.027022952895555452, 0.9321507539699877, 0.94716811110931842, 1.0777616108325661, 0.96007939019795896, -5.3701109251269905, 1.0, 24.998029675566904]}}, "street_tally": [0.0, 2.0, 1.0]}