{"nature_results": {"Single Carriageway": {"mae": 6.9565029871269912, "mse": 85.447513572684286, "best_function": 2, "parameters": [3.0918979024648738, 7.5295727574619002, -2.351031473996525, 1.0, -0.17849074634829787, 2.1051054327648098, -7.3596248227709093, 7.4599727015482644, 20.469506816465373]}}, "street_tally": [0.0, 0.0, 1.0]}