{"nature_results": {"Single Carriageway": {"mae": 8.3249341190050004, "mse": 92.003361367448107, "best_function": 0, "parameters": [1.0, 1.0, 1.0, 1.0, 1.0, 1.0, 1.0]}}, "street_tally": [1.0, 0.0, 0.0]}