{"nature_results": {"Single Carriageway": {"mae": 7.4611364628271319, "mse": 82.238672816876672, "best_function": 1, "parameters": [0.0057790816337378592, 1.0003637100658991, 0.98927217975916404, 1.0044003728956252, 0.99657067513342035, 3.0638067763349741, 1.0, 27.976433816610573]}}, "street_tally": [0.0, 1.0, 0.0]}