{"nature_results": {"Traffic Island Link At Junction": {"mae": 14.985175218241023, "mse": 291.43506738846219, "best_function": 0, "parameters": [1.0, 1.0, 1.0, 1.0, 1.0, 1.0, 1.0]}, "Single Carriageway": {"mae": 24.61403625340176, "mse": 664.25311926888583, "best_function": 0, "parameters": [1.0, 1.0, 1.0, 1.0, 1.0, 1.0, 1.0]}, "Dual Carriageway": {"mae": 9.7591031863198552, "mse": 146.94588348529996, "best_function": 1, "parameters": [1.5839185756309906, 0.99332496313226459, 0.9947131123350994, 0.25459337011280136, 1.269429223574059, -1.1259721330887107, 1.0, 29.45687826962606]}}, "street_tally": [2.0, 1.0, 0.0]}