{"nature_results": {"Single Carriageway": {"mae": 5.8157396805353976, "mse": 48.707255075868204, "best_function": 1, "parameters": [3.0192998759574055, 0.96358363580265871, 0.97621376599418075, -0.40891946630170506, 1.5063854888479016, 3.0199391688468129, 1.0, 19.343588371597352]}, "Traffic Island Link": {"mae": 5.9988048757791219, "mse": 52.556156040573761, "best_function": 1, "parameters": [3.0970716470345785, 1.0846621231020586, 1.0778373741204854, -0.35366429873679661, 1.4686800773035804, 5.142930333483271, 1.0, 16.494125694306632]}}, "street_tally": [0.0, 2.0, 0.0]}