{"nature_results": {"Single Carriageway": {"mae": 5.0384147048381998, "mse": 46.351118673191465, "best_function": 2, "parameters": [0.9284183110294183, 7.8719749254711413, -0.52744653020454857, 1.0, 0.042720355273863975, -0.59202921695819155, 2.3687414740306383, -2.2550371258641233, 27.220619077565235]}, "Slip Road": {"mae": 6.3911375837719211, "mse": 61.440627579031066, "best_function": 1, "parameters": [1.7773182714939879, -0.77619819782943034, 0.32392723701325021, 0.1275130566836562, 1.3209745900199674, -0.0061116301831922737, 1.0, 10.474904949670941]}}, "street_tally": [0.0, 1.0, 1.0]}