{"nature_results": {"Single Carriageway": {"mae": 7.3056904039659294, "mse": 89.499682974704498, "best_function": 0, "parameters": [1.0, 1.0, 1.0, 1.0, 1.0, 1.0, 1.0]}, "Dual Carriageway": {"mae": 4.8328911709143814, "mse": 36.945047809783709, "best_function": 1, "parameters": [2.6233224755723867, 0.96585795529644491, 0.9810682538036517, -0.25207079266420074, 1.4554583464874056, 0.073400655883755661, 1.0, 25.924884381457279]}}, "street_tally": [1.0, 1.0, 0.0]}