{"nature_results": {"Single Carriageway": {"mae": 5.4179559513143811, "mse": 75.96238098549243, "best_function": 2, "parameters": [1.084106834413004, 2.6132056677784234, 0.65265094743502794, 1.0, 0.024569412136486779, -0.2619867639402198, 0.78172874454439323, -0.39694463748312958, 29.159266420462476]}, "Dual Carriageway": {"mae": 7.4013705194425885, "mse": 104.738223595314, "best_function": 0, "parameters": [-3.3197109511745353, 1.0960068755979908, 0.77562474156118988, 1.0, 1.2595842609733072, 0.14723130306190546, 23.625172577941807]}, "Slip Road": {"mae": 10.186214178690841, "mse": 164.64351189707114, "best_function": 0, "parameters": [1.0, 1.0, 1.0, 1.0, 1.0, 1.0, 1.0]}}, "street_tally": [2.0, 0.0, 1.0]}