{"nature_results": {"Single Carriageway": {"mae": 25.263922264482584, "mse": 724.51505814365055, "best_function": 0, "parameters": [1.0, 1.0, 1.0, 1.0, 1.0, 1.0, 1.0]}, "Roundabout": {"mae": 18.71211564262402, "mse": 395.4690975725303, "best_function": 0, "parameters": [1.0, 1.0, 1.0, 1.0, 1.0, 1.0, 1.0]}, "Traffic Island Link": {"mae": 29.51395432327887, "mse": 994.12067157213244, "best_function": 0, "parameters": [1.0, 1.0, 1.0, 1.0, 1.0, 1.0, 1.0]}, "Traffic Island Link At Junction": {"mae": 4.7474552210449561, "mse": 43.004167350631128, "best_function": 2, "parameters": [0.30246609975967254, 3.8700846371708635, -0.47543754069893307, 1.0, -0.075897144335564048, 1.1038897464164426, -5.3490273317820014, 8.9301114666209571, 19.875341713785527]}, "Slip Road": {"mae": 9.4920805837113278, "mse": 134.24257425219523, "best_function": 1, "parameters": [2.2906134035671455, 0.91890768593183358, 0.91931088918028525, -0.068215844668630288, 1.3843334591565295, 1.6934346169313454, 1.0, 26.422562104846552]}, "Dual Carriageway": {"mae": 227.59866657883552, "mse": 365093.11326448084, "best_function": 1, "parameters": [1.0, 1.0, 1.0, 1.0, 1.0, 1.0, 1.0, 1.0]}}, "street_tally": [3.0, 2.0, 1.0]}