{"nature_results": {"Single Carriageway": {"mae": 24.537110710653952, "mse": 673.89239358944678, "best_function": 0, "parameters": [1.0, 1.0, 1.0, 1.0, 1.0, 1.0, 1.0]}}, "street_tally": [1.0, 0.0, 0.0]}