{"nature_results": {"Dual Carriageway": {"mae": 5.9591414365697064, "mse": 89.205211206370265, "best_function": 2, "parameters": [-12.288411150871658, 2.1204196200229752, -1.8400938798523971, 1.0, -0.066484995732689844, 0.96715212650863625, -4.5382535816605349, 6.3110774657127831, 46.925659622103602]}, "Roundabout": {"mae": 25.255513653444787, "mse": 752.20295546999853, "best_function": 0, "parameters": [1.0, 1.0, 1.0, 1.0, 1.0, 1.0, 1.0]}}, "street_tally": [1.0, 0.0, 1.0]}