{"nature_results": {"Single Carriageway": {"mae": 7.1282268464786567, "mse": 88.261856450319854, "best_function": 1, "parameters": [2.5006368623151594, 0.98260865541380549, 1.0026658213302733, -0.20291867407778597, 1.4389352498791301, 0.68806572489220552, 1.0, 28.985080249886071]}, "Traffic Island Link": {"mae": 12.6997029775463, "mse": 212.22742549252405, "best_function": 1, "parameters": [4.1559910440104835, 0.94813474949225163, 0.93615269309305948, -0.98271720801735762, 1.7213287649555311, 1.0879773591600195, 1.0, 17.912728296798502]}}, "street_tally": [0.0, 2.0, 0.0]}