{"nature_results": {"Single Carriageway": {"mae": 4.8756993821696186, "mse": 46.668205704596396, "best_function": 2, "parameters": [0.27363435236995814, 0.047552741817624811, -0.40335223180753799, 1.0, -0.044870179100060748, 0.49728217914139661, -2.2520665009081537, 5.083551686964598, 25.423555396488439]}}, "street_tally": [0.0, 0.0, 1.0]}