{"nature_results": {"Single Carriageway": {"mae": 5.0147062531764615, "mse": 47.51938183327897, "best_function": 2, "parameters": [1.8765445158763807, 2.5580481133620738, 0.25560196983134165, 1.0, -0.063848388314821758, 0.61068057733226178, -1.7114719189750742, 1.3675022753393895, 30.631268605120074]}, "Slip Road": {"mae": 5.6298886189181578, "mse": 49.972418068797978, "best_function": 0, "parameters": [1.0, 1.0, 1.0, 1.0, 1.0, 1.0, 1.0]}, "Dual Carriageway": {"mae": 15.109827740438808, "mse": 306.92435070644194, "best_function": 0, "parameters": [1.0, 1.0, 1.0, 1.0, 1.0, 1.0, 1.0]}, "Traffic Island Link": {"mae": 5.9153682800407017, "mse": 54.443896346386168, "best_function": 1, "parameters": [0.0097398307521076033, 1.0090459682549995, 1.0232116527172175, 1.0145293038605558, 0.99034801808084005, -0.98493008073229804, 1.0, 36.448878217002942]}}, "street_tally": [2.0, 1.0, 1.0]}