{"nature_results": {"Single Carriageway": {"mae": 7.3049622428319321, "mse": 85.064514638094266, "best_function": 0, "parameters": [1.0, 1.0, 1.0, 1.0, 1.0, 1.0, 1.0]}}, "street_tally": [1.0, 0.0, 0.0]}