{"nature_results": {"Traffic Island Link At Junction": {"mae": 4.3623290960443093, "mse": 27.101635075362715, "best_function": 1, "parameters": [4.0528005089359782, 7.0155325597175509, 3.5036387240013926, -0.93957007715096963, 1.7062867643652528, 1.5594568251001497, 1.0, 23.721952085222817]}, "Single Carriageway": {"mae": 5.3329660877086837, "mse": 44.821994582533783, "best_function": 2, "parameters": [5.8112312015903695, 1.6380838676396572, -0.13412940578600963, 1.0, -0.21890327857698821, 2.5269262665828944, -9.0500504581117998, 10.02978171769934, 33.944689588985966]}, "Traffic Island Link": {"mae": 28.615723968780589, "mse": 881.00734383405586, "best_function": 0, "parameters": [1.0, 1.0, 1.0, 1.0, 1.0, 1.0, 1.0]}}, "street_tally": [1.0, 1.0, 1.0]}