{"nature_results": {"Traffic Island Link At Junction": {"mae": 9.2205055364601272, "mse": 103.32267898077271, "best_function": 1, "parameters": [7.3310446129803486, 0.49966677917991709, 0.75015673524993154, -2.469177712485831, 2.2526371862855461, 5.978927639205887, 1.0, 6.8222963038141815]}, "Single Carriageway": {"mae": 10.127930077314033, "mse": 136.5038865426404, "best_function": 1, "parameters": [8.4577216409097247, -0.20111381298640296, 0.65893006605415783, -3.0512787165898452, 2.4759791797883395, 9.4839095180344462, 1.0, 13.946208161785217]}}, "street_tally": [0.0, 2.0, 0.0]}