{"nature_results": {"Traffic Island Link At Junction": {"mae": 4.9159755703797332, "mse": 41.059156658889812, "best_function": 2, "parameters": [4.6007317305003337, 15.484337444098896, 2.7071697581423617, 1.0, -0.12708988230258633, 1.6019583443939562, -6.8610828329559741, 11.203519080771299, 14.967540978615277]}, "Single Carriageway": {"mae": 19.288232218727771, "mse": 432.92791128845988, "best_function": 0, "parameters": [1.0, 1.0, 1.0, 1.0, 1.0, 1.0, 1.0]}, "Dual Carriageway": {"mae": 14.985853236214687, "mse": 283.54673625765969, "best_function": 0, "parameters": [1.0, 1.0, 1.0, 1.0, 1.0, 1.0, 1.0]}, "Traffic Island Link": {"mae": 13.341097248337244, "mse": 248.87765681267288, "best_function": 0, "parameters": [1.0, 1.0, 1.0, 1.0, 1.0, 1.0, 1.0]}}, "street_tally": [3.0, 0.0, 1.0]}