{"nature_results": {"Traffic Island Link At Junction": {"mae": 7.8193799371983514, "mse": 106.36660895034599, "best_function": 0, "parameters": [1.0, 1.0, 1.0, 1.0, 1.0, 1.0, 1.0]}, "Single Carriageway": {"mae": 5.890623725687238, "mse": 678.09424938978543, "best_function": 0, "parameters": [6.3459564786825027, 8.7037501941988875, 0.54330282784568684, 1.0, 2.0053053362300526, 0.22377830085435324, 21.513502177000277]}}, "street_tally": [2.0, 0.0, 0.0]}