{"nature_results": {"Single Carriageway": {"mae": 6.2836214227420051, "mse": 64.446398252010951, "best_function": 2, "parameters": [29.490628451570593, 12.992909239725364, -0.4693541482152237, 1.0, 0.076309238910837851, -1.0304982055496166, 3.9415656380740058, -3.2944268296736308, 31.003588000011494]}, "Traffic Island Link": {"mae": 33.935510001705069, "mse": 1196.476301865222, "best_function": 0, "parameters": [1.0, 1.0, 1.0, 1.0, 1.0, 1.0, 1.0]}}, "street_tally": [1.0, 0.0, 1.0]}