{"nature_results": {"Traffic Island Link At Junction": {"mae": 7.4501081620060434, "mse": 75.433465929217633, "best_function": 1, "parameters": [1.6700056368919991, 0.99739497734687843, 1.0154959013846077, 0.21157416548573238, 1.2859993181570317, -2.4975922635359527, 1.0, 5.856969171868081]}, "Single Carriageway": {"mae": 5.6942239777685177, "mse": 79.220361134762229, "best_function": 2, "parameters": [2.7174743791504401, 6.1153900538211214, -1.5644777349853349, 1.0, -0.11921077698668392, 1.4701476018623114, -6.2050427335102674, 9.5661959809183443, 27.461938638733152]}}, "street_tally": [0.0, 1.0, 1.0]}