{"nature_results": {"Single Carriageway": {"mae": 26.476050999560023, "mse": 750.44525880006552, "best_function": 0, "parameters": [1.0, 1.0, 1.0, 1.0, 1.0, 1.0, 1.0]}, "Roundabout": {"mae": 21.917736353062558, "mse": 628.16615878428433, "best_function": 0, "parameters": [1.0, 1.0, 1.0, 1.0, 1.0, 1.0, 1.0]}}, "street_tally": [2.0, 0.0, 0.0]}