{"nature_results": {"Single Carriageway": {"mae": 5.9454382474704808, "mse": 53.596801881880467, "best_function": 1, "parameters": [2.1709946851374218, 0.98898417481786272, 1.0087159806242809, -0.032259048473403329, 1.3761637292231779, 0.37384820859403711, 1.0, 21.759327543478015]}}, "street_tally": [0.0, 1.0, 0.0]}