{"nature_results": {"Traffic Island Link At Junction": {"mae": 5.1286761390936872, "mse": 44.438169818568817, "best_function": 0, "parameters": [2.383115935645109, 3.9325978367792707, -0.67699830659254912, 1.0, 1.510456833750051, 0.042258224090144902, 25.509174432819975]}, "Single Carriageway": {"mae": 6.5433787985351364, "mse": 70.64527717421214, "best_function": 0, "parameters": [29.386901297768777, 14.765675926642269, 1.061586683301813, 1.0, 1.4530631655981305, 0.28654254953802416, 32.109437232786959]}}, "street_tally": [2.0, 0.0, 0.0]}