{"nature_results": {"Slip Road": {"mae": 3.9933166402544948, "mse": 45.702042518067721, "best_function": 0, "parameters": [1.0, 1.0, 1.0, 1.0, 1.0, 1.0, 1.0]}}, "street_tally": [1.0, 0.0, 0.0]}