{"nature_results": {"Single Carriageway": {"mae": 9.1106161397757752, "mse": 134.80014381304449, "best_function": 0, "parameters": [1.0, 1.0, 1.0, 1.0, 1.0, 1.0, 1.0]}}, "street_tally": [1.0, 0.0, 0.0]}