{"nature_results": {"Single Carriageway": {"mae": 7.1964662975447178, "mse": 76.579325119510486, "best_function": 1, "parameters": [3.2401139060628652, 0.99873738006733459, 1.0103210721078069, -0.53790522654837081, 1.5583333437428011, -1.7988766208735867, 1.0, 27.00954177854647]}}, "street_tally": [0.0, 1.0, 0.0]}