{"nature_results": {"Slip Road": {"mae": 10.510625267949525, "mse": 975.07961463679885, "best_function": 0, "parameters": [-2.8188697215648859, 4.7784090387744218, -7.2018214718983931, 1.0, 0.97582054565016152, 0.91962916765610858, 10.312869214221099]}, "Dual Carriageway": {"mae": 5.2442126261680979, "mse": 52.655589904976694, "best_function": 2, "parameters": [-1.3157909154818954, 2.1617390790044571, -0.9085676546738275, 1.0, -0.021800390321307539, 0.14521717201145778, -0.30194871704363635, 0.59130043021368706, 28.09104156908581]}}, "street_tally": [1.0, 0.0, 1.0]}