{"nature_results": {"Traffic Island Link At Junction": {"mae": 7.7393382102368342, "mse": 94.375274308279771, "best_function": 0, "parameters": [27.959845758606455, 17.192489250351674, 2.5581021989714943, 1.0, 0.1658456214332763, 0.31890977543241572, 16.480419446562298]}, "Single Carriageway": {"mae": 20.18733241212815, "mse": 463.97583130696188, "best_function": 0, "parameters": [1.0, 1.0, 1.0, 1.0, 1.0, 1.0, 1.0]}}, "street_tally": [2.0, 0.0, 0.0]}