{"nature_results": {"Traffic Island Link At Junction": {"mae": 7.0249356363778928, "mse": 79.461259638138756, "best_function": 1, "parameters": [3.3890988743383095, 0.99094436422996701, 1.0033290357885083, -0.65865059482965282, 1.6115566236656047, 1.0004668748579559, 1.0, 15.445566105248878]}, "Single Carriageway": {"mae": 6.9271324955239635, "mse": 71.604379933777452, "best_function": 1, "parameters": [3.2802358134466534, 0.99545912309959561, 0.9983930713552579, -0.5775474157806344, 1.5764056904028323, 0.77407794920665773, 1.0, 22.673982121612546]}, "Roundabout": {"mae": 8.6999230315044951, "mse": 131.36740320718866, "best_function": 0, "parameters": [13.416417338931149, 2.0886151302039817, -4.5529799655981575, 1.0, -0.6125139809980098, 0.91765031822495768, 30.270512166227096]}, "Traffic Island Link": {"mae": 5.4520375227954272, "mse": 45.936291293082334, "best_function": 1, "parameters": [2.1916451584300489, 0.99917666129764715, 0.99901945289768346, -0.062775328816585985, 1.3896776874539822, 0.34270076624483625, 1.0, 28.405710082634542]}}, "street_tally": [1.0, 3.0, 0.0]}