{"nature_results": {"Single Carriageway": {"mae": 4.8737682455975611, "mse": 49.085020863090165, "best_function": 1, "parameters": [2.6514912757548941, 0.99281460956199208, 1.0152322161455092, -0.25705484442403215, 1.4565194978618838, -1.4449446967247344, 1.0, 18.542680423525471]}}, "street_tally": [0.0, 1.0, 0.0]}