{"nature_results": {"Traffic Island Link At Junction": {"mae": 20.408301625188741, "mse": 435.00331477305292, "best_function": 0, "parameters": [1.0, 1.0, 1.0, 1.0, 1.0, 1.0, 1.0]}, "Single Carriageway": {"mae": 5.4191846051506927, "mse": 51.963800469695002, "best_function": 0, "parameters": [-0.59923568546418093, 3.5388473165175052, 0.11889217354501402, 1.0, 0.099943203913927747, 0.9726312268840096, 38.220737279605693]}, "Dual Carriageway": {"mae": 32.200485952704369, "mse": 1117.2743241452856, "best_function": 0, "parameters": [1.0, 1.0, 1.0, 1.0, 1.0, 1.0, 1.0]}, "Roundabout": {"mae": 21.060733964410513, "mse": 570.87113323453582, "best_function": 0, "parameters": [1.0, 1.0, 1.0, 1.0, 1.0, 1.0, 1.0]}}, "street_tally": [4.0, 0.0, 0.0]}