{"nature_results": {"Single Carriageway": {"mae": 13.014923756712681, "mse": 234.3216590539233, "best_function": 0, "parameters": [1.0, 1.0, 1.0, 1.0, 1.0, 1.0, 1.0]}, "Slip Road": {"mae": 6.9602752007668292, "mse": 70.671091126896087, "best_function": 0, "parameters": [1.0, 1.0, 1.0, 1.0, 1.0, 1.0, 1.0]}}, "street_tally": [2.0, 0.0, 0.0]}