{"nature_results": {"Traffic Island Link At Junction": {"mae": 10.842115522528044, "mse": 158.77786590107317, "best_function": 1, "parameters": [-0.020882810597558477, 0.78763425849968316, 0.88857003305527771, 1.0327272590573944, 0.98433559519901714, 1.1652032742713092, 1.0, 13.106666939500631]}, "Single Carriageway": {"mae": 4.9288065724317116, "mse": 44.972193751609645, "best_function": 1, "parameters": [1.9806043118385723, 1.0132583306293461, 1.0062754744470488, 0.046066418911429596, 1.3485700078944693, 0.28812675447846881, 1.0, 23.964910799129463]}, "Traffic Island Link": {"mae": 10.809039233323553, "mse": 189.62325709046567, "best_function": 1, "parameters": [1.5758898230560208, 1.0214828391455544, 1.0194906725519444, 0.26061851575165806, 1.2663180196412305, 0.60142691306553653, 1.0, 26.693727555409144]}}, "street_tally": [0.0, 3.0, 0.0]}