{"nature_results": {"Single Carriageway": {"mae": 5.3336369620848707, "mse": 48.517884205479255, "best_function": 0, "parameters": [6.1428427670589478, 7.4332047541980133, 0.72747594585883801, 1.0, 1.3737797759492607, 0.22473784630782823, 33.809518247041751]}}, "street_tally": [1.0, 0.0, 0.0]}