{"nature_results": {"Single Carriageway": {"mae": 5.1408611115993663, "mse": 38.978457642396037, "best_function": 2, "parameters": [5.3687408255465447, 2.4079024381574645, -0.1693589524278305, 1.0, -0.0078548583916544512, 0.18719536251731117, -1.125254724860802, 1.7626361343055903, 12.791456400084289]}}, "street_tally": [0.0, 0.0, 1.0]}