{"nature_results": {"Single Carriageway": {"mae": 6.1547302422128523, "mse": 70.657556322994665, "best_function": 2, "parameters": [-1.4577389216922394, 6.1221997280294795, -1.058368393315543, 1.0, -0.011915891467902506, 0.14363782858038221, -0.86985022053488414, 2.853534787706935, 25.286795480017876]}, "Traffic Island Link": {"mae": 9.5318906219367801, "mse": 163.16743017162045, "best_function": 1, "parameters": [4.8391516335832154, 0.98831210033613492, 1.0214496802769744, -1.2927539946188791, 1.8315952539992879, -0.042699395821336639, 1.0, 14.492771524093815]}}, "street_tally": [0.0, 1.0, 1.0]}