{"nature_results": {"Traffic Island Link At Junction": {"mae": 11.077030626166017, "mse": 173.74394613945384, "best_function": 0, "parameters": [1.0, 1.0, 1.0, 1.0, 1.0, 1.0, 1.0]}, "Single Carriageway": {"mae": 13.089072368028944, "mse": 252.83381225116699, "best_function": 0, "parameters": [1.0, 1.0, 1.0, 1.0, 1.0, 1.0, 1.0]}}, "street_tally": [2.0, 0.0, 0.0]}