{"nature_results": {"Single Carriageway": {"mae": 6.2035042423593483, "mse": 66.084364739254795, "best_function": 1, "parameters": [2.5885132479194897, 1.0030378661297674, 0.99897404039487281, -0.25460466978108642, 1.4593272314227903, -0.78961101700770286, 1.0, 23.179243193386256]}}, "street_tally": [0.0, 1.0, 0.0]}