{"nature_results": {"Single Carriageway": {"mae": 18.905374497762487, "mse": 396.84067247752415, "best_function": 0, "parameters": [1.0, 1.0, 1.0, 1.0, 1.0, 1.0, 1.0]}}, "street_tally": [1.0, 0.0, 0.0]}