{"nature_results": {"Traffic Island Link At Junction": {"mae": 5.3441550296897633, "mse": 48.385180695298686, "best_function": 2, "parameters": [107.20829241922141, 46.319655961153991, -0.65111654812022191, 1.0, 0.27884059669085026, -3.4390763966186091, 12.946225393009613, -14.021360816289089, 26.432095863852318]}, "Single Carriageway": {"mae": 6.884188315235348, "mse": 81.03182528687978, "best_function": 1, "parameters": [1.6967596568501087, 1.0895531117822554, 1.0591597946930655, 0.20715759195369976, 1.2855828686452861, -1.2379561140193553, 1.0, 30.101720537225589]}, "Traffic Island Link": {"mae": 12.499926026702473, "mse": 210.31480286693991, "best_function": 1, "parameters": [5.1632514727581365, 1.0630822841560432, 1.0669092645551799, -1.4600641546894817, 1.8957025779306254, -4.7916339419833127, 1.0, 29.124015298627402]}}, "street_tally": [0.0, 2.0, 1.0]}