{"nature_results": {"Single Carriageway": {"mae": 5.9032719206955511, "mse": 62.778361434762751, "best_function": 2, "parameters": [-4.6845631212497567, 0.3318275086041107, -2.3912128977187517, 1.0, -0.28848948696433707, 3.361563821532858, -11.580907707281899, 11.337478337999704, 27.482903965237046]}, "Dual Carriageway": {"mae": 7.6299234381123631, "mse": 101.06907851805913, "best_function": 0, "parameters": [-12.980741831565906, 0.38221616639577916, 0.6682736658818631, 1.0, 0.3506331204265708, 0.95495848388139193, 30.10771967256273]}}, "street_tally": [1.0, 0.0, 1.0]}