{"nature_results": {"Traffic Island Link At Junction": {"mae": 6.1732244902232374, "mse": 70.899593883104984, "best_function": 2, "parameters": [29.624416257734435, 12.642214475677086, -0.075019071740488164, 1.0, 0.19899270192358998, -2.3396592696782088, 7.8472300957236101, -5.9181666536132624, 21.601620199587977]}, "Single Carriageway": {"mae": 5.1609022973353431, "mse": 47.926280089370351, "best_function": 1, "parameters": [2.2788907293028537, 1.0962260685217062, 1.0473153872515659, -0.1201079812617869, 1.4137226848601978, 0.30520130381316912, 1.0, 29.399690368669937]}, "Roundabout": {"mae": 195.80509172009837, "mse": 73521.830272069594, "best_function": 1, "parameters": [1.0, 1.0, 1.0, 1.0, 1.0, 1.0, 1.0, 1.0]}, "Dual Carriageway": {"mae": 24.214208890970642, "mse": 1080.739133356127, "best_function": 1, "parameters": [1.2583729343412298, 0.95091965802701295, 0.99034588515874566, 0.41242026482232985, 1.2118925756500729, 0.67425908012378566, 1.0, 33.821778823058395]}, "Traffic Island Link": {"mae": 5.9088548860164982, "mse": 59.576457562651754, "best_function": 1, "parameters": [2.4022400567275506, 0.97072695535917608, 0.94852800467443121, -0.20569017575713011, 1.4492535500929216, 2.3578312132321351, 1.0, 34.655820957709459]}}, "street_tally": [0.0, 4.0, 1.0]}