{"nature_results": {"Traffic Island Link At Junction": {"mae": 12.005543577636921, "mse": 225.30955571331745, "best_function": 1, "parameters": [1.5571952151279786, 0.96325630642342464, 0.9959947602474144, 0.27736139705378526, 1.2594082970322809, 0.14356561535510193, 1.0, 20.502889374392328]}, "Single Carriageway": {"mae": 4.8465497182790864, "mse": 44.101977576284362, "best_function": 1, "parameters": [1.8854916517056606, 0.9469344759646745, 0.97094910955370872, 0.11308918523741363, 1.3204827833930204, 0.11754468292274767, 1.0, 27.622578714165797]}, "Dual Carriageway": {"mae": 10.111804932707376, "mse": 157.25411243322927, "best_function": 1, "parameters": [1.6295220744735519, 1.018626920037732, 1.027422421645902, 0.24280488122893717, 1.2720024900858209, -2.2553821753979486, 1.0, 28.152583186810276]}, "Roundabout": {"mae": 9.0974466345129414, "mse": 132.46866023898082, "best_function": 2, "parameters": [38.716948314854243, 26.083062118586515, -0.86213924440231615, 1.0, 0.2306258997743279, -2.5773191752479665, 8.9981351629615887, -9.7052230826159533, 26.145466795141044]}}, "street_tally": [0.0, 3.0, 1.0]}