{"nature_results": {"Traffic Island Link At Junction": {"mae": 3.5716505022058942, "mse": 21.557227043977395, "best_function": 2, "parameters": [0.4370614377600649, 2.6435324492449999, -0.056211008888434888, 1.0, 0.0015738170738215373, -0.03777581660763496, -0.0081738853721562421, 1.2805283375509491, 20.545733153510348]}, "Single Carriageway": {"mae": 24.015540007866889, "mse": 640.84937751001178, "best_function": 0, "parameters": [1.0, 1.0, 1.0, 1.0, 1.0, 1.0, 1.0]}, "Roundabout": {"mae": 17.45793616682257, "mse": 373.86589032263186, "best_function": 0, "parameters": [1.0, 1.0, 1.0, 1.0, 1.0, 1.0, 1.0]}, "Dual Carriageway": {"mae": 24.027064683178757, "mse": 699.01202459733906, "best_function": 0, "parameters": [1.0, 1.0, 1.0, 1.0, 1.0, 1.0, 1.0]}, "Traffic Island Link": {"mae": 16.21100020563734, "mse": 324.38836855797837, "best_function": 0, "parameters": [1.0, 1.0, 1.0, 1.0, 1.0, 1.0, 1.0]}}, "street_tally": [4.0, 0.0, 1.0]}