{"nature_results": {"Single Carriageway": {"mae": 5.267835092529725, "mse": 46.417844486906148, "best_function": 0, "parameters": [0.27517151206785506, 3.8854979512592456, 1.1416222126036812, 1.0, -0.75938902242576156, 1.1305528149211079, 32.585182982257813]}}, "street_tally": [1.0, 0.0, 0.0]}