{"nature_results": {"Traffic Island Link At Junction": {"mae": 9.8235431210958009, "mse": 116.05939540348351, "best_function": 0, "parameters": [1.0, 1.0, 1.0, 1.0, 1.0, 1.0, 1.0]}, "Single Carriageway": {"mae": 7.3744214830858974, "mse": 87.497795607735412, "best_function": 2, "parameters": [5.3581606078563659, 7.1989833367300973, 2.2280568056880918, 1.0, -0.061686789857250179, 0.81898158323588821, -3.8054418212355525, 6.379990462372426, 27.977669586544913]}}, "street_tally": [1.0, 0.0, 1.0]}