{"nature_results": {"Traffic Island Link At Junction": {"mae": 4.347375882150752, "mse": 37.830404826882756, "best_function": 0, "parameters": [11.43231667375073, 7.3833137754024687, 1.191752679145706, 1.0, -0.17660942642276667, 0.99972856854925141, 29.774912892511455]}, "Single Carriageway": {"mae": 5.1419420608766995, "mse": 49.550466881560311, "best_function": 2, "parameters": [0.005585786129443937, 3.1073663192226575, 1.4891604376116927, 1.0, -0.055369322828727752, 0.7637261824982875, -3.7140552762364525, 6.7136865142329523, 25.604281445771964]}, "Dual Carriageway": {"mae": 7.1843810673988262, "mse": 86.244409635649006, "best_function": 2, "parameters": [14.508589763275692, 16.43998506178729, 1.2167188950529246, 1.0, 0.034311405711845766, -0.33536288841909689, 0.71500103985943209, 0.80845760960486668, 20.773744952347524]}}, "street_tally": [1.0, 0.0, 2.0]}