{"nature_results": {"Single Carriageway": {"mae": 12.666111430015448, "mse": 244.32555758702907, "best_function": 0, "parameters": [1.0, 1.0, 1.0, 1.0, 1.0, 1.0, 1.0]}}, "street_tally": [1.0, 0.0, 0.0]}