{"nature_results": {"Single Carriageway": {"mae": 6.036356543703624, "mse": 85.196889206716975, "best_function": 1, "parameters": [0.012038016798775586, 1.3548345948519638, 1.2560236686607262, 0.99633437603019159, 1.002245145780283, 1.034533800365012, 1.0, 22.957982410670482]}, "Slip Road": {"mae": 8.6191778376981443, "mse": 174.41103093456198, "best_function": 0, "parameters": [1.0, 1.0, 1.0, 1.0, 1.0, 1.0, 1.0]}}, "street_tally": [1.0, 1.0, 0.0]}