{"nature_results": {"Traffic Island Link At Junction": {"mae": 4.6029593368483788, "mse": 47.004042379442126, "best_function": 2, "parameters": [19.847788787570686, 11.178060389288396, 1.2337172476335989, 1.0, -0.070502799273542083, 0.72092176884870307, -1.7327516624422139, -1.1300946460991796, 17.731500053149134]}, "Single Carriageway": {"mae": 5.9856464128750861, "mse": 63.822484391462702, "best_function": 0, "parameters": [26.421631251340674, 16.925318715481765, -2.0336450760493787, 1.0, 0.9940486697739559, 0.43298733259932332, 26.859482092587836]}}, "street_tally": [1.0, 0.0, 1.0]}