{"nature_results": {"Traffic Island Link At Junction": {"mae": 5.945451018255719, "mse": 62.886173628393074, "best_function": 2, "parameters": [-5.6889085308268017, 2.8801644000013105, 0.71818544306940146, 1.0, -0.069560583919752395, 1.03566076374525, -5.295982628363392, 9.9142207875925834, 17.891343566020865]}, "Single Carriageway": {"mae": 8.504980481859949, "mse": 122.36617777081595, "best_function": 2, "parameters": [-9.2538580082509156, 0.095871589979327654, -1.4992401119986494, 1.0, -0.069232381944329457, 0.79580748510134669, -2.6702416363992709, 2.0762962855534655, 27.33836905557067]}, "Dual Carriageway": {"mae": 16.127161911313816, "mse": 363.73794874165065, "best_function": 1, "parameters": [1.5165713657564184, 0.98413017469406239, 0.99780762829330993, 0.29356632968278573, 1.2537101474618053, 2.8690612764420695, 1.0, 21.299788913538645]}, "Traffic Island Link": {"mae": 18.556938986473146, "mse": 492.68466600390201, "best_function": 0, "parameters": [1.0, 1.0, 1.0, 1.0, 1.0, 1.0, 1.0]}}, "street_tally": [1.0, 1.0, 2.0]}