{"nature_results": {"Traffic Island Link At Junction": {"mae": 10.852476915965745, "mse": 260.45479501140761, "best_function": 2, "parameters": [-1.0749530323832892, 10.955481873834747, -3.3435041109171788, 1.0, 0.081614059630730096, -0.78623686192730813, 1.7008905022577574, 0.44158986947503109, 23.173257733400622]}, "Single Carriageway": {"mae": 18.143884182779225, "mse": 433.83314271734298, "best_function": 0, "parameters": [1.0, 1.0, 1.0, 1.0, 1.0, 1.0, 1.0]}, "Dual Carriageway": {"mae": 18.343408751781514, "mse": 411.51612535402637, "best_function": 0, "parameters": [1.0, 1.0, 1.0, 1.0, 1.0, 1.0, 1.0]}, "Traffic Island Link": {"mae": 22.96653166935501, "mse": 654.61384658645079, "best_function": 0, "parameters": [1.0, 1.0, 1.0, 1.0, 1.0, 1.0, 1.0]}}, "street_tally": [3.0, 0.0, 1.0]}