{"nature_results": {"Single Carriageway": {"mae": 10.822977382373443, "mse": 176.8389388989425, "best_function": 1, "parameters": [2.4366554176325455, 0.98003675900224829, 0.98630073188769429, -0.17751603711602071, 1.4310545538043629, 2.0460045874686954, 1.0, 21.593966708473211]}, "Dual Carriageway": {"mae": 7.1352963578482012, "mse": 85.106869150178028, "best_function": 2, "parameters": [0.28592713999172392, 3.1986629380128337, -0.73355147927743203, 1.0, 0.01972677658293287, -0.29361142599964629, 1.1158970606662311, -0.43774777141808485, 25.027259145028189]}, "Slip Road": {"mae": 8.6642205208357321, "mse": 129.93649212469003, "best_function": 2, "parameters": [-7.698248723733883, 3.70119334478485, -1.1037360679728527, 1.0, -0.044463802465640745, 0.48204437140792433, -1.1979839545331408, -0.47554101383752112, 20.953869536619397]}}, "street_tally": [0.0, 1.0, 2.0]}