{"nature_results": {"Traffic Island Link At Junction": {"mae": 2.9322034570444235, "mse": 16.53783320449805, "best_function": 2, "parameters": [-1.1215637439396957, 2.0673258485326178, -0.041711115830935119, 1.0, -0.045030235940716867, 0.50137665446678237, -1.6284586963136842, 1.3967773960484924, 20.058190966279206]}, "Single Carriageway": {"mae": 5.6804527096630775, "mse": 60.322625583750529, "best_function": 2, "parameters": [1.3149323572347345, 0.34331009015796221, -0.81674803295030296, 1.0, -0.057746270983558556, 0.63252394834616643, -2.0893861448590667, 1.9941763214047044, 27.146957349969977]}, "Roundabout": {"mae": 5.2330322528593651, "mse": 59.382497393356147, "best_function": 2, "parameters": [1.1651908672218274, 5.5560152418224344, -3.731211821177979, 1.0, 0.068922027258968566, -0.79303332605688115, 2.3446340746152599, -0.23630507091676334, 20.343393270776271]}}, "street_tally": [0.0, 0.0, 3.0]}