{"nature_results": {"Traffic Island Link At Junction": {"mae": 18.687377255329817, "mse": 521.90636513221898, "best_function": 0, "parameters": [1.0, 1.0, 1.0, 1.0, 1.0, 1.0, 1.0]}, "Single Carriageway": {"mae": 6.8204462646789255, "mse": 74.904693693131847, "best_function": 1, "parameters": [2.1909179178112796, 0.5566161294612586, 0.8135204587559236, -0.059469609302075233, 1.3876269886250112, -0.46483723754363071, 1.0, 24.099485791233075]}}, "street_tally": [1.0, 1.0, 0.0]}