{"nature_results": {"Single Carriageway": {"mae": 11.465754239227261, "mse": 164.9523083641962, "best_function": 1, "parameters": [4.9883124146563738, 0.95518499029685799, 1.0053869077154578, -1.3325897793384658, 1.8408277280805463, -2.4408759647502127, 1.0, 15.170544268537789]}}, "street_tally": [0.0, 1.0, 0.0]}