{"nature_results": {"Single Carriageway": {"mae": 19.77875516477436, "mse": 444.80386535321844, "best_function": 0, "parameters": [1.0, 1.0, 1.0, 1.0, 1.0, 1.0, 1.0]}}, "street_tally": [1.0, 0.0, 0.0]}