{"nature_results": {"Single Carriageway": {"mae": 17.315895017259127, "mse": 617.98435417911469, "best_function": 1, "parameters": [0.10186664198041506, 0.98586207576131668, 0.9741802334601638, 1.000198036120429, 0.99045125947306656, 1.07644136770113, 1.0, 28.890105718410272]}, "Traffic Island Link": {"mae": 9.6468440672151399, "mse": 140.42330293296811, "best_function": 2, "parameters": [175.82366534327463, 99.031051700300452, 0.83619447056014284, 1.0, 0.38522560338769718, -4.8416313019329911, 17.868424120587381, -16.222638212409684, 17.260524950983108]}}, "street_tally": [0.0, 1.0, 1.0]}