{"nature_results": {"Single Carriageway": {"mae": 19.965425822426223, "mse": 454.70404130947804, "best_function": 0, "parameters": [1.0, 1.0, 1.0, 1.0, 1.0, 1.0, 1.0]}}, "street_tally": [1.0, 0.0, 0.0]}