{"nature_results": {"Slip Road": {"mae": 3.3353804492631873, "mse": 17.862007099908542, "best_function": 0, "parameters": [1.0, 1.0, 1.0, 1.0, 1.0, 1.0, 1.0]}}, "street_tally": [1.0, 0.0, 0.0]}