{"nature_results": {"Traffic Island Link At Junction": {"mae": 7.8940845315426493, "mse": 153.49679829020275, "best_function": 2, "parameters": [-9.4208622347916258, 4.2280589211713178, -1.1654503997961552, 1.0, 0.29209182118843158, -3.4030255272228045, 12.491309162663397, -16.144392692368196, 29.892275181744687]}, "Single Carriageway": {"mae": 16.147219384275108, "mse": 444.23748694727908, "best_function": 1, "parameters": [1.4530865458203555, 0.99312432197591916, 0.98703572370553283, 0.33441525517014847, 1.2368819138268332, 0.54339147740269389, 1.0, 21.262527790786567]}}, "street_tally": [0.0, 1.0, 1.0]}