{"nature_results": {"Single Carriageway": {"mae": 7.4132441742639639, "mse": 80.330094732671327, "best_function": 0, "parameters": [1.0, 1.0, 1.0, 1.0, 1.0, 1.0, 1.0]}}, "street_tally": [1.0, 0.0, 0.0]}