{"nature_results": {"Traffic Island Link At Junction": {"mae": 5.7270811174675691, "mse": 51.248541020506529, "best_function": 2, "parameters": [11.494360208458938, 17.099023282051668, -0.25415416174209815, 1.0, -0.09115208903240557, 0.98601824127560422, -3.0827492788518853, 3.2593106520351514, 15.567626012538151]}, "Single Carriageway": {"mae": 4.7893369301279076, "mse": 37.847746401009687, "best_function": 2, "parameters": [-1.4731816222008507, 7.2084962063143179, -0.183927882418911, 1.0, -0.28826563459470722, 3.2801270816781121, -11.138729658228062, 10.961522763310567, 31.595316980900154]}}, "street_tally": [0.0, 0.0, 2.0]}