{"nature_results": {"Single Carriageway": {"mae": 18.494063037811355, "mse": 378.0936801209553, "best_function": 0, "parameters": [1.0, 1.0, 1.0, 1.0, 1.0, 1.0, 1.0]}}, "street_tally": [1.0, 0.0, 0.0]}