{"nature_results": {"Single Carriageway": {"mae": 4.7356698454344448, "mse": 36.79076944663236, "best_function": 2, "parameters": [-3.042753267052035, 0.054568762853846153, -0.9103572255315957, 1.0, 0.032729479440368858, -0.50269113670919774, 2.1046030543846772, -2.074008676782674, 27.849833885540551]}}, "street_tally": [0.0, 0.0, 1.0]}