{"nature_results": {"Traffic Island Link At Junction": {"mae": 8.5315204762764782, "mse": 150.77028368185168, "best_function": 0, "parameters": [1.0, 1.0, 1.0, 1.0, 1.0, 1.0, 1.0]}, "Single Carriageway": {"mae": 5.1940803099836916, "mse": 51.413156232830502, "best_function": 2, "parameters": [0.084758936387173245, 3.0683727756307673, -1.7381774439284365, 1.0, 0.028915574284140599, -0.38151155414188742, 1.2420219922954014, -0.47109025440267249, 27.503982280847211]}, "Dual Carriageway": {"mae": 8.0397308408347854, "mse": 110.81827348922148, "best_function": 1, "parameters": [1.8044533211689391, 0.98512738633959884, 0.9876077432095427, 0.12461062653860366, 1.3209316817349919, 2.6673534439487039, 1.0, 23.40053432068343]}, "Slip Road": {"mae": 6.1812043517739674, "mse": 71.908163850975228, "best_function": 0, "parameters": [1.0, 1.0, 1.0, 1.0, 1.0, 1.0, 1.0]}}, "street_tally": [2.0, 1.0, 1.0]}