{"nature_results": {"Single Carriageway": {"mae": 5.4849938182776565, "mse": 56.707118696220562, "best_function": 2, "parameters": [8.7207164319490182, 3.8716788674536162, 1.6269010672058755, 1.0, -0.04241673102426069, 0.37848464579510555, -1.1017784383517872, 2.1726326327726015, 24.476332436985867]}, "Slip Road": {"mae": 5.2021521988574326, "mse": 37.447127398005264, "best_function": 2, "parameters": [6.1991034312742741, 10.35755051105617, -1.0966865411496447, 1.0, 0.099899827033218425, -1.059532920355835, 3.5105499571300713, -4.6835363613136485, 9.8425031850788542]}}, "street_tally": [0.0, 0.0, 2.0]}