{"nature_results": {"Traffic Island Link At Junction": {"mae": 6.3423299198299219, "mse": 78.529576671450087, "best_function": 2, "parameters": [6.9729672830453042, 25.284118793589151, -0.59355608286854977, 1.0, -0.12485092264286379, 1.4099071931825682, -4.9235955419780595, 6.1827969406149306, 23.832814091413798]}, "Single Carriageway": {"mae": 6.8384334947562451, "mse": 74.368123755271171, "best_function": 0, "parameters": [3.760001896150984, 17.390911366200321, -0.024130387949234722, 1.0, 2.1148160661572044, 0.032500004628189694, 29.94167076140506]}, "Dual Carriageway": {"mae": 5.4596249089125211, "mse": 53.048214227991174, "best_function": 2, "parameters": [12.200737885930504, 16.162070641389448, -1.6128113719039034, 1.0, -0.13042162198377327, 1.6490212400447493, -6.7448696146074916, 9.0581683054422406, 35.087934832470388]}}, "street_tally": [1.0, 0.0, 2.0]}