{"nature_results": {"Traffic Island Link At Junction": {"mae": 3.2867575331724774, "mse": 17.942223096028989, "best_function": 1, "parameters": [-0.0026084976567459783, 0.99649612570700863, 0.98861321369451782, 0.97655211187109847, 1.0130366262789545, 0.14427756858930996, 1.0, 23.831423984807579]}, "Single Carriageway": {"mae": 3.6773720003641612, "mse": 23.99986385942147, "best_function": 0, "parameters": [-5.2327784621841023, 2.3195790305314232, -1.746990785494567, 1.0, 0.16166846987017836, 0.94650173974532625, 31.060100628583307]}}, "street_tally": [1.0, 1.0, 0.0]}