{"nature_results": {"Traffic Island Link At Junction": {"mae": 22.039270682592942, "mse": 573.37502417518078, "best_function": 0, "parameters": [1.0, 1.0, 1.0, 1.0, 1.0, 1.0, 1.0]}, "Single Carriageway": {"mae": 7.9151322337049885, "mse": 101.60557712088527, "best_function": 2, "parameters": [1.4138298426205356, 12.918453412168125, -1.3681816091633627, 1.0, -0.1953178591928606, 2.5075528529585913, -10.296679990783085, 13.236110627850715, 34.608962398479797]}, "Dual Carriageway": {"mae": 4.9435405847906324, "mse": 45.381261643863184, "best_function": 2, "parameters": [-5.767666528638145, 3.6816179638320503, -1.8935953672904891, 1.0, -0.067958845516457922, 0.73688083355168565, -2.4647783980905871, 2.4581964997797972, 54.839161654839614]}, "Slip Road": {"mae": 10.651149410025912, "mse": 185.86744783178398, "best_function": 2, "parameters": [4.2112904278326049, 8.4653528513393539, -0.042919928638568416, 1.0, -0.072101372051985857, 0.83769241931186811, -2.8609137382504026, 2.2269964415152819, 35.576487227420166]}}, "street_tally": [1.0, 0.0, 3.0]}