{"nature_results": {"Traffic Island Link At Junction": {"mae": 14.665608434023383, "mse": 323.08670227280038, "best_function": 0, "parameters": [1.0, 1.0, 1.0, 1.0, 1.0, 1.0, 1.0]}, "Single Carriageway": {"mae": 10.740246229857338, "mse": 207.6073686037422, "best_function": 1, "parameters": [1.5178957820414414, 0.99558044714909522, 1.0019859328670355, 0.291522775195727, 1.2549950111858368, 0.75898100436606286, 1.0, 20.201591979556266]}, "Traffic Island Link": {"mae": 22.25737288652445, "mse": 565.5608693658229, "best_function": 0, "parameters": [1.0, 1.0, 1.0, 1.0, 1.0, 1.0, 1.0]}}, "street_tally": [2.0, 1.0, 0.0]}