{"nature_results": {"Traffic Island Link At Junction": {"mae": 23.123388954750304, "mse": 646.49547087117264, "best_function": 0, "parameters": [1.0, 1.0, 1.0, 1.0, 1.0, 1.0, 1.0]}, "Single Carriageway": {"mae": 24.614553675889443, "mse": 670.46937401743889, "best_function": 0, "parameters": [1.0, 1.0, 1.0, 1.0, 1.0, 1.0, 1.0]}, "Slip Road": {"avg_speed": {"mae": 9.0281375872280094, "mse": 124.88641855438914, "best_function": 2, "parameters": [5.6131962121259642, 5.8097525990336205, 1.8199097797205739, 1.0, 0.033059586174011724, -0.68395039157433168, 3.5841335504799137, -4.9011093188704331, 30.408025337593088]}}, "Traffic Island Link": {"mae": 9.0281375872280094, "mse": 124.88641855438914, "best_function": 2, "parameters": [5.6131962121259642, 5.8097525990336205, 1.8199097797205739, 1.0, 0.033059586174011724, -0.68395039157433168, 3.5841335504799137, -4.9011093188704331, 30.408025337593088]}}, "street_tally": [2.0, 0.0, 1.0]}