{"nature_results": {"Single Carriageway": {"mae": 8.7583784161797027, "mse": 195.52465371137541, "best_function": 2, "parameters": [3.8663833675816961, 10.528604811190894, 0.00046089121600068061, 1.0, 0.042799383698079119, -0.94673961287703245, 5.8423934855837949, -9.7624350355849341, 10.759212518314984]}}, "street_tally": [0.0, 0.0, 1.0]}