{"nature_results": {"Traffic Island Link At Junction": {"mae": 6.2857439160305297, "mse": 73.941591066262632, "best_function": 2, "parameters": [3.1843810901024012, 4.0673360888864103, 0.26463083553872924, 1.0, -0.19238691955978537, 2.3464087177182722, -9.1032970645746651, 11.48354225049715, 32.667888347338511]}, "Single Carriageway": {"mae": 21.708190984442211, "mse": 539.24203531223748, "best_function": 0, "parameters": [1.0, 1.0, 1.0, 1.0, 1.0, 1.0, 1.0]}, "Slip Road": {"mae": 5.6462625526663341, "mse": 40.387300347994533, "best_function": 0, "parameters": [119.40150454945665, 73.79536543303432, 1.9517833526114443, 1.0, -1.0617760760488291, 1.0227422854480657, 11.46976758255472]}, "Dual Carriageway": {"mae": 8.6047473207516791, "mse": 105.68788807398785, "best_function": 2, "parameters": [2.036804024232322, 6.5413061424032151, 2.7970842490616974, 1.0, -0.079987570336289338, 1.1824317228997869, -5.7999313696153241, 8.9852923521596466, 14.058808814737876]}, "Traffic Island Link": {"mae": 26.864080912188161, "mse": 805.72256979322708, "best_function": 0, "parameters": [1.0, 1.0, 1.0, 1.0, 1.0, 1.0, 1.0]}}, "street_tally": [3.0, 0.0, 2.0]}