{"nature_results": {"Single Carriageway": {"mae": 5.7079070226364728, "mse": 58.766312587004357, "best_function": 2, "parameters": [0.66662926302327352, 3.4723402944471413, -0.29480321211397786, 1.0, -0.030321826286934472, 0.15738657153616098, -0.040833107167248306, 0.38813331642714, 26.228043151643039]}}, "street_tally": [0.0, 0.0, 1.0]}