{"nature_results": {"Single Carriageway": {"mae": 23.779781665136383, "mse": 638.68991113078027, "best_function": 0, "parameters": [1.0, 1.0, 1.0, 1.0, 1.0, 1.0, 1.0]}, "Roundabout": {"mae": 6.4561820120645921, "mse": 76.366364259359855, "best_function": 2, "parameters": [-3.0610153248337522, 14.031550282464273, -2.7132250319921214, 1.0, -0.047268791762323348, 0.68419818779501984, -2.4538615846764746, 0.41102548125746907, 22.545981237901536]}}, "street_tally": [1.0, 0.0, 1.0]}