{"nature_results": {"Traffic Island Link At Junction": {"mae": 11.682054960841812, "mse": 204.84212513479372, "best_function": 0, "parameters": [1.0, 1.0, 1.0, 1.0, 1.0, 1.0, 1.0]}, "Single Carriageway": {"mae": 5.7541190190743121, "mse": 60.976419310657271, "best_function": 2, "parameters": [22.920352098488188, 18.680313668116753, -3.3861070833779809, 1.0, -0.041069128066520078, 0.46365544644261236, -1.3672172519573542, 0.74572527459975202, 26.264821777546622]}, "Traffic Island Link": {"mae": 13.169313608426059, "mse": 211.08340456626792, "best_function": 0, "parameters": [1.0, 1.0, 1.0, 1.0, 1.0, 1.0, 1.0]}}, "street_tally": [2.0, 0.0, 1.0]}