{"nature_results": {"Single Carriageway": {"mae": 25.073969334826931, "mse": 708.2573673518998, "best_function": 0, "parameters": [1.0, 1.0, 1.0, 1.0, 1.0, 1.0, 1.0]}}, "street_tally": [1.0, 0.0, 0.0]}