{"nature_results": {"Single Carriageway": {"mae": 5.9644687604935154, "mse": 58.046788654362402, "best_function": 2, "parameters": [2.6764024872005705, 0.81650241564219117, 1.3760013621271863, 1.0, -0.19599609189390854, 2.4524444329935933, -9.6317093033913199, 12.139397492827843, 26.084363002950106]}}, "street_tally": [0.0, 0.0, 1.0]}