{"nature_results": {"Single Carriageway": {"mae": 21.41536437580362, "mse": 483.52981497904852, "best_function": 0, "parameters": [1.0, 1.0, 1.0, 1.0, 1.0, 1.0, 1.0]}}, "street_tally": [1.0, 0.0, 0.0]}