{"nature_results": {"Single Carriageway": {"mae": 7.2745664785833606, "mse": 86.291084999199683, "best_function": 2, "parameters": [20.021202533657789, 22.345873083740788, -4.9801080703410836, 1.0, 0.071512995592307171, -0.90159622108181536, 3.4566684331447348, -4.0469682436310945, 28.301917502379776]}}, "street_tally": [0.0, 0.0, 1.0]}