{"nature_results": {"Single Carriageway": {"mae": 7.3628557856064907, "mse": 89.605756044091308, "best_function": 2, "parameters": [-1.9103697942513342, 0.77405868925631272, 0.13526045344005078, 1.0, -0.076054509326491937, 0.80808201813790892, -2.8573140692662475, 4.4734770773842056, 22.343420136295336]}, "Slip Road": {"mae": 5.3575429339289844, "mse": 50.903266586290961, "best_function": 0, "parameters": [-2.0447585414488607, 0.94913828150938961, 1.0979010648698724, 1.0, 0.41764834139471296, 1.0923715089743766, 12.39719969893636]}}, "street_tally": [1.0, 0.0, 1.0]}