{"nature_results": {"Traffic Island Link At Junction": {"mae": 10.565498473925672, "mse": 169.96125746146021, "best_function": 1, "parameters": [0.045131956853872501, 0.82141840540279953, 0.92451048242460931, 0.93798250933621619, 1.0310815426703042, 3.3872185199903333, 1.0, 13.252992672617209]}, "Single Carriageway": {"mae": 19.518693636511603, "mse": 450.66308776706546, "best_function": 0, "parameters": [1.0, 1.0, 1.0, 1.0, 1.0, 1.0, 1.0]}, "Slip Road": {"mae": 6.536291706372924, "mse": 66.72512705880996, "best_function": 2, "parameters": [14.411347957885649, 3.0805580283411138, -2.4883009686823709, 1.0, 0.20178258121633141, -2.2453143845757979, 7.8267154182201244, -9.3926448030272418, 15.192257537682206]}, "Dual Carriageway": {"mae": 15.531452462397759, "mse": 311.0098456936559, "best_function": 0, "parameters": [1.0, 1.0, 1.0, 1.0, 1.0, 1.0, 1.0]}, "Traffic Island Link": {"mae": 27.09994933555307, "mse": 797.22370535320101, "best_function": 0, "parameters": [1.0, 1.0, 1.0, 1.0, 1.0, 1.0, 1.0]}}, "street_tally": [3.0, 1.0, 1.0]}