{"nature_results": {"Single Carriageway": {"mae": 213.64290856071975, "mse": 209462.9742688507, "best_function": 1, "parameters": [1.0, 1.0, 1.0, 1.0, 1.0, 1.0, 1.0, 1.0]}}, "street_tally": [0.0, 1.0, 0.0]}