{"nature_results": {"Traffic Island Link At Junction": {"mae": 9.9834523548623402, "mse": 146.29916439001528, "best_function": 0, "parameters": [1.0, 1.0, 1.0, 1.0, 1.0, 1.0, 1.0]}, "Single Carriageway": {"mae": 6.2645270869893244, "mse": 74.92162115552469, "best_function": 2, "parameters": [-1.2076035987299512, 3.5958786188082703, 0.070851176339062905, 1.0, 0.031512778091939087, -0.41213265560369927, 1.3062106237977325, 0.36523913743936987, 23.365498653453816]}, "Roundabout": {"mae": 7.2104285109899386, "mse": 140.3340335829061, "best_function": 1, "parameters": [1.7173128992325648, 0.99201138060090988, 0.99268751988502768, 0.18334111025086597, 1.2963478131833779, 1.4131435877588685, 1.0, 15.36305921875354]}, "Dual Carriageway": {"mae": 6.1920390862123948, "mse": 67.202393608891228, "best_function": 2, "parameters": [-5.0764162766436032, 1.3412191165973171, -0.024602215988766218, 1.0, 0.0076559499473540793, -0.14902863537355548, 0.82816576966132238, -0.77546280984002758, 26.38380328211835]}, "Traffic Island Link": {"mae": 7.9021477414323513, "mse": 109.42875752103598, "best_function": 1, "parameters": [1.8847876273759629, 0.9997986943821231, 1.0154133433278809, 0.10720000593686296, 1.3233954834733661, 0.19172469222794197, 1.0, 25.197744025837718]}}, "street_tally": [1.0, 2.0, 2.0]}