{"nature_results": {"Traffic Island Link At Junction": {"mae": 7.0547006994171051, "mse": 91.885687918991252, "best_function": 0, "parameters": [4.565170117800033, 8.5197747793062639, 0.71723558261104248, 1.0, 1.4819199788321147, 0.67689138900780343, 19.630906182567397]}, "Single Carriageway": {"mae": 4.875019140334679, "mse": 142.40209742934169, "best_function": 2, "parameters": [9.7401059197792037, 9.3638735952426639, -0.12761390097883019, 1.0, -0.053832177034901507, 0.61884632628658776, -2.0013709550123844, 1.5369837009976963, 20.365474038650255]}}, "street_tally": [1.0, 0.0, 1.0]}