{"nature_results": {"Single Carriageway": {"mae": 5.554689691400843, "mse": 52.278520788054315, "best_function": 1, "parameters": [2.3168385997643237, 1.010942024081551, 1.0393770613325535, -0.079976600967724965, 1.388381450470114, -0.3493799370866677, 1.0, 15.823747957169791]}}, "street_tally": [0.0, 1.0, 0.0]}