{"nature_results": {"Traffic Island Link At Junction": {"mae": 4.6936922632069269, "mse": 38.427564261128659, "best_function": 0, "parameters": [0.24292796127289684, 7.6168788870736996, 1.2121619615652395, 1.0, 1.6951022955681028, 0.22157513496623293, 20.946674487709874]}, "Single Carriageway": {"mae": 7.0409173898904465, "mse": 92.49384352462171, "best_function": 0, "parameters": [-7.3838458530255551, 4.3784101640831956, -1.3966006587049127, 1.0, 1.2372064354561059, 0.28115516340097613, 31.54113694405746]}, "Roundabout": {"mae": 5.8891724881675982, "mse": 78.58553486470862, "best_function": 2, "parameters": [-1.6371897712416712, 11.668151948938339, 2.592681413887667, 1.0, 0.056232652925832127, -0.46619109454252228, 0.41940989891765301, 1.6502048151134696, 21.914522046416412]}, "Traffic Island Link": {"mae": 7.7135247724334715, "mse": 113.32646559789916, "best_function": 2, "parameters": [2.8465366628298829, 1.0837516019327995, -0.64603020226012009, 1.0, 0.023534137182287695, -0.35734324357880687, 1.4278118497147083, -0.60460765532716199, 35.885564822797747]}}, "street_tally": [2.0, 0.0, 2.0]}