{"nature_results": {"Traffic Island Link At Junction": {"mae": 7.9266650677038131, "mse": 119.77909856487511, "best_function": 2, "parameters": [-4.4592206824391019, 3.0988973526428825, -2.8523934212925166, 1.0, 0.076488745102314404, -0.96409537235027654, 3.226728659810421, -1.8912424747564844, 41.442782485658121]}, "Single Carriageway": {"mae": 5.1705654347125565, "mse": 45.854874426877522, "best_function": 2, "parameters": [1.3278168931495804, 6.3961777785944482, -1.1622895043785184, 1.0, 0.061173641392125888, -0.77889711888011526, 2.6807898398053718, -1.795349803895907, 39.352796570256373]}, "Dual Carriageway": {"mae": 8.0030276317220377, "mse": 106.1549959851373, "best_function": 2, "parameters": [12.482281348455938, 12.00264521248816, -1.9727562201146793, 1.0, 0.049881011048132584, -0.62369201916342898, 2.0705177668423711, -0.9366163610736673, 24.499303738112452]}, "Traffic Island Link": {"mae": 6.0521443137442956, "mse": 67.368810488175413, "best_function": 2, "parameters": [-2.4579791265040387, 3.1390395661159549, -0.0049616074658689335, 1.0, 0.10065442884036935, -1.2276067028415993, 4.1202368318228544, -2.8428874983151333, 44.960469337442127]}}, "street_tally": [0.0, 0.0, 4.0]}