{"nature_results": {"Slip Road": {"mae": 6.1615949031045876, "mse": 73.763419853974185, "best_function": 1, "parameters": [2.6936349518602296, 0.91468566894890446, 0.93795714932606988, -0.38773783098692216, 1.5241817991130397, 2.6804697559156176, 1.0, 29.299904723950142]}, "Dual Carriageway": {"mae": 28.367243863529023, "mse": 885.54729715128133, "best_function": 0, "parameters": [1.0, 1.0, 1.0, 1.0, 1.0, 1.0, 1.0]}, "Roundabout": {"mae": 9.4879282291936615, "mse": 149.75846318943934, "best_function": 2, "parameters": [-12.469841404789493, 10.685375305686135, -2.8121126793132722, 1.0, 0.093452607022543988, -1.5227346301061151, 8.7384316726771125, -19.004827885554807, 41.280245445534135]}}, "street_tally": [1.0, 1.0, 1.0]}