{"nature_results": {"Slip Road": {"mae": 6.1428685895416324, "mse": 75.458024155557894, "best_function": 2, "parameters": [11.898281370035203, 4.5885652518738675, -1.4523277451771031, 1.0, 0.092164711875254435, -1.1336691732151247, 4.0496743892380298, -3.2748992577333453, 36.016012426393047]}, "Dual Carriageway": {"mae": 9.3819833859196091, "mse": 142.45899800190827, "best_function": 2, "parameters": [1.938936463404171, 4.0406182025312187, -1.4596522740952098, 1.0, 0.028594774038607107, -0.44931877841100865, 1.9211781966995038, -1.7365587185374958, 39.533743326628247]}, "Roundabout": {"mae": 7.5825776040869002, "mse": 107.13873705150796, "best_function": 2, "parameters": [-3.2785189364129366, 4.9429783150326951, -0.4316484324926968, 1.0, -0.074174256683971596, 0.91979120305756623, -3.9510099408737949, 6.8962418464578148, 25.025055387739965]}}, "street_tally": [0.0, 0.0, 3.0]}