{"nature_results": {"Slip Road": {"mae": 3.6060482762653416, "mse": 30.146069519526076, "best_function": 2, "parameters": [30.095085116177465, 10.272816232992207, -0.21215237288552302, 1.0, 0.036786975237825814, -0.41663241710873367, 1.8424900567867655, -4.2418496184805914, 5.8565024813621944]}, "Dual Carriageway": {"mae": 10.320962881799845, "mse": 174.47822438614787, "best_function": 2, "parameters": [-1.345393727820452, 1.9902593967442033, -0.24044184084557418, 1.0, 0.0025784662195993402, -0.24917449335132003, 1.8163737526269945, -3.0502446329064519, 35.930930439360232]}}, "street_tally": [0.0, 0.0, 2.0]}