{"nature_results": {"Traffic Island Link At Junction": {"mae": 4.5821822609401144, "mse": 34.797318983736908, "best_function": 2, "parameters": [14.726630147964466, 18.375710013596027, -1.0952140839071327, 1.0, -0.0073141264678224793, -0.034081742602295684, 0.61880472062631608, -1.0731493194379835, 23.057244468313126]}, "Single Carriageway": {"mae": 6.1019941147315695, "mse": 70.493132293770302, "best_function": 0, "parameters": [1.6805480916858202, 6.1985433922751829, -0.45550689202740213, 1.0, 0.086210524437923985, 1.0018785366811829, 32.223351082817963]}, "Roundabout": {"mae": 6.2473572256438397, "mse": 71.450642167313731, "best_function": 2, "parameters": [4.0895906482809732, 5.4385558462747401, -1.4594247620965355, 1.0, -0.082731967350882396, 0.89700931557700669, -2.8281073434817237, 2.2849153813596104, 26.008455848805585]}, "Dual Carriageway": {"mae": 9.5288016430898015, "mse": 160.10554377708866, "best_function": 2, "parameters": [7.1489077047115428, 3.0734686976664762, 0.97107925438677622, 1.0, -0.041990980694405655, 0.41035620421427488, -1.0306144730301194, 0.1782619511975746, 31.844613110857974]}, "Slip Road": {"mae": 6.9866217879237889, "mse": 72.415690610572454, "best_function": 0, "parameters": [1.0, 1.0, 1.0, 1.0, 1.0, 1.0, 1.0]}}, "street_tally": [2.0, 0.0, 3.0]}