{"nature_results": {"Traffic Island Link At Junction": {"mae": 16.483283527165636, "mse": 320.53882569051945, "best_function": 0, "parameters": [1.0, 1.0, 1.0, 1.0, 1.0, 1.0, 1.0]}, "Single Carriageway": {"mae": 9.8601607371690871, "mse": 161.19348523299908, "best_function": 2, "parameters": [14.09596564881897, 3.3335312418881888, 1.7784938269267581, 1.0, -0.23378340909357931, 2.6189443851064915, -7.9287051309686127, 3.3762374145469605, 36.547117808970022]}, "Slip Road": {"avg_speed": {"mae": 9.3210067490450825, "mse": 105.6101269019814, "best_function": 1, "parameters": [3.7911913027044548, 1.0823413787335812, 1.1512949639315075, -0.83024156556736362, 1.669684872034813, -2.8211002759013528, 1.0, 14.110348457986158]}}, "Dual Carriageway": {"mae": 9.3210067490450825, "mse": 105.6101269019814, "best_function": 1, "parameters": [3.7911913027044548, 1.0823413787335812, 1.1512949639315075, -0.83024156556736362, 1.669684872034813, -2.8211002759013528, 1.0, 14.110348457986158]}, "Traffic Island Link": {"mae": 37.370848663200441, "mse": 1507.4226312532016, "best_function": 0, "parameters": [1.0, 1.0, 1.0, 1.0, 1.0, 1.0, 1.0]}}, "street_tally": [2.0, 1.0, 1.0]}