{"nature_results": {"Single Carriageway": {"mae": 15.507352309988024, "mse": 287.68688653211069, "best_function": 0, "parameters": [1.0, 1.0, 1.0, 1.0, 1.0, 1.0, 1.0]}}, "street_tally": [1.0, 0.0, 0.0]}