{"nature_results": {"Single Carriageway": {"mae": 11.077244793940892, "mse": 200.51484665998385, "best_function": 1, "parameters": [1.6545225717702721, 0.93646941029168029, 0.95719885587876885, 0.23524736656943823, 1.2727314996911034, 0.22710197695823708, 1.0, 23.612317904868423]}}, "street_tally": [0.0, 1.0, 0.0]}