{"nature_results": {"Traffic Island Link At Junction": {"mae": 8.3870696129300466, "mse": 112.47080818183733, "best_function": 2, "parameters": [2.050673489724363, 1.9320808369327791, 1.0307525083303786, 1.0, -0.29699678135423047, 3.617844651785318, -13.825502331300514, 17.595915860792704, 13.939636971003647]}, "Single Carriageway": {"mae": 6.9505413206741622, "mse": 85.969011325633076, "best_function": 1, "parameters": [1.9062519552700148, 0.99488110056419909, 1.000413904903239, 0.14494437398712412, 1.3003178260200323, -2.0498299421131323, 1.0, 27.880683222187113]}, "Roundabout": {"mae": 4.7631014185401401, "mse": 61.113098707149739, "best_function": 1, "parameters": [-0.0080042183151523005, 0.99091785066241367, 0.98601058716761703, 1.0308758824820623, 0.98333005861186684, -0.41722362793477941, 1.0, 24.159276048896587]}, "Dual Carriageway": {"mae": 8.138854794165308, "mse": 144.38164033970307, "best_function": 2, "parameters": [1.5747777339338422, 2.3827870208408504, -0.67328733139878882, 1.0, -0.10760293554897049, 1.3499308524487725, -5.0127976251411841, 4.3736463092964506, 21.96158256002122]}, "Traffic Island Link": {"mae": 9.9919412485667571, "mse": 149.47116405317169, "best_function": 1, "parameters": [2.8383888480891057, 0.97961126780480612, 1.0764745509769484, -0.25631011775616974, 1.4375235410899598, -2.3806796832407273, 1.0, 26.581444926095593]}}, "street_tally": [0.0, 3.0, 2.0]}