{"nature_results": {"Traffic Island Link At Junction": {"avg_speed": {"mae": 15.756119512700158, "mse": 284.72960030390942, "best_function": 0, "parameters": [1.0, 1.0, 1.0, 1.0, 1.0, 1.0, 1.0]}}, "Single Carriageway": {"mae": 5.7152113678121594, "mse": 57.75455031151737, "best_function": 2, "parameters": [4.867162460579662, 1.095316972174043, 0.2617018527041175, 1.0, -0.068374165366107853, 0.91967540704279038, -4.0831484837340941, 5.9042300446808129, 26.570166224984728]}, "Dual Carriageway": {"mae": 8.9076031729060556, "mse": 123.04135361372386, "best_function": 2, "parameters": [3.0709313034430155, 3.3244117272051277, 0.15403738054253779, 1.0, -0.0048042892020376815, 0.13972645971230702, -1.1348459313178014, 2.7579757531097866, 28.320734427155873]}, "Slip Road": {"mae": 5.1424168316563863, "mse": 52.784183730889794, "best_function": 2, "parameters": [-4.2563038740553703, 8.9798580904299907, -1.6432922305051227, 1.0, 0.16967964185332651, -2.0732725095904474, 7.4972799782876143, -7.2643012800798932, 21.659544582444425]}}, "street_tally": [0.0, 0.0, 3.0]}