{"nature_results": {"Single Carriageway": {"mae": 6.1524668217620544, "mse": 66.093845902754978, "best_function": 2, "parameters": [33.577259509726176, 15.768202968674455, 4.2059383785226068, 1.0, 0.059237911154996659, -0.55814887054541518, 0.45314526432804825, 4.0307264823158349, 30.211602115381506]}, "Traffic Island Link": {"mae": 9.4700107427672471, "mse": 120.26934550659156, "best_function": 2, "parameters": [126.37645267168156, 69.849469783073417, 1.8707771536535605, 1.0, -0.24695526490279063, 2.9167129573993664, -10.829095191169696, 13.345967347985098, 14.823188475553698]}}, "street_tally": [0.0, 0.0, 2.0]}