{"nature_results": {"Traffic Island Link At Junction": {"mae": 7.1370130204278635, "mse": 76.566812671420848, "best_function": 2, "parameters": [14.898726033132847, 21.054453392400969, -1.0165682418028643, 1.0, -0.026018500604855221, 0.19534010811009561, 0.64706384972368047, -5.6196595096566373, 19.826432431712483]}, "Single Carriageway": {"mae": 5.8413237003034446, "mse": 75.243057974582911, "best_function": 0, "parameters": [-2.4704318526943863, 0.73139088580493783, 1.9565445388210696, 1.0, 1.3386792747194534, 0.20189275486909608, 26.768380046823047]}, "Slip Road": {"mae": 4.9374288325721229, "mse": 34.992871405764042, "best_function": 0, "parameters": [1.0, 1.0, 1.0, 1.0, 1.0, 1.0, 1.0]}, "Dual Carriageway": {"mae": 8.1047941473554879, "mse": 90.182456836425104, "best_function": 2, "parameters": [-9.6870688196862389, 0.24764424094707249, 1.9043694168629466, 1.0, -0.032029857686878715, 0.8210361407047635, -5.6823649784735242, 12.371693432855176, 7.3182918821164975]}, "Traffic Island Link": {"mae": 18.887749061180603, "mse": 409.42628965554866, "best_function": 0, "parameters": [1.0, 1.0, 1.0, 1.0, 1.0, 1.0, 1.0]}}, "street_tally": [3.0, 0.0, 2.0]}