{"nature_results": {"Traffic Island Link At Junction": {"mae": 13.646272024975982, "mse": 260.66353900561012, "best_function": 0, "parameters": [1.0, 1.0, 1.0, 1.0, 1.0, 1.0, 1.0]}, "Single Carriageway": {"mae": 4.7603833770606006, "mse": 44.149818314770513, "best_function": 1, "parameters": [-0.0043996905031269407, 1.0047637022224849, 1.0045222011072119, 0.99431485046751122, 1.0034618061615408, 0.067527654222901634, 1.0, 25.974552056915062]}}, "street_tally": [1.0, 1.0, 0.0]}