{"nature_results": {"Traffic Island Link At Junction": {"mae": 7.2076275736462838, "mse": 76.934074130867998, "best_function": 2, "parameters": [-0.21534328288822713, 2.0321371381938484, -4.1087883739927031, 1.0, 0.059413202353434391, -0.22078962003057523, -2.0567019084305067, 9.612434906643216, 9.8299375778617897]}, "Single Carriageway": {"mae": 6.1869132241307874, "mse": 61.744643190574962, "best_function": 1, "parameters": [2.1444334892205199, 0.99375059590148407, 0.99385403548553031, -0.020423414451470334, 1.3709255046972797, -0.32803872604131068, 1.0, 30.550834093538342]}}, "street_tally": [0.0, 1.0, 1.0]}