{"nature_results": {"Single Carriageway": {"mae": 4.9714492665521623, "mse": 46.29682259810096, "best_function": 2, "parameters": [9.3210212209438943, 3.0409885564108308, 2.171698046188403, 1.0, -0.21497131858392726, 2.5474158245737648, -9.484108998517744, 12.133838220589725, 21.035300691718799]}, "Dual Carriageway": {"mae": 6.3232961650467026, "mse": 70.36946048125985, "best_function": 2, "parameters": [-3.2903095086327863, 11.642314888845975, 4.7535288358338672, 1.0, -0.16036946435747357, 1.5041710670458468, -1.7785895461115131, -10.145032510530863, 23.084641094921434]}, "Slip Road": {"avg_speed": {"mae": 6.3232961650467026, "mse": 70.36946048125985, "best_function": 2, "parameters": [-3.2903095086327863, 11.642314888845975, 4.7535288358338672, 1.0, -0.16036946435747357, 1.5041710670458468, -1.7785895461115131, -10.145032510530863, 23.084641094921434]}}}, "street_tally": [0.0, 0.0, 2.0]}