{"nature_results": {"Traffic Island Link At Junction": {"mae": 19.463487349494439, "mse": 433.47321647085738, "best_function": 0, "parameters": [1.0, 1.0, 1.0, 1.0, 1.0, 1.0, 1.0]}, "Single Carriageway": {"mae": 21.577480579128299, "mse": 517.98262531766795, "best_function": 0, "parameters": [1.0, 1.0, 1.0, 1.0, 1.0, 1.0, 1.0]}, "Roundabout": {"mae": 7.1195074341097815, "mse": 98.587442250190549, "best_function": 2, "parameters": [-6.5866001589540675, 5.0037377055033252, 3.2818025954248027, 1.0, -0.19444766053663298, 2.2273925323391888, -8.0401299473727015, 10.819630396749599, 15.425444244038681]}}, "street_tally": [2.0, 0.0, 1.0]}