{"nature_results": {"Traffic Island Link At Junction": {"mae": 21.821779798089949, "mse": 517.39381383230273, "best_function": 0, "parameters": [1.0, 1.0, 1.0, 1.0, 1.0, 1.0, 1.0]}, "Single Carriageway": {"mae": 8.5957696013885325, "mse": 128.54281758273919, "best_function": 1, "parameters": [1.7681292519494449, 0.98352222793193478, 0.99809988798185689, 0.16646294869222522, 1.3008727748585849, 1.5139893516652327, 1.0, 20.355287462478323]}, "Slip Road": {"mae": 4.7294807931856457, "mse": 31.107663448907839, "best_function": 0, "parameters": [1.0, 1.0, 1.0, 1.0, 1.0, 1.0, 1.0]}}, "street_tally": [2.0, 1.0, 0.0]}