{"nature_results": {"Traffic Island Link At Junction": {"mae": 7.7238365159836828, "mse": 115.06512297749261, "best_function": 2, "parameters": [23.37749255668048, 9.985833510604289, -1.3806112336047196, 1.0, -0.075501754389236675, 0.53009351627654766, -0.2833005868998999, -1.5185515711776429, 27.489431386146371]}, "Single Carriageway": {"mae": 6.4670424186223467, "mse": 99.93759201843767, "best_function": 2, "parameters": [0.16934713526624701, 18.284974374054514, -0.43924198501270517, 1.0, 0.071707699396128866, -0.6032616104188484, 0.12569604963071679, 6.2254234516615918, 33.558900760207898]}}, "street_tally": [0.0, 0.0, 2.0]}