{"nature_results": {"Traffic Island Link At Junction": {"mae": 8.2275278699363792, "mse": 92.70620016743392, "best_function": 0, "parameters": [1.0, 1.0, 1.0, 1.0, 1.0, 1.0, 1.0]}, "Single Carriageway": {"mae": 10.996044178236916, "mse": 165.92405770221546, "best_function": 0, "parameters": [1.0, 1.0, 1.0, 1.0, 1.0, 1.0, 1.0]}}, "street_tally": [2.0, 0.0, 0.0]}