{"nature_results": {"Single Carriageway": {"mae": 37.527018879384165, "mse": 13049.107823202768, "best_function": 1, "parameters": [0.85421599150612992, 0.99451548587601768, 1.0164062415696105, 0.60980047232830825, 1.1395690478459839, -0.83304943551949862, 1.0, 21.02802395023128]}, "Roundabout": {"mae": 6.3728615465406735, "mse": 61.993967494992425, "best_function": 1, "parameters": [1.880413120501927, 1.0272980432888696, 1.0229360329266688, 0.11871814669711389, 1.3179289837351038, -1.0551046541336606, 1.0, 16.485686813038782]}, "Traffic Island Link": {"mae": 5.1072718912909023, "mse": 50.058969829509707, "best_function": 0, "parameters": [3.4518311461974633, 7.8840868142085947, 0.02316089541126376, 1.0, 1.5906030246300464, 0.33104943514493756, 29.48542674180014]}, "Traffic Island Link At Junction": {"mae": 4.5233361290546235, "mse": 66.631526646079209, "best_function": 2, "parameters": [1.7632106587580227, 6.5289187422670514, -0.38266693446020272, 1.0, 0.0088338921092875333, -0.057048428522205485, 0.16006615159529369, -0.27737418619900311, 15.647927514731666]}, "Slip Road": {"mae": 10.146420486806987, "mse": 117.6848794008894, "best_function": 0, "parameters": [1.0, 1.0, 1.0, 1.0, 1.0, 1.0, 1.0]}, "Dual Carriageway": {"mae": 15.945324803979949, "mse": 268.42353856928224, "best_function": 0, "parameters": [1.0, 1.0, 1.0, 1.0, 1.0, 1.0, 1.0]}}, "street_tally": [3.0, 2.0, 1.0]}