{"nature_results": {"Dual Carriageway": {"mae": 5.282688354090765, "mse": 50.965474339685485, "best_function": 2, "parameters": [0.67081815861731309, 1.8052113051485257, 1.2852178968359529, 1.0, 0.0059571043978887683, -0.14331558415298584, 1.0436078093051384, -2.1907827175592076, 16.646835241423201]}}, "street_tally": [0.0, 0.0, 1.0]}