{"nature_results": {"Single Carriageway": {"mae": 7.9128822221628417, "mse": 101.89691947866669, "best_function": 0, "parameters": [-3.8053010009903483, 10.93030281509672, -1.4877105714468852, 1.0, 2.8415437023068213, 0.038877277751619976, 35.557496884339038]}}, "street_tally": [1.0, 0.0, 0.0]}