{"nature_results": {"Single Carriageway": {"mae": 4.7088228065749238, "mse": 38.46838889657333, "best_function": 2, "parameters": [2.8521204445952391, 3.4603701423704591, -2.2479785320831085, 1.0, 0.02397836307825596, -0.28417175144129803, 0.59138234351545427, 1.4630855907693983, 27.931469269251203]}, "Dual Carriageway": {"mae": 10.010950454072269, "mse": 156.57516802613995, "best_function": 0, "parameters": [1.0, 1.0, 1.0, 1.0, 1.0, 1.0, 1.0]}}, "street_tally": [1.0, 0.0, 1.0]}