{"nature_results": {"Slip Road": {"mae": 11.700753220696265, "mse": 250.28565797908124, "best_function": 0, "parameters": [1.0, 1.0, 1.0, 1.0, 1.0, 1.0, 1.0]}, "Dual Carriageway": {"mae": 8.1456523700719128, "mse": 110.57812926216191, "best_function": 1, "parameters": [0.0021312623927303154, 1.0030492665076853, 1.0018173902639405, 0.99749175552537173, 1.0008600920308617, -0.36191741833766988, 1.0, 27.70701528010547]}}, "street_tally": [1.0, 1.0, 0.0]}