{"nature_results": {"Traffic Island Link At Junction": {"mae": 3.3171932336625511, "mse": 20.251200534608934, "best_function": 2, "parameters": [4.9955207335526488, 7.8721652696715081, -1.0537107529770466, 1.0, 0.013533716729414724, -0.13060977838307108, -0.19374729034772531, 3.0816457149753358, 25.329929816296261]}, "Single Carriageway": {"mae": 4.8874683501172074, "mse": 36.531412822304134, "best_function": 1, "parameters": [2.1625874125378881, 0.99806533623362981, 1.0182134043998883, -0.060551736246416077, 1.3908289008285186, 1.0169811188866777, 1.0, 21.231404722025282]}, "Dual Carriageway": {"mae": 7.0826033765510301, "mse": 79.74003543413211, "best_function": 1, "parameters": [2.7808287119213535, 1.003515918097172, 1.0271608043387328, -0.35715519467062373, 1.499013244036532, 3.2452099390611089, 1.0, 17.100408486989469]}}, "street_tally": [0.0, 2.0, 1.0]}