{"nature_results": {"Single Carriageway": {"mae": 4.609201950075196, "mse": 38.655380905110484, "best_function": 2, "parameters": [2.0785663501012897, 6.0299214858581314, 1.1346574241611713, 1.0, 0.049784893575390177, -0.67991112696861067, 2.8495637055706822, -3.5832222179616018, 28.685972632955895]}, "Dual Carriageway": {"mae": 7.3569349216604696, "mse": 79.517116472795067, "best_function": 0, "parameters": [3.7178958103392925, 8.7695019450904574, -3.2610789952277113, 1.0, 1.4662453834920588, 0.062708064084875836, 25.345077071253442]}}, "street_tally": [1.0, 0.0, 1.0]}