{"nature_results": {"Traffic Island Link At Junction": {"mae": 5.4012010933295054, "mse": 38.52014996408483, "best_function": 2, "parameters": [16.056573027763839, 13.590592112408041, -2.9537901783013192, 1.0, 0.083287517321155913, -1.0633454363184569, 4.8325311304273288, -8.1331873578617522, 14.928863714521274]}, "Single Carriageway": {"mae": 17.88483183512901, "mse": 373.07754901306481, "best_function": 0, "parameters": [1.0, 1.0, 1.0, 1.0, 1.0, 1.0, 1.0]}, "Slip Road": {"mae": 9.6452519461535875, "mse": 137.72263503188572, "best_function": 0, "parameters": [1.0, 1.0, 1.0, 1.0, 1.0, 1.0, 1.0]}, "Traffic Island Link": {"mae": 19.274097213691093, "mse": 445.01238627352393, "best_function": 0, "parameters": [1.0, 1.0, 1.0, 1.0, 1.0, 1.0, 1.0]}}, "street_tally": [3.0, 0.0, 1.0]}