{"nature_results": {"Traffic Island Link At Junction": {"mae": 15.662616993800089, "mse": 412.92664816311986, "best_function": 0, "parameters": [1.0, 1.0, 1.0, 1.0, 1.0, 1.0, 1.0]}, "Single Carriageway": {"mae": 20.190499519932668, "mse": 451.16070905596598, "best_function": 0, "parameters": [1.0, 1.0, 1.0, 1.0, 1.0, 1.0, 1.0]}, "Roundabout": {"mae": 9.2165936627906984, "mse": 135.49222356544024, "best_function": 2, "parameters": [-4.9630400933886305, 1.534564922150184, -2.4499022802265027, 1.0, -0.00751655934350004, -0.025309944665008466, 0.93080187376099999, -3.0471484816741317, 24.510941494427666]}, "Dual Carriageway": {"mae": 6.5647116202760118, "mse": 75.319489671030269, "best_function": 2, "parameters": [-1.0184140352218911, 3.3493180985412629, -0.69727341689582745, 1.0, -0.029048491108794705, 0.3067584538323801, -0.94639739217505947, 1.0743241595691331, 23.138798977805351]}, "Slip Road": {"mae": 8.5421945751097059, "mse": 124.74085131055625, "best_function": 0, "parameters": [4.8200643405782966, 2.3539953775097033, 2.5486173754215029, 1.0, 0.044190938450543338, 0.84958969514557703, 15.570366678469988]}}, "street_tally": [3.0, 0.0, 2.0]}