{"nature_results": {"Slip Road": {"mae": 24.331849589771274, "mse": 728.45152119582963, "best_function": 0, "parameters": [1.0, 1.0, 1.0, 1.0, 1.0, 1.0, 1.0]}, "Dual Carriageway": {"mae": 9.1108897571138279, "mse": 138.30417764632247, "best_function": 2, "parameters": [-1.2730482564123449, 1.4857993579708169, 0.041890213527493891, 1.0, -0.040592246646266705, 0.45374673244852948, -1.6028754194151134, 2.108437242776696, 38.817849588702316]}}, "street_tally": [1.0, 0.0, 1.0]}