{"nature_results": {"Single Carriageway": {"mae": 7.4042408420603989, "mse": 85.020523747455627, "best_function": 1, "parameters": [0.024795294478442753, 0.99696923443799934, 0.99277480873933899, 0.99477520431534294, 1.0006941257793667, 0.2581490325040946, 1.0, 21.006979745901909]}}, "street_tally": [0.0, 1.0, 0.0]}