{"nature_results": {"Traffic Island Link At Junction": {"mae": 6.1864759609573641, "mse": 60.699184420556911, "best_function": 1, "parameters": [1.99639040556456, 1.0557611596366501, 1.047092643100346, 0.068863384487419799, 1.3341190158397489, -0.64198925518481142, 1.0, 24.817370414401974]}, "Single Carriageway": {"mae": 17.983139985459939, "mse": 371.28865691731585, "best_function": 0, "parameters": [1.0, 1.0, 1.0, 1.0, 1.0, 1.0, 1.0]}, "Traffic Island Link": {"mae": 8.0197769729841379, "mse": 107.53300314873447, "best_function": 1, "parameters": [2.7418790914653171, 0.88950823964954862, 0.92024804266660332, -0.22719402994665261, 1.4301198941317628, -1.8904055289956521, 1.0, 23.82291503516662]}}, "street_tally": [1.0, 2.0, 0.0]}