{"nature_results": {"Single Carriageway": {"mae": 6.4661986820221662, "mse": 80.135830296417836, "best_function": 1, "parameters": [2.45896249207805, 1.0416588966146707, 1.0313767888101981, -0.19396957290967287, 1.4384851515228554, -3.3893477386411606, 1.0, 24.38158798540368]}, "Traffic Island Link": {"mae": 4.2428082697538132, "mse": 27.688197539902177, "best_function": 1, "parameters": [2.2052109406684042, 1.0104202343897197, 1.0194514400540988, -0.085648809252024449, 1.4009942475945985, -0.83124462609290695, 1.0, 18.788909812124572]}}, "street_tally": [0.0, 2.0, 0.0]}