{"nature_results": {"Dual Carriageway": {"mae": 8.6736239663793331, "mse": 118.75762949347138, "best_function": 2, "parameters": [-0.70704892627979787, 1.6557416510021981, -1.7259263618882126, 1.0, -0.070838624902613834, 0.67700120016751186, -1.8342328437170607, 1.5466216159067674, 31.256145172050015]}, "Roundabout": {"mae": 5.2298691477296764, "mse": 56.551024843351307, "best_function": 2, "parameters": [-1.5103141817246142, 1.013580719218532, -0.43337401161369615, 1.0, 0.026179224958364111, -0.44433269305369705, 2.2671165969092826, -3.8036222558563777, 26.064738182731059]}}, "street_tally": [0.0, 0.0, 2.0]}