{"nature_results": {"Traffic Island Link At Junction": {"mae": 6.9673218240019681, "mse": 81.904921956413403, "best_function": 0, "parameters": [1.0536881487040362, 1.5731520592702801, 1.1217063653965664, 1.0, -0.23742505037435824, 0.92169522258372294, 22.3284966457941]}, "Single Carriageway": {"mae": 23.065762856868247, "mse": 603.38337495194003, "best_function": 0, "parameters": [1.0, 1.0, 1.0, 1.0, 1.0, 1.0, 1.0]}, "Roundabout": {"mae": 18.315867751287382, "mse": 492.62099069357271, "best_function": 0, "parameters": [1.0, 1.0, 1.0, 1.0, 1.0, 1.0, 1.0]}, "Dual Carriageway": {"mae": 11.543895962153448, "mse": 5367.4653110802619, "best_function": 0, "parameters": [-0.38520636648301143, 4.8988410754431859, -0.39345122992868498, 1.0, 0.96540945990190863, 0.3538743825512265, 35.886321182410036]}, "Slip Road": {"mae": 7.4840262083494089, "mse": 92.452752537393295, "best_function": 2, "parameters": [16.341816573127758, 17.776714407675922, -7.9370364874176129, 1.0, -0.0071015807093137706, -0.38492287556679528, 3.4964018001726895, -7.338457934244957, 35.476068725950675]}}, "street_tally": [4.0, 0.0, 1.0]}