{"nature_results": {"Traffic Island Link At Junction": {"mae": 7.1496941891469374, "mse": 86.743981788316702, "best_function": 2, "parameters": [14.718875045648756, 10.514683493750422, 0.74223269513531598, 1.0, 0.57291983051546214, -7.2469443467621257, 28.415294663639468, -33.811570905456314, 24.050629507296584]}, "Single Carriageway": {"mae": 5.45724401839861, "mse": 46.918265979990686, "best_function": 2, "parameters": [8.7040976360179627, 2.3517933957608541, -1.4841389078439602, 1.0, -0.044226313841339238, 0.29353445856003169, -0.43021210021052969, 1.5369371618456693, 20.569704348790211]}}, "street_tally": [0.0, 0.0, 2.0]}