{"nature_results": {"Traffic Island Link At Junction": {"mae": 16.338393979702705, "mse": 303.55269129134291, "best_function": 0, "parameters": [1.0, 1.0, 1.0, 1.0, 1.0, 1.0, 1.0]}, "Single Carriageway": {"mae": 3.8837859808770179, "mse": 34.470556225528668, "best_function": 2, "parameters": [-1.6242838442550718, 0.42074308561111096, 0.20489780041515615, 1.0, 0.044263798067683657, -0.53957185261217488, 1.8332190515165896, -0.87208260849118857, 22.769710867232899]}}, "street_tally": [1.0, 0.0, 1.0]}