{"nature_results": {"Single Carriageway": {"mae": 5.2162959773715691, "mse": 47.806770153664971, "best_function": 2, "parameters": [-12.209449349400247, 4.6121804038747012, -0.0075136332396756877, 1.0, -0.036691269992496833, 0.38958722301910975, -1.8629643382405159, 5.582953755702623, 18.884474601519404]}}, "street_tally": [0.0, 0.0, 1.0]}