{"nature_results": {"Traffic Island Link At Junction": {"mae": 20.329519688087096, "mse": 464.00904011427701, "best_function": 0, "parameters": [1.0, 1.0, 1.0, 1.0, 1.0, 1.0, 1.0]}, "Single Carriageway": {"mae": 24.165511774065937, "mse": 648.32719625339689, "best_function": 0, "parameters": [1.0, 1.0, 1.0, 1.0, 1.0, 1.0, 1.0]}, "Dual Carriageway": {"mae": 25.19506126683024, "mse": 769.08785738570009, "best_function": 0, "parameters": [1.0, 1.0, 1.0, 1.0, 1.0, 1.0, 1.0]}, "Slip Road": {"mae": 9.7137091238469147, "mse": 140.84490744065101, "best_function": 0, "parameters": [1.0, 1.0, 1.0, 1.0, 1.0, 1.0, 1.0]}}, "street_tally": [4.0, 0.0, 0.0]}