{"nature_results": {"Single Carriageway": {"mae": 9.6235199929539572, "mse": 177.43432460920695, "best_function": 2, "parameters": [4.6857179780552833, 7.7040772818510384, 2.0509147672787029, 1.0, -0.31792397260101279, 4.1172035931125741, -16.573761461345018, 19.80686691751318, 12.718162986105458]}, "Dual Carriageway": {"mae": 30.196994817727543, "mse": 930271.33253883477, "best_function": 2, "parameters": [1.3020547427019198, 4.9337656516328448, 1.3214038159280597, 1.0, -0.037903057873137413, 0.52351317355363736, -2.2721197069422057, 3.177090368501708, 44.617095941865998]}, "Slip Road": {"mae": 8.405619957157441, "mse": 125.5067740966235, "best_function": 0, "parameters": [1.6600068910868848, 3.6978486538744773, 0.7821667643983955, 1.0, 0.0013189588653786943, 0.7382365416796981, 30.512056523876659]}}, "street_tally": [1.0, 0.0, 2.0]}