{"nature_results": {"Traffic Island Link At Junction": {"mae": 9.3635604257271794, "mse": 131.12672741222798, "best_function": 0, "parameters": [1.0, 1.0, 1.0, 1.0, 1.0, 1.0, 1.0]}, "Single Carriageway": {"mae": 6.3633477209670755, "mse": 71.905837657915839, "best_function": 2, "parameters": [1.5946171188685541, 6.8784043219210051, 2.8346358849689217, 1.0, 0.029961396432532927, -0.49364717215421638, 2.2592156330621909, -2.2086651486831177, 27.999194070134457]}, "Dual Carriageway": {"mae": 7.3180421737151038, "mse": 92.228786991673232, "best_function": 2, "parameters": [2.2454206066460713, 11.497240623291958, -0.30783572534949877, 1.0, 0.24414925397888154, -3.0024617771682358, 11.281626315770989, -12.52485714759611, 23.769207972932264]}}, "street_tally": [1.0, 0.0, 2.0]}