{"nature_results": {"Single Carriageway": {"mae": 19.109564054842355, "mse": 487.79348383543191, "best_function": 0, "parameters": [1.0, 1.0, 1.0, 1.0, 1.0, 1.0, 1.0]}, "Roundabout": {"mae": 13.388163396493502, "mse": 283.33456060143249, "best_function": 2, "parameters": [22.206359515019685, 54.671007263569919, -0.30381607642057817, 1.0, 0.15562103085903123, -2.9197534532531955, 16.514855535067454, -29.481502644546033, 43.221830462206626]}, "Dual Carriageway": {"mae": 40.598210615559083, "mse": 1835.3792520407271, "best_function": 0, "parameters": [1.0, 1.0, 1.0, 1.0, 1.0, 1.0, 1.0]}, "Slip Road": {"mae": 9.2121035729435601, "mse": 140.85895459965332, "best_function": 2, "parameters": [-4.189634770238186, 2.2450398486121523, -0.28027506778181177, 1.0, -0.050227678238863094, 0.59762891084482228, -2.2418824490513454, 2.4543398027879224, 33.037633303245499]}}, "street_tally": [2.0, 0.0, 2.0]}