{"nature_results": {"Traffic Island Link At Junction": {"mae": 5.3840306811480154, "mse": 51.786822407270435, "best_function": 2, "parameters": [-2.3112907300915655, 0.048123410546119239, -0.18477447799466984, 1.0, 0.37491281140104149, -4.4257193719783983, 15.749104058631334, -16.73212147234565, 28.919644616801914]}, "Single Carriageway": {"mae": 5.6079274715997682, "mse": 54.229495182217114, "best_function": 2, "parameters": [-2.5256611363892643, 4.0271117092321642, 1.0756939567251673, 1.0, 0.1551709699642565, -1.801440968636336, 5.995601582994456, -4.9914538468203435, 31.114004775112541]}, "Traffic Island Link": {"mae": 9.7065079892505537, "mse": 130.88445127260465, "best_function": 2, "parameters": [-3.1101012079999331, 1.174606895915709, 0.9735251248729988, 1.0, 0.015535598216039892, 0.04966272461488086, -1.9374982867023047, 6.1426022571946, 23.407991289659215]}}, "street_tally": [0.0, 0.0, 3.0]}