{"nature_results": {"Single Carriageway": {"mae": 11.638031688298936, "mse": 316.28107686390524, "best_function": 1, "parameters": [1.5447551213268278, 1.075721062164801, 1.0183396900209802, 0.27465329854452192, 1.261226418929082, 0.78856301026323217, 1.0, 21.112251619081782]}}, "street_tally": [0.0, 1.0, 0.0]}