{"nature_results": {"Traffic Island Link At Junction": {"mae": 9.5975868111311442, "mse": 129.63625450275822, "best_function": 2, "parameters": [-3.1955943930668926, 1.4408570001192285, -2.9406472431709609, 1.0, -0.09472746757818129, 1.2931123513336544, -5.7778453351850745, 8.8734474551138405, 23.511523978296747]}, "Single Carriageway": {"mae": 7.8934702298174164, "mse": 96.092520941450658, "best_function": 2, "parameters": [-0.068162105582046717, 8.1986966384313043, -1.0840228749373653, 1.0, 0.088205000016900459, -1.0342174737407146, 3.3026764643508453, -1.7708447921354726, 22.93719651978757]}, "Slip Road": {"mae": 4.4772788480379946, "mse": 32.198762148569863, "best_function": 2, "parameters": [0.52185082222923196, 4.1189855459438229, -0.66061225511455635, 1.0, 0.013639268526508652, -0.093744029277581964, -0.28912410706731873, 2.3670860477526023, 27.525127771183513]}}, "street_tally": [0.0, 0.0, 3.0]}