{"nature_results": {"Slip Road": {"mae": 10.588291540877668, "mse": 187.72251295354411, "best_function": 0, "parameters": [1.0, 1.0, 1.0, 1.0, 1.0, 1.0, 1.0]}, "Dual Carriageway": {"mae": 7.4268783816231982, "mse": 99.447839597734884, "best_function": 2, "parameters": [3.8807532820951227, 2.3593406998912121, -1.3988335725089618, 1.0, -0.074927611450415599, 0.76670300495100963, -2.4476304658257071, 3.1954757754552614, 27.976816013269982]}}, "street_tally": [1.0, 0.0, 1.0]}