{"nature_results": {"Traffic Island Link At Junction": {"mae": 9.2898222939933426, "mse": 128.69756442674623, "best_function": 2, "parameters": [-5.4156969916198694, 2.3119578632386286, 0.47271645373925342, 1.0, -0.016753002021874908, 0.13849089644239365, -0.31947025714092669, 0.28119422267350991, 19.59833399039848]}, "Single Carriageway": {"mae": 7.1295065137999618, "mse": 83.645398447223201, "best_function": 0, "parameters": [-0.13201949421382486, 0.026700989867625813, 0.26680017887563257, 1.0, 1.7771497241311534, 0.052020263395339827, 22.491846662005763]}, "Dual Carriageway": {"mae": 8.0027631094490363, "mse": 114.39247592811077, "best_function": 2, "parameters": [2.5614873932378783, 5.8362677330882411, -1.1093134337872854, 1.0, 0.057165242863449706, -0.68432336768636359, 2.3330748458721158, -1.9432930655313498, 24.552501315729501]}}, "street_tally": [1.0, 0.0, 2.0]}