{"nature_results": {"Traffic Island Link At Junction": {"mae": 23.713448653779249, "mse": 667.93947605317442, "best_function": 0, "parameters": [1.0, 1.0, 1.0, 1.0, 1.0, 1.0, 1.0]}, "Single Carriageway": {"mae": 27.250140486034997, "mse": 822.89570099729804, "best_function": 0, "parameters": [1.0, 1.0, 1.0, 1.0, 1.0, 1.0, 1.0]}, "Roundabout": {"mae": 5.8160107720048702, "mse": 197.09556936336895, "best_function": 0, "parameters": [4.4804820067797957, 7.3989022059856344, -0.56836490195722722, 1.0, -0.54888488338033814, 1.0528369901087151, 26.79573398868969]}, "Dual Carriageway": {"mae": 23.744552662683734, "mse": 654.32056818330932, "best_function": 0, "parameters": [1.0, 1.0, 1.0, 1.0, 1.0, 1.0, 1.0]}, "Traffic Island Link": {"mae": 12.585655430546961, "mse": 211.97531259606214, "best_function": 1, "parameters": [2.6858645191003507, 1.0608117393779202, 1.0659967351257609, -0.36452718286101415, 1.5102726475027306, 3.5964202738799633, 1.0, 19.510404785079754]}}, "street_tally": [4.0, 1.0, 0.0]}