{"nature_results": {"Single Carriageway": {"mae": 15.571563242738881, "mse": 282.87640239073392, "best_function": 0, "parameters": [1.0, 1.0, 1.0, 1.0, 1.0, 1.0, 1.0]}}, "street_tally": [1.0, 0.0, 0.0]}