{"nature_results": {"Traffic Island Link At Junction": {"mae": 9.003773287245096, "mse": 108.84941385157074, "best_function": 1, "parameters": [4.0336409831961433, 0.86647365028082701, 0.95780724055190991, -1.0003493232195302, 1.7416999083796516, -3.3215631760250419, 1.0, 10.942455814273064]}, "Single Carriageway": {"mae": 5.5705965793266818, "mse": 52.274293603337746, "best_function": 2, "parameters": [7.9113571651399202, 0.61054287305320232, -2.4390566032609069, 1.0, -0.10137301766179929, 1.1327824090442942, -3.862709207720064, 3.9297112734480004, 28.600343614867917]}, "Traffic Island Link": {"mae": 26.425429779437181, "mse": 757.6180581769371, "best_function": 0, "parameters": [1.0, 1.0, 1.0, 1.0, 1.0, 1.0, 1.0]}}, "street_tally": [1.0, 1.0, 1.0]}