{"nature_results": {"Single Carriageway": {"mae": 8.561812512835699, "mse": 113.74831675266586, "best_function": 2, "parameters": [17.395430633994621, 14.318882305233206, -4.5081342154732207, 1.0, -0.16833168455443426, 1.2791774550097577, 0.62224564507800162, -15.189497872032554, 35.621807009433539]}}, "street_tally": [0.0, 0.0, 1.0]}