{"nature_results": {"Single Carriageway": {"mae": 6.1612690005134256, "mse": 66.655727214280105, "best_function": 0, "parameters": [53.670391931614652, 44.59273055904707, 0.42143952147850738, 1.0, 1.5754937696111659, 0.50853164148269125, 13.060327452196896]}, "Dual Carriageway": {"mae": 30.076613658739113, "mse": 1067.1376585457197, "best_function": 0, "parameters": [1.0, 1.0, 1.0, 1.0, 1.0, 1.0, 1.0]}, "Slip Road": {"mae": 11.384857340793742, "mse": 175.78880293697293, "best_function": 2, "parameters": [397.02652320033349, 136.70070486702431, 3.7612204709589414, 1.0, 0.29451645811025173, -3.9235889516446223, 15.629682804306654, -16.347797131077282, 15.4580164981087]}}, "street_tally": [2.0, 0.0, 1.0]}