{"nature_results": {"Traffic Island Link At Junction": {"mae": 4.9708074514494616, "mse": 42.554170297641782, "best_function": 2, "parameters": [-0.92443075574146394, 1.6749884806292936, -0.35530112425571625, 1.0, -0.015459198562580267, -0.050105091183809902, 1.2090257440078409, -1.9031413952973799, 19.472067391247116]}, "Single Carriageway": {"mae": 22.606437488386458, "mse": 567.40007108686859, "best_function": 0, "parameters": [1.0, 1.0, 1.0, 1.0, 1.0, 1.0, 1.0]}, "Dual Carriageway": {"mae": 4.2942085448567662, "mse": 33.380307826588336, "best_function": 2, "parameters": [0.73355360473376185, 0.77674489520596368, 0.97722159355442295, 1.0, -0.11630285286059427, 1.2737963714779736, -4.069513047067729, 3.977760228915113, 19.902110254494051]}}, "street_tally": [1.0, 0.0, 2.0]}