{"nature_results": {"Single Carriageway": {"mae": 5.8703183425088392, "mse": 60.397608511477763, "best_function": 2, "parameters": [2.8143243898361385, 1.774033699880567, -1.3155675708089163, 1.0, 0.58418420780349445, -7.8012175795744199, 32.494999942677723, -40.424930514601137, 28.805962527706907]}, "Traffic Island Link": {"mae": 25.912652947047746, "mse": 725.89962814032504, "best_function": 0, "parameters": [1.0, 1.0, 1.0, 1.0, 1.0, 1.0, 1.0]}}, "street_tally": [1.0, 0.0, 1.0]}