{"nature_results": {"Single Carriageway": {"mae": 31.790434450930857, "mse": 1063.7799796941131, "best_function": 0, "parameters": [1.0, 1.0, 1.0, 1.0, 1.0, 1.0, 1.0]}, "Dual Carriageway": {"mae": 6.0441741702286054, "mse": 67.222384257537172, "best_function": 2, "parameters": [2.8917154001915959, 4.8723011104547993, 2.4610095860963894, 1.0, -0.014093487064625654, -0.20105357533894441, 2.5679825862246837, -5.7895145314771792, 42.259101692119536]}}, "street_tally": [1.0, 0.0, 1.0]}