{"nature_results": {"Single Carriageway": {"mae": 9.522065248677114, "mse": 142.32897802133235, "best_function": 1, "parameters": [1.6415429457618949, 0.99870400061743014, 1.0002857416023452, 0.19753136943464555, 1.2951459832574801, -1.877071888445546, 1.0, 35.180756313783064]}, "Roundabout": {"mae": 5.9539817312123855, "mse": 68.93069747429881, "best_function": 1, "parameters": [1.9515094851488151, 0.99954779477718025, 0.999157036117163, 0.026661575892732658, 1.362063075448765, -2.8991099311071915, 1.0, 25.013271028113643]}, "Traffic Island Link": {"mae": 32.624041357432866, "mse": 1112.4630320195424, "best_function": 0, "parameters": [1.0, 1.0, 1.0, 1.0, 1.0, 1.0, 1.0]}, "Traffic Island Link At Junction": {"mae": 15.74942514674429, "mse": 344.64428879458063, "best_function": 1, "parameters": [1.5824527836487428, 1.0066563599468703, 0.99657987686319716, 0.23545291702126214, 1.2785313490465997, 0.34149313199324105, 1.0, 28.011080183634714]}, "Slip Road": {"mae": 6.1482269599729715, "mse": 54.996956276407445, "best_function": 2, "parameters": [-1.7239341536196369, 1.4538876582693034, -2.8538523233542352, 1.0, 0.19784011488888076, -2.861551189286462, 13.585398537218689, -22.141895438488955, 28.64635696257989]}, "Dual Carriageway": {"mae": 9.9934741817846859, "mse": 173.49120390574586, "best_function": 2, "parameters": [3.3502724503358174, 1.1385624210279477, -2.3413135522394906, 1.0, 0.024534401298836217, -0.37943395901266852, 1.5113406742451012, -1.1812201540386331, 26.529552269980101]}}, "street_tally": [1.0, 3.0, 2.0]}