{"nature_results": {"Single Carriageway": {"mae": 5.7808607827949805, "mse": 64.590959770935484, "best_function": 2, "parameters": [10.003266747069528, 7.1352425699344462, -0.14577383092869178, 1.0, 0.036343748313174884, -0.52532528963156744, 2.0624016992035479, -1.7972817994663219, 33.097174005909949]}, "Dual Carriageway": {"mae": 9.9737783418051205, "mse": 162.86828922806899, "best_function": 2, "parameters": [19.135448511772957, 15.569133884617951, 1.6385804855936215, 1.0, -0.084486760890896129, 0.90211843579020701, -3.1704908264481393, 3.8037575061891662, 26.731786599580786]}}, "street_tally": [0.0, 0.0, 2.0]}