{"nature_results": {"Single Carriageway": {"mae": 4.9809998152269088, "mse": 41.346125820250577, "best_function": 2, "parameters": [8.4956842979152949, 11.753396688626045, 0.71562310223523307, 1.0, -0.11392652580685558, 1.2384960508939931, -3.8950741742955906, 3.3068813455436472, 23.089192008896692]}, "Slip Road": {"mae": 16.611362103639262, "mse": 293.31279871218118, "best_function": 0, "parameters": [1.0, 1.0, 1.0, 1.0, 1.0, 1.0, 1.0]}}, "street_tally": [1.0, 0.0, 1.0]}