{"nature_results": {"Single Carriageway": {"mae": 4.4196929196405987, "mse": 37.088975726940156, "best_function": 1, "parameters": [1.8606893104050641, 0.96007093296484347, 0.98713859685716943, 0.12474646644792253, 1.316819714165002, 0.64087574382423218, 1.0, 22.130450740821267]}, "Dual Carriageway": {"mae": 20.994117834242342, "mse": 496.04294391928619, "best_function": 0, "parameters": [1.0, 1.0, 1.0, 1.0, 1.0, 1.0, 1.0]}}, "street_tally": [1.0, 1.0, 0.0]}