{"nature_results": {"Traffic Island Link At Junction": {"mae": 6.45249725408644, "mse": 72.761072945579002, "best_function": 2, "parameters": [-3.5022746409655916, 4.4906352220259276, -0.31378952977525842, 1.0, -0.072953522154813211, 0.81779946251010649, -2.7201475963283532, 2.2327428105527769, 25.052665587762782]}, "Single Carriageway": {"mae": 4.3306179546405277, "mse": 35.348704019559143, "best_function": 2, "parameters": [-2.519248873467324, 0.90674396276298608, 0.41564148680064883, 1.0, -0.015630062559598867, 0.11690383088905143, -0.22304961901485743, 0.25170071761479451, 31.79913659562472]}, "Traffic Island Link": {"mae": 4.9409939147062305, "mse": 38.221154907339617, "best_function": 2, "parameters": [-1.6350902612018139, 0.36469065790491229, 1.0800817278374373, 1.0, 0.02760644914394117, -0.46853457727508707, 2.280507161024885, -3.0347385049901172, 39.469871950187255]}}, "street_tally": [0.0, 0.0, 3.0]}