{"nature_results": {"Single Carriageway": {"mae": 21.045456256372908, "mse": 514.17725937524142, "best_function": 0, "parameters": [1.0, 1.0, 1.0, 1.0, 1.0, 1.0, 1.0]}}, "street_tally": [1.0, 0.0, 0.0]}