{"nature_results": {"Traffic Island Link At Junction": {"mae": 17.957929515254957, "mse": 409.14792733586359, "best_function": 0, "parameters": [1.0, 1.0, 1.0, 1.0, 1.0, 1.0, 1.0]}, "Single Carriageway": {"mae": 5.7539060347469322, "mse": 62.696783910932822, "best_function": 2, "parameters": [1.4424467698810974, 0.82102280501596525, 1.5255087903002551, 1.0, -0.040836419331205409, 0.42138244066444963, -1.6594556541513423, 3.7811211146147103, 23.39066943334559]}, "Dual Carriageway": {"mae": 6.2154685389749682, "mse": 72.581951240004713, "best_function": 2, "parameters": [0.15802394034711831, 0.40738567248145852, 1.166632487856055, 1.0, -0.033657358984326313, 0.31238426528354668, -1.2262997035743131, 3.5528665108849813, 22.500015609753198]}, "Traffic Island Link": {"mae": 6.5135995741742194, "mse": 79.607559015052004, "best_function": 2, "parameters": [3.9282554726383734, 4.1440345583812448, 1.8893762117453261, 1.0, -0.0011255601117450276, -0.1072331197169476, 0.40534661257529181, 1.7055504801674024, 26.838773932326003]}}, "street_tally": [1.0, 0.0, 3.0]}