{"nature_results": {"Traffic Island Link At Junction": {"mae": 6.2260593495386605, "mse": 81.311324401580364, "best_function": 1, "parameters": [1.8166495929804847, 0.9946438996305843, 1.0119511948336171, 0.11648894411497612, 1.3247255996979856, -0.28933076147837422, 1.0, 23.649043712388895]}, "Single Carriageway": {"mae": 5.4852562551548498, "mse": 56.484883219927305, "best_function": 2, "parameters": [0.095094159264501044, 4.8873773892516992, 1.2954378310688008, 1.0, 0.11205637055429141, -1.4016814834262732, 4.8928376691189106, -2.8715177001773884, 25.177544296690858]}, "Roundabout": {"mae": 16.872347704154389, "mse": 350.85482700190596, "best_function": 0, "parameters": [1.0, 1.0, 1.0, 1.0, 1.0, 1.0, 1.0]}, "Traffic Island Link": {"mae": 9.4725812690349613, "mse": 144.73202582701305, "best_function": 2, "parameters": [-14.210506475720571, 10.395737348915306, 1.0175013233654902, 1.0, -0.1169232082002345, 1.6126358221063728, -7.7607837996951421, 13.80510029578655, 18.497425023494916]}}, "street_tally": [1.0, 1.0, 2.0]}