{"nature_results": {"Single Carriageway": {"mae": 9.2835958240797432, "mse": 133.93315868776199, "best_function": 1, "parameters": [1.6604442934842614, 0.88030634263647545, 0.94910705461803646, 0.2178861109291591, 1.2821754496087805, 2.2405529940180005, 1.0, 19.850887974485708]}, "Slip Road": {"avg_speed": {"mae": 24.69273334618244, "mse": 645.78058142226303, "best_function": 0, "parameters": [1.0, 1.0, 1.0, 1.0, 1.0, 1.0, 1.0]}}, "Traffic Island Link": {"mae": 24.69273334618244, "mse": 645.78058142226303, "best_function": 0, "parameters": [1.0, 1.0, 1.0, 1.0, 1.0, 1.0, 1.0]}}, "street_tally": [1.0, 1.0, 0.0]}