{"nature_results": {"Traffic Island Link At Junction": {"mae": 4.421890528090044, "mse": 29.893131832668288, "best_function": 2, "parameters": [1.8398647921467393, 3.4508320940577608, 2.2593670766257032, 1.0, 0.00076774740628815508, -0.018085722595165166, 0.010867492471225648, 0.25117254826962554, 23.305778547544765]}, "Single Carriageway": {"mae": 21.238551253174396, "mse": 499.67660673084526, "best_function": 0, "parameters": [1.0, 1.0, 1.0, 1.0, 1.0, 1.0, 1.0]}}, "street_tally": [1.0, 0.0, 1.0]}