{"nature_results": {"Traffic Island Link At Junction": {"mae": 17.117122277308361, "mse": 408.92476000992821, "best_function": 2, "parameters": [93.878223347411819, 45.288336106774494, -7.3223410012404102, 1.0, 0.49675738616870624, -5.5042663480185787, 16.299825211410692, -5.4273954414902716, 25.278167897708773]}, "Single Carriageway": {"mae": 6.8623069819565492, "mse": 88.69270159426344, "best_function": 1, "parameters": [3.7876477877047958, 1.044094465881668, 1.0544301501724718, -0.8211888880850764, 1.6654111059966836, 0.36232662236112756, 1.0, 27.5814793325235]}, "Slip Road": {"mae": 4.3277865691742985, "mse": 47.34163313863116, "best_function": 2, "parameters": [1.0, 1.0, -1.8600429384002242, 1.0, -0.13645634349024749, 1.7529995717752862, -5.8415046758434217, 4.8224004537571066, 29.617205636072526]}, "Traffic Island Link": {"mae": 12.189451841911096, "mse": 240.56633144817815, "best_function": 2, "parameters": [224.76449488119553, 94.051842497009687, -2.2782601523753652, 1.0, 0.68213349747291496, -9.8756960339538988, 45.028385454804749, -61.962643680114681, 24.730114215401223]}}, "street_tally": [0.0, 1.0, 3.0]}