{"nature_results": {"Single Carriageway": {"mae": 26.653479803266876, "mse": 750.53463053393034, "best_function": 0, "parameters": [1.0, 1.0, 1.0, 1.0, 1.0, 1.0, 1.0]}}, "street_tally": [1.0, 0.0, 0.0]}