{"nature_results": {"Traffic Island Link At Junction": {"mae": 9.0582924293283131, "mse": 130.68356630656675, "best_function": 2, "parameters": [8.6238191774036999, 10.324555290477573, 1.0216973931015871, 1.0, 0.024187335690313061, -0.39403758053303251, 2.0924066636059688, -3.8259719964905017, 26.061511385332082]}, "Single Carriageway": {"mae": 6.6246324433391388, "mse": 79.491018033137877, "best_function": 2, "parameters": [7.6995278433506904, 10.673350006042499, 1.6611994065044455, 1.0, 0.04435631612543034, -0.68577127941885352, 3.26308960145683, -4.6446647956583647, 24.967842229696767]}, "Dual Carriageway": {"mae": 5.2664207531569476, "mse": 52.842867835464048, "best_function": 2, "parameters": [2.3865174792197967, 5.4097173517936126, 1.0111167902057543, 1.0, 0.036266973382590995, -0.6388282125325111, 3.1794677756901266, -4.2095289506160389, 27.909189556206606]}}, "street_tally": [0.0, 0.0, 3.0]}