{"nature_results": {"Traffic Island Link At Junction": {"mae": 7.1743321163112821, "mse": 82.411181466474687, "best_function": 0, "parameters": [6.8295207471244934, 10.54471964155473, 0.13953330675175035, 1.0, -0.2200155258489167, 0.90702622263850918, 16.88546653839564]}, "Single Carriageway": {"mae": 7.529984081918915, "mse": 101.55596556077434, "best_function": 1, "parameters": [0.014776280330831004, 1.0058639516979209, 0.99318276477655498, 0.9587504164203644, 1.0211445865511255, 1.5326339633986326, 1.0, 27.774570424138329]}, "Slip Road": {"mae": 5.2808332415050909, "mse": 48.523376177378999, "best_function": 2, "parameters": [28.309686613613628, 28.00510183704624, -0.60886245385850724, 1.0, 0.25619066230132892, -2.8106837805535654, 9.2004905690916843, -9.2269897626570963, 24.570955684918069]}}, "street_tally": [1.0, 1.0, 1.0]}