{"nature_results": {"Traffic Island Link At Junction": {"mae": 10.498344877089085, "mse": 294.21318275269419, "best_function": 2, "parameters": [48.020908800425239, 30.534690224084056, -1.36208153343342, 1.0, -0.05970922153612257, 0.93984338160520398, -4.604362469446019, 5.6920178037061762, 31.814802169835847]}, "Single Carriageway": {"mae": 5.2308556782284379, "mse": 49.321592963824934, "best_function": 2, "parameters": [3.2642429814295011, 3.9833166967099882, -0.24073178106303583, 1.0, 0.030819317157797954, -0.32313523316167503, 0.99277089047248934, -0.19226773749990422, 32.183372178300964]}, "Traffic Island Link": {"mae": 4.4797196154547176, "mse": 36.613651634793044, "best_function": 2, "parameters": [-0.95744044048711419, 13.143102534891455, -2.707805203594817, 1.0, 0.045411028652515228, -0.26666891554105621, -0.51570188817930318, 4.2825974027088067, 34.375830446309479]}}, "street_tally": [0.0, 0.0, 3.0]}