{"nature_results": {"Slip Road": {"mae": 5.4817607836870552, "mse": 50.99503852114772, "best_function": 0, "parameters": [1.0, 1.0, 1.0, 1.0, 1.0, 1.0, 1.0]}}, "street_tally": [1.0, 0.0, 0.0]}