{"nature_results": {"Traffic Island Link At Junction": {"mae": 6.2635682751859125, "mse": 64.62518723890976, "best_function": 2, "parameters": [42.927087577265375, 18.808957702514739, 3.7374704193673622, 1.0, -0.082376960617691619, 1.2993168225392848, -6.766223434938528, 11.336855377243898, 13.77365821895858]}, "Single Carriageway": {"mae": 21.3980819149136, "mse": 530.54759475018795, "best_function": 0, "parameters": [1.0, 1.0, 1.0, 1.0, 1.0, 1.0, 1.0]}, "Traffic Island Link": {"mae": 25.921016420625758, "mse": 713.20602352298852, "best_function": 0, "parameters": [1.0, 1.0, 1.0, 1.0, 1.0, 1.0, 1.0]}}, "street_tally": [2.0, 0.0, 1.0]}