{"nature_results": {"Traffic Island Link At Junction": {"mae": 10.711575659461666, "mse": 171.00151519379358, "best_function": 0, "parameters": [1.0, 1.0, 1.0, 1.0, 1.0, 1.0, 1.0]}, "Single Carriageway": {"mae": 6.7907814670054378, "mse": 73.193684864186793, "best_function": 2, "parameters": [-3.9230126325620533, 1.8145630699203692, 1.4142691943698686, 1.0, -0.024433623651384018, 0.27346881781004784, -1.3084400887004803, 3.2661416878726053, 16.093978896849695]}, "Dual Carriageway": {"mae": 14.052584768865925, "mse": 266.69665804350251, "best_function": 0, "parameters": [1.0, 1.0, 1.0, 1.0, 1.0, 1.0, 1.0]}}, "street_tally": [2.0, 0.0, 1.0]}