{"nature_results": {"Single Carriageway": {"mae": 16.269829041906601, "mse": 296.31754436540979, "best_function": 0, "parameters": [1.0, 1.0, 1.0, 1.0, 1.0, 1.0, 1.0]}}, "street_tally": [1.0, 0.0, 0.0]}