{"nature_results": {"Traffic Island Link At Junction": {"mae": 8.2711479608283884, "mse": 160.36639189362904, "best_function": 0, "parameters": [1.0, 1.0, 1.0, 1.0, 1.0, 1.0, 1.0]}, "Single Carriageway": {"mae": 7.0188667564912537, "mse": 90.739351646425021, "best_function": 1, "parameters": [1.7393117027666931, 0.99880319041547816, 1.0020905903364983, 0.1223362675072811, 1.3281238306949148, 0.46061018945965071, 1.0, 20.345237541343959]}, "Dual Carriageway": {"mae": 16.904123826512773, "mse": 342.15532882440351, "best_function": 0, "parameters": [1.0, 1.0, 1.0, 1.0, 1.0, 1.0, 1.0]}, "Slip Road": {"mae": 5.5204274014345867, "mse": 42.891511212477646, "best_function": 0, "parameters": [1.0, 1.0, 1.0, 1.0, 1.0, 1.0, 1.0]}}, "street_tally": [3.0, 1.0, 0.0]}