{"nature_results": {"Traffic Island Link At Junction": {"mae": 2.2710703835318475, "mse": 10.903652677822048, "best_function": 0, "parameters": [-0.82565063631751556, 0.028269861719137479, -2.8783762234037753, 1.0, -0.26067338260053008, 0.91534638269818336, 19.530199230434945]}, "Single Carriageway": {"mae": 10.558439450551049, "mse": 185.39031649343642, "best_function": 1, "parameters": [1.6778487717177071, 0.99559882844085446, 0.99762320304226404, 0.24616562168021017, 1.2650088301216726, 1.8250169238953702, 1.0, 24.876412283407443]}}, "street_tally": [1.0, 1.0, 0.0]}