{"nature_results": {"Traffic Island Link At Junction": {"mae": 16.288440162649071, "mse": 302.74672031087368, "best_function": 0, "parameters": [1.0, 1.0, 1.0, 1.0, 1.0, 1.0, 1.0]}, "Single Carriageway": {"mae": 25.002377090104392, "mse": 682.60896324823068, "best_function": 0, "parameters": [1.0, 1.0, 1.0, 1.0, 1.0, 1.0, 1.0]}}, "street_tally": [2.0, 0.0, 0.0]}