{"nature_results": {"Single Carriageway": {"mae": 5.9767157339708143, "mse": 58.130785934427578, "best_function": 2, "parameters": [-20.474244304479289, 3.816751433386401, -0.13313219168811607, 1.0, 0.21923766701907488, -2.6583926913365898, 9.6137572352026108, -9.3664878179604933, 29.04447964558679]}}, "street_tally": [0.0, 0.0, 1.0]}