{"nature_results": {"Single Carriageway": {"mae": 12.779775238808677, "mse": 209.68440201709595, "best_function": 1, "parameters": [12.307564461080345, 1.0394627676901045, 1.049131416899989, -5.4660829956617185, 3.4675165572285298, 1.059844172435096, 1.0, 5.495588092754609]}}, "street_tally": [0.0, 1.0, 0.0]}