{"nature_results": {"Single Carriageway": {"mae": 5.2450973254822806, "mse": 50.335476972543404, "best_function": 0, "parameters": [-1.9161980644943144, 2.1310620634491872, -0.90281015383118635, 1.0, -0.092453826534780958, 0.82139260951707782, 31.48081928739672]}, "Dual Carriageway": {"mae": 16.572321685792172, "mse": 415.52745138867982, "best_function": 0, "parameters": [1.0, 1.0, 1.0, 1.0, 1.0, 1.0, 1.0]}, "Slip Road": {"mae": 5.3661232171821087, "mse": 56.704166148272769, "best_function": 0, "parameters": [1.0, 1.0, 1.0, 1.0, 1.0, 1.0, 1.0]}}, "street_tally": [3.0, 0.0, 0.0]}