{"nature_results": {"Traffic Island Link At Junction": {"mae": 6.4004921325854083, "mse": 66.239147366491764, "best_function": 2, "parameters": [303.67147331265318, 137.94074336807742, -1.4255877330582556, 1.0, -0.1288189857406401, 1.6364387924529133, -6.157580032864395, 5.3795646304181242, 25.9075344992536]}, "Single Carriageway": {"mae": 5.1971695552652086, "mse": 44.179793401345677, "best_function": 2, "parameters": [114.61008425081292, 63.128118174291181, 0.011334141701702993, 1.0, -0.10769515594858703, 1.3111394186381466, -4.4968982115888521, 2.6960583598967922, 27.817638091782612]}}, "street_tally": [0.0, 0.0, 2.0]}