{"nature_results": {"Traffic Island Link At Junction": {"mae": 5.4197152437969853, "mse": 51.677187015189119, "best_function": 2, "parameters": [356.80337768911681, 125.50285619538438, 0.28482655229349441, 1.0, -0.01437989186980948, 0.32255749652660071, -2.4780890133223221, 6.5851352887805366, 18.017520344769849]}, "Single Carriageway": {"mae": 6.2325899316469267, "mse": 61.825672025526089, "best_function": 2, "parameters": [89.95150553710431, 34.149125116584294, -8.4877555695412568, 1.0, -0.11808495045845424, 1.2154400708430884, -3.5936159523262399, 3.707394381757759, 34.510162432931878]}}, "street_tally": [0.0, 0.0, 2.0]}