{"nature_results": {"Single Carriageway": {"mae": 6.3438254974895818, "mse": 61.100526770282322, "best_function": 1, "parameters": [2.8976689332670942, 1.019170562730682, 1.0127518956047512, -0.4112026432532907, 1.5185728869611641, 2.3599788128600538, 1.0, 29.97742768747089]}}, "street_tally": [0.0, 1.0, 0.0]}