{"nature_results": {"Single Carriageway": {"mae": 5.2361328260855844, "mse": 38.649323149630256, "best_function": 0, "parameters": [113.87705757668245, 74.628389394938708, -3.759826127430034, 1.0, 0.6142773454476711, 0.84779480424694165, 23.071084784339217]}}, "street_tally": [1.0, 0.0, 0.0]}