{"nature_results": {"Single Carriageway": {"mae": 23.665376572119971, "mse": 622.39655606785243, "best_function": 0, "parameters": [1.0, 1.0, 1.0, 1.0, 1.0, 1.0, 1.0]}}, "street_tally": [1.0, 0.0, 0.0]}