{"nature_results": {"Traffic Island Link At Junction": {"mae": 7.0480575947012287, "mse": 88.679831684210413, "best_function": 2, "parameters": [38.549472682508977, 17.067074570170998, -2.0000005998161798, 1.0, -0.082358388422168138, 1.063355817089755, -4.3565157886191628, 6.0128857175317538, 20.845946298431919]}, "Single Carriageway": {"mae": 5.0688329122603388, "mse": 42.629273139233575, "best_function": 0, "parameters": [35.996894050859765, 8.3246337265948451, -0.99525558671779102, 1.0, 1.4952460931780092, 0.23626808775922592, 27.510051516060059]}, "Traffic Island Link": {"mae": 5.2214861656540776, "mse": 43.672375291331804, "best_function": 0, "parameters": [148.87162237085704, 57.769000423810219, -0.021538890459720905, 1.0, 0.71866322232696844, 0.90211154834373763, 31.367397758087463]}}, "street_tally": [2.0, 0.0, 1.0]}