{"nature_results": {"Single Carriageway": {"mae": 7.3191582383533307, "mse": 92.002702357857828, "best_function": 2, "parameters": [-1.6678659324731284, 3.275216429446318, -5.0771992304927505, 1.0, 0.047438064560686333, -0.19522859680422888, -1.5457605075794376, 7.4714643504362259, 15.520984887675102]}, "Slip Road": {"mae": 17.424718811613324, "mse": 434.5325418773358, "best_function": 0, "parameters": [1.0, 1.0, 1.0, 1.0, 1.0, 1.0, 1.0]}}, "street_tally": [1.0, 0.0, 1.0]}