{"nature_results": {"Traffic Island Link At Junction": {"mae": 18.980726652220639, "mse": 434.39107655820197, "best_function": 0, "parameters": [1.0, 1.0, 1.0, 1.0, 1.0, 1.0, 1.0]}, "Single Carriageway": {"mae": 781.25881527725312, "mse": 75247743.137251034, "best_function": 1, "parameters": [0.77287662414756086, 1.0064577142246232, 1.0279689404686556, 0.65705066611184493, 1.119702872125192, -0.56197343259642119, 1.0, 23.565125268703579]}}, "street_tally": [1.0, 1.0, 0.0]}