{"nature_results": {"Single Carriageway": {"mae": 28.020725127075181, "mse": 822.4189948796228, "best_function": 0, "parameters": [1.0, 1.0, 1.0, 1.0, 1.0, 1.0, 1.0]}, "Dual Carriageway": {"mae": 22.452162345025013, "mse": 58819.099037927692, "best_function": 0, "parameters": [0.40203255877035149, 5.3026969431627311, -1.1767464609634, 1.0, 0.33535841233347463, 0.75065287198213637, 29.292048261497261]}}, "street_tally": [2.0, 0.0, 0.0]}