{"nature_results": {"Traffic Island Link At Junction": {"mae": 5.9923235121926943, "mse": 60.456123615891165, "best_function": 0, "parameters": [30.705986945894146, 19.588022390358596, 1.0155419671068204, 1.0, 1.1220869917231435, 1.158309143366691, 17.935221475755689]}, "Single Carriageway": {"mae": 13.506157974981427, "mse": 241.10071758615845, "best_function": 0, "parameters": [1.0, 1.0, 1.0, 1.0, 1.0, 1.0, 1.0]}}, "street_tally": [2.0, 0.0, 0.0]}