{"nature_results": {"Single Carriageway": {"mae": 3.4769670776458685, "mse": 23.517124396913605, "best_function": 0, "parameters": [0.37981994499820126, 2.0345091474580492, 1.3178186914886467, 1.0, 1.3645701371793431, 0.74455803378852936, 11.111098792357874]}}, "street_tally": [1.0, 0.0, 0.0]}