{"nature_results": {"Traffic Island Link At Junction": {"mae": 7.7114298865708664, "mse": 116.51053808502995, "best_function": 0, "parameters": [5.1711976555431054, 5.885157115798779, -6.5689020475898676, 1.0, 0.24801055880630751, 1.171130780483266, 14.382075355725851]}, "Single Carriageway": {"mae": 5.654519363796239, "mse": 56.593068105985907, "best_function": 2, "parameters": [2.7741710267143231, 15.467893270554498, 6.0216766986390846, 1.0, -0.048608828782100488, 0.78310499671493328, -4.137507288635855, 6.4926197122524147, 20.545826142850554]}}, "street_tally": [1.0, 0.0, 1.0]}