{"nature_results": {"Single Carriageway": {"mae": 11.584218159600915, "mse": 197.14108821842501, "best_function": 1, "parameters": [4.9363031250010172, 0.99920690622805075, 1.0108270851661207, -1.4113795699927634, 1.8878495374991588, 3.1179977924860278, 1.0, 25.211308478610924]}, "Roundabout": {"mae": 19.177141893362119, "mse": 573.71483820055664, "best_function": 0, "parameters": [1.0, 1.0, 1.0, 1.0, 1.0, 1.0, 1.0]}, "Traffic Island Link": {"mae": 9.0318149286503573, "mse": 145.71532953911375, "best_function": 2, "parameters": [8.912498924560623, 1.1272194435144975, 1.9291970793187474, 1.0, 0.62685412443629884, -7.30607777698037, 24.287561513092474, -18.177127290104782, 30.949702682686418]}, "Traffic Island Link At Junction": {"mae": 4.990418135535327, "mse": 66.066970529418484, "best_function": 2, "parameters": [3.3748196552969172, 6.4641202404984641, -1.2806092822683972, 1.0, 0.03097728586774684, -0.40996017705559051, 1.9655122259168936, -3.8225800250789925, 17.738566463908285]}, "Slip Road": {"mae": 5.7652316847079277, "mse": 47.311728670935544, "best_function": 0, "parameters": [1.0, 1.0, 1.0, 1.0, 1.0, 1.0, 1.0]}, "Dual Carriageway": {"mae": 6.6314386392752356, "mse": 74.653454920896266, "best_function": 2, "parameters": [8.1207971421655074, 2.135656087402594, 2.1995149339850784, 1.0, 0.27352887488246425, -3.2412364843177013, 10.940632109881456, -8.0332153716480228, 23.781575885457915]}}, "street_tally": [2.0, 1.0, 3.0]}