{"nature_results": {"Traffic Island Link At Junction": {"mae": 13.348725601948189, "mse": 246.12751701469156, "best_function": 0, "parameters": [1.0, 1.0, 1.0, 1.0, 1.0, 1.0, 1.0]}, "Single Carriageway": {"mae": 6.4515936700509409, "mse": 74.286019706372656, "best_function": 2, "parameters": [-5.5089721367835418, 4.1414350852827733, -2.0723987200015199, 1.0, 0.013510075813426337, -0.35781607257000658, 2.1636001465726382, -3.3333521911146331, 33.153660950993803]}, "Slip Road": {"mae": 11.061905853762372, "mse": 137.29294142624593, "best_function": 1, "parameters": [7.5864468479440434, -6.9179310036882269, -0.56124729201372259, -2.6719062319624993, 2.34442315828717, 2.7731782501376925, 1.0, 10.758472480441023]}, "Dual Carriageway": {"mae": 11.9254145463543, "mse": 257.83159383542494, "best_function": 1, "parameters": [0.043375834764973975, 0.98830533573569967, 1.0005200808752484, 0.92578918791640086, 1.0371834668682534, 2.1654961909864103, 1.0, 31.290198430007781]}, "Traffic Island Link": {"mae": 8.1822880639261211, "mse": 112.43620472631278, "best_function": 2, "parameters": [-10.369515705711267, 0.9261292368195625, -3.5171515337239212, 1.0, 0.12923021901767595, -1.7614032760728033, 7.2855965318924598, -9.1259482481252405, 42.559135802470429]}}, "street_tally": [1.0, 2.0, 2.0]}