{"nature_results": {"Traffic Island Link At Junction": {"mae": 4.6591471909555029, "mse": 36.321530051670877, "best_function": 2, "parameters": [-0.73142139253501015, 3.0505239153509129, 0.4603936677021141, 1.0, 0.11221870962904612, -1.3459918108864986, 4.287642191350896, -1.1247020901781872, 18.140471185756194]}, "Single Carriageway": {"mae": 4.7172260084042925, "mse": 41.969192382757548, "best_function": 2, "parameters": [-0.29728642073685485, 0.85910663868529569, 1.6386266977703627, 1.0, -0.023436183614357065, 0.16353044410742479, -0.27336631600149541, 0.21652057833607841, 29.743784932391179]}, "Dual Carriageway": {"mae": 3.974428223712577, "mse": 28.465079582201191, "best_function": 2, "parameters": [7.9319350402132169, 7.3685026781594463, 1.7761260906538743, 1.0, 0.055738317451175967, -0.80976362595707152, 3.3044466528524392, -3.0310276292673271, 28.758833725144729]}}, "street_tally": [0.0, 0.0, 3.0]}