{"nature_results": {"Single Carriageway": {"mae": 6.1982415252495908, "mse": 66.957298532133265, "best_function": 2, "parameters": [0.60946151342794019, 6.5659414127359916, 1.3586090276744787, 1.0, -0.20791296431398787, 2.2280160353963723, -7.0042395375751365, 6.7528152440962739, 31.956463056120121]}, "Traffic Island Link": {"mae": 6.6470208083221776, "mse": 93.043436371567765, "best_function": 2, "parameters": [4.0991221848245303, 9.9110086886725597, -2.000340466860969, 1.0, -0.31114539390989515, 3.2881755219364823, -9.6671421038255989, 7.1907543612789393, 24.941571095956245]}}, "street_tally": [0.0, 0.0, 2.0]}