{"nature_results": {"Slip Road": {"mae": 18.433509770683074, "mse": 354.05097705313869, "best_function": 0, "parameters": [1.0, 1.0, 1.0, 1.0, 1.0, 1.0, 1.0]}, "Dual Carriageway": {"mae": 8.4223395056156125, "mse": 113.96565999939034, "best_function": 1, "parameters": [1.7123757435418629, 0.99396204011412648, 0.996525892917006, 0.20523831052948127, 1.2853215037397268, -0.64286230694959445, 1.0, 25.453867132992524]}, "Roundabout": {"mae": 5.8683131505965083, "mse": 72.789921223365909, "best_function": 1, "parameters": [2.0047905839176359, 0.9973006341719346, 0.9930129730181757, 0.042641438759203121, 1.3488635495012384, -0.7916438421053984, 1.0, 21.78071364019636]}}, "street_tally": [1.0, 2.0, 0.0]}