{"nature_results": {"Traffic Island Link At Junction": {"mae": 6.7340347609110589, "mse": 84.275364589533396, "best_function": 2, "parameters": [-1.3121847161276463, 1.1283291484453293, 0.39207897116228518, 1.0, -0.012348545472757877, 0.093419871164448054, -0.46470599730252404, 2.0443676923547995, 24.93825742854446]}, "Single Carriageway": {"mae": 6.6451233681226372, "mse": 70.82253105819656, "best_function": 2, "parameters": [-2.9521802537668651, 1.7043174904726448, 0.71830122293106735, 1.0, -0.0489373492205607, 0.46822722055591481, -1.5417373763349533, 2.9386164548350782, 19.871055196875627]}}, "street_tally": [0.0, 0.0, 2.0]}