{"nature_results": {"Dual Carriageway": {"mae": 8.8842862200902495, "mse": 144.54835922300012, "best_function": 2, "parameters": [-1.6233832517583124, 6.7153556080781609, 3.2995683093180244, 1.0, 0.11869142759675055, -1.2978173443510865, 3.5473051167878622, -0.21614002783897734, 34.616789829410017]}, "Roundabout": {"mae": 7.7547913556047252, "mse": 106.33002787501053, "best_function": 1, "parameters": [1.9853496691414301, 0.99033007658060046, 0.9703983440176297, 0.026712331073452389, 1.3586165303864504, 1.9760638820238019, 1.0, 21.827551358397685]}}, "street_tally": [0.0, 1.0, 1.0]}