{"nature_results": {"Single Carriageway": {"mae": 10.748196189130013, "mse": 148.12558484454721, "best_function": 1, "parameters": [5.2050451736014516, 1.8857061464310445, 1.77188436446193, -1.4750804570778255, 1.8993985800131168, -5.1138484851141346, 1.0, 31.276136785613978]}}, "street_tally": [0.0, 1.0, 0.0]}