{"nature_results": {"Single Carriageway": {"mae": 29.440747232228937, "mse": 1166.5936425798175, "best_function": 1, "parameters": [1.2674647020924481, 0.23815234960463805, 0.35640752761361738, 0.37590184856658382, 1.2307918388342203, 1.735513994800612, 1.0, 42.096074940967142]}}, "street_tally": [0.0, 1.0, 0.0]}