{"nature_results": {"Single Carriageway": {"mae": 22.662478204208856, "mse": 563.37584616628396, "best_function": 0, "parameters": [1.0, 1.0, 1.0, 1.0, 1.0, 1.0, 1.0]}}, "street_tally": [1.0, 0.0, 0.0]}