{"nature_results": {"Single Carriageway": {"mae": 5.6346577193315701, "mse": 60.388417468664244, "best_function": 2, "parameters": [-0.72593008447633101, 2.6347543192238554, -0.94802869180792149, 1.0, -0.007415024766906031, -0.0096130076242517681, 0.21922915510057139, 0.54997636105664394, 29.290129895075161]}, "Roundabout": {"mae": 5.2618893152406265, "mse": 53.374935340769298, "best_function": 2, "parameters": [-0.94112412314976912, 2.0606982168199908, 1.3709891975825321, 1.0, -0.033947414194450021, 0.46504128745419648, -2.7757395763877866, 7.1516277029352597, 22.766002940199481]}, "Traffic Island Link": {"mae": 7.3199955042497749, "mse": 102.24967248262216, "best_function": 2, "parameters": [-0.85724650746611863, 5.257720070085532, -1.3925603041742161, 1.0, -0.030695858993488256, 0.26893956387612583, -0.72356574451283828, 1.1863310180068045, 31.968171363527464]}, "Traffic Island Link At Junction": {"mae": 5.6770753170718065, "mse": 59.329420870293255, "best_function": 2, "parameters": [-0.34509659149088656, 1.449635108683115, -2.0190348873932278, 1.0, -0.071662812739726744, 0.73965276842040484, -2.1634233375298848, 2.3012762393157358, 23.097460657878177]}, "Slip Road": {"mae": 7.6985230278830317, "mse": 101.48933030449395, "best_function": 0, "parameters": [1.0, 1.0, 1.0, 1.0, 1.0, 1.0, 1.0]}, "Dual Carriageway": {"mae": 8.0099022041966137, "mse": 126.68050483945811, "best_function": 2, "parameters": [-0.11906732027852107, 2.3602755684206675, 1.2411773826664951, 1.0, -0.020476287906660673, 0.26729169119337981, -1.2489281944393462, 2.2714867021053244, 19.773127289654983]}}, "street_tally": [1.0, 0.0, 5.0]}