{"nature_results": {"Traffic Island Link At Junction": {"mae": 8.003507014598334, "mse": 96.169932715906029, "best_function": 2, "parameters": [0.39436833263754512, 15.752678015466229, -0.036365213392317797, 1.0, 0.095041721860266937, -1.3043997539821279, 5.4757718804757154, -6.5771798421558429, 31.640964550084622]}, "Single Carriageway": {"mae": 5.4245445327124857, "mse": 57.337442065972091, "best_function": 2, "parameters": [0.1580161900305419, 4.9185939295561987, -0.11286774281272116, 1.0, -0.024180469795542781, 0.19623432526174045, -0.46106083602617698, 0.55962582175827813, 34.470258296236963]}, "Roundabout": {"mae": 5.1463976366458324, "mse": 45.223534110929911, "best_function": 0, "parameters": [-1.7669052679118171, 4.9983622086685067, -0.04275551288479118, 1.0, 0.047204823918709837, 0.89233170101693171, 21.912865491245444]}, "Dual Carriageway": {"mae": 8.8156773419877954, "mse": 122.45409321094726, "best_function": 2, "parameters": [-1.0133282057779436, 2.3698103600219174, 1.5566168584851803, 1.0, 0.061438312711222354, -0.9141636418124981, 3.8347169236439593, -4.0438481620414626, 25.349854669454672]}, "Traffic Island Link": {"mae": 7.2010289706298991, "mse": 88.519435865227038, "best_function": 2, "parameters": [2.8122015822584432, 11.151092061752243, -1.7657945111712023, 1.0, 0.13768542079797019, -2.044186662655326, 9.3140983336351209, -12.602091658184577, 38.869771872522726]}}, "street_tally": [1.0, 0.0, 4.0]}