{"nature_results": {"Single Carriageway": {"mae": 5.9354112012878417, "mse": 68.012164777455766, "best_function": 1, "parameters": [2.1024109282210608, 0.9951905085961178, 0.9957419396737951, 0.015374659432712878, 1.3540022341038349, -0.38052899292805531, 1.0, 29.818029078518034]}, "Traffic Island Link": {"mae": 7.7244563847419556, "mse": 103.43724697907616, "best_function": 1, "parameters": [2.1777493888979693, 0.98470128539473101, 0.98692573798857752, 0.0073672508675509674, 1.3517358316927863, -0.94973131378964304, 1.0, 29.053925137925237]}}, "street_tally": [0.0, 2.0, 0.0]}