{"nature_results": {"Traffic Island Link At Junction": {"mae": 26.183477830871265, "mse": 714.04903795892778, "best_function": 0, "parameters": [1.0, 1.0, 1.0, 1.0, 1.0, 1.0, 1.0]}, "Single Carriageway": {"mae": 25.786045395237505, "mse": 717.7758778940123, "best_function": 0, "parameters": [1.0, 1.0, 1.0, 1.0, 1.0, 1.0, 1.0]}}, "street_tally": [2.0, 0.0, 0.0]}