{"nature_results": {"Traffic Island Link At Junction": {"mae": 9.3934253611179379, "mse": 151.54400980714252, "best_function": 0, "parameters": [1.0, 1.0, 1.0, 1.0, 1.0, 1.0, 1.0]}, "Single Carriageway": {"mae": 10.522431832732128, "mse": 142.45239850860247, "best_function": 0, "parameters": [1.0, 1.0, 1.0, 1.0, 1.0, 1.0, 1.0]}}, "street_tally": [2.0, 0.0, 0.0]}