{"nature_results": {"Traffic Island Link At Junction": {"mae": 7.4615556215068768, "mse": 96.635044940561926, "best_function": 2, "parameters": [10.912865812886695, 30.684269339579867, -3.9074419328699763, 1.0, -0.18294376475833163, 2.3192328931998221, -7.6398652622493515, 1.7450145024904198, 24.865136398573949]}, "Single Carriageway": {"mae": 23.006858074425086, "mse": 599.58611828637743, "best_function": 0, "parameters": [1.0, 1.0, 1.0, 1.0, 1.0, 1.0, 1.0]}, "Slip Road": {"mae": 6.5704747534908607, "mse": 84.957474217694809, "best_function": 1, "parameters": [-2.5711106003778941, -2.280026264870207, -0.95445360636164955, 2.3749483384169618, 0.47096304309452819, -0.083403324906818899, 1.0, 28.979184759554006]}, "Dual Carriageway": {"mae": 6.5573489501593674, "mse": 73.018023316550483, "best_function": 2, "parameters": [2.4450026364458246, 1.806876245752308, -1.3459005898955971, 1.0, -0.14056162883821877, 1.5536181372699271, -4.9247307763344024, 3.8040422353348866, 27.544042386579779]}, "Traffic Island Link": {"mae": 4.0248288052109116, "mse": 33.778453847760602, "best_function": 2, "parameters": [47.833040998006801, 32.102642551451929, 1.1707904751175895, 1.0, 0.41733798783165665, -4.8991009962616845, 16.514699144324659, -13.148431032587869, 27.112148089278275]}}, "street_tally": [1.0, 1.0, 3.0]}