{"nature_results": {"Single Carriageway": {"mae": 4.7100263783342013, "mse": 37.823421228913908, "best_function": 2, "parameters": [66.377601690061383, 34.669566921230413, 3.7960750194315271, 1.0, -0.090259582041795294, 1.5125886201472274, -8.2609255719046377, 15.059552670253748, 20.050987493940092]}}, "street_tally": [0.0, 0.0, 1.0]}