{"nature_results": {"Traffic Island Link At Junction": {"mae": 6.9761097012563322, "mse": 92.275411691753462, "best_function": 0, "parameters": [-7.9752908853206605, 3.5031440413116379, -1.9047055754305378, 1.0, 1.9113937010424766, 0.31420953005181618, 22.95753718383887]}, "Single Carriageway": {"mae": 6.5754165746370186, "mse": 76.759420805071898, "best_function": 2, "parameters": [2.5757503455609418, 4.5222894473228461, -1.0570346387594993, 1.0, 0.00993107578206609, -0.12105254567323631, 0.39030152254269235, -0.23558773432281122, 30.011192497759911]}, "Roundabout": {"mae": 15.31982538906356, "mse": 347.45537574583579, "best_function": 2, "parameters": [106.82566248277898, 60.009113851466715, 9.5712358771470054, 1.0, 0.70224158149708726, -8.1299902014557741, 27.753118676029985, -26.115148497970672, 33.262118773857779]}, "Traffic Island Link": {"mae": 5.0529944987282631, "mse": 38.458838711682155, "best_function": 0, "parameters": [-2.9618960220850381, 9.8790284882824988, -2.6427173125835397, 1.0, 0.79283304871491178, 0.78693346219907823, 35.241138201626498]}}, "street_tally": [2.0, 0.0, 2.0]}