{"nature_results": {"Traffic Island Link At Junction": {"mae": 7.443121960796824, "mse": 74.841813280243059, "best_function": 0, "parameters": [9.093270926428362, 20.645157114674859, -2.2025583591519977, 1.0, -1.3113224018420522, 1.0108465745021211, 19.240185973695802]}, "Single Carriageway": {"mae": 6.5422408415433146, "mse": 83.513423371282755, "best_function": 2, "parameters": [62.467547769441317, 30.723282826306331, 1.4330593734310713, 1.0, -0.052434360069445463, 0.20721908239804576, 0.93478615703593748, -1.5076013949527809, 23.345667539686644]}}, "street_tally": [1.0, 0.0, 1.0]}