{"nature_results": {"Traffic Island Link At Junction": {"mae": 13.468632508072933, "mse": 222.16338618843173, "best_function": 0, "parameters": [1.0, 1.0, 1.0, 1.0, 1.0, 1.0, 1.0]}, "Single Carriageway": {"mae": 29.247388306774809, "mse": 905.73982847002162, "best_function": 0, "parameters": [1.0, 1.0, 1.0, 1.0, 1.0, 1.0, 1.0]}}, "street_tally": [2.0, 0.0, 0.0]}