{"nature_results": {"Traffic Island Link At Junction": {"mae": 6.9202918769802091, "mse": 93.973746251622487, "best_function": 2, "parameters": [14.324517717333856, 9.4308796419157588, 3.4194249618271364, 1.0, -0.097647009634594273, 1.0289381657463019, -3.6987599486970488, 6.7484824761755364, 24.43673881788812]}, "Single Carriageway": {"mae": 4.4391839493512766, "mse": 31.135033774177941, "best_function": 0, "parameters": [50.515901778316213, 38.992673590422335, 1.6898107065187911, 1.0, 0.80990346996867224, 0.54318231277047446, 34.151830316225919]}}, "street_tally": [1.0, 0.0, 1.0]}