{"nature_results": {"Traffic Island Link At Junction": {"mae": 10.8421130518132, "mse": 150.42138884999324, "best_function": 1, "parameters": [3.4368910857824586, 0.98998722216552293, 1.0192455455753882, -0.58954277637447561, 1.5695980826679703, -1.7899019819317763, 1.0, 16.390658918552933]}, "Single Carriageway": {"mae": 6.9589367667940225, "mse": 76.370643622989761, "best_function": 2, "parameters": [4.568485461817609, 5.6062719391110241, -2.9186436281784687, 1.0, -0.037793417215377545, 0.16471036024945673, 0.83082179128301736, -2.725476790612428, 23.875534458562747]}, "Dual Carriageway": {"mae": 15.135541476009598, "mse": 317.23919273308394, "best_function": 0, "parameters": [1.0, 1.0, 1.0, 1.0, 1.0, 1.0, 1.0]}}, "street_tally": [1.0, 1.0, 1.0]}