{"nature_results": {"Single Carriageway": {"mae": 23.916812467398522, "mse": 635.68879943763773, "best_function": 0, "parameters": [1.0, 1.0, 1.0, 1.0, 1.0, 1.0, 1.0]}, "Roundabout": {"mae": 6.5135657498503026, "mse": 83.244429358955117, "best_function": 2, "parameters": [3.8934180194127022, 2.5658755301835274, 0.82304112519777461, 1.0, 0.015747610415932201, -0.291664846346122, 1.79895122300106, -3.5235334741825861, 25.244811077400556]}, "Traffic Island Link": {"mae": 6.6312819571396089, "mse": 74.109033491080851, "best_function": 2, "parameters": [3.9429443986581729, 3.3450602603057566, -1.739348465248888, 1.0, 0.068340132331900394, -0.69122988442421951, 1.7425473782364551, -0.76811341735319338, 35.557325425572287]}, "Traffic Island Link At Junction": {"mae": 12.582420282497738, "mse": 266.49793335743749, "best_function": 1, "parameters": [-0.055157587783443596, 0.93649408504485632, 0.9666245497788315, 1.057754997836428, 0.97334141926480366, -0.24748915894528745, 1.0, 20.604019593526012]}, "Slip Road": {"mae": 13.852954783214004, "mse": 215.76570040121021, "best_function": 0, "parameters": [1.0, 1.0, 1.0, 1.0, 1.0, 1.0, 1.0]}, "Dual Carriageway": {"mae": 8.6650471081427778, "mse": 125.83493703177928, "best_function": 2, "parameters": [1.1734030674385041, 6.8159238766926427, -1.1513207589287378, 1.0, -0.055278383233420048, 0.72913208933043494, -3.0859110944672556, 4.5124991441872062, 22.092284542558961]}}, "street_tally": [2.0, 1.0, 3.0]}