{"nature_results": {"Single Carriageway": {"mae": 5.0895737178300795, "mse": 51.161513483349388, "best_function": 2, "parameters": [-1.2209920693342, 2.5102092083814789, 0.36525081021401884, 1.0, 0.056528950563348612, -0.7224598132945883, 2.3917753696779429, -0.6580212777795682, 27.559699451624795]}, "Traffic Island Link": {"mae": 11.374863615149559, "mse": 195.64015041298734, "best_function": 2, "parameters": [-4.0836253161163789, 8.2262579039570749, -2.0570592417107658, 1.0, 0.18795715130449941, -2.4733603662936785, 10.014097641295484, -11.294468857163427, 26.736434799746707]}, "Roundabout": {"mae": 7.4597240558823259, "mse": 94.159828917349017, "best_function": 2, "parameters": [-0.21660834221726444, 6.4341036732620687, -0.2009642402550329, 1.0, -0.023495799134508388, 0.22356434917666956, -0.98766027810335744, 2.4488578684889335, 29.520913309032061]}, "Dual Carriageway": {"mae": 21.195143420337669, "mse": 537.7022924706323, "best_function": 0, "parameters": [1.0, 1.0, 1.0, 1.0, 1.0, 1.0, 1.0]}, "Slip Road": {"mae": 7.5415385998771383, "mse": 94.522081479169827, "best_function": 1, "parameters": [4.2078072320452016, 0.99064088112238091, 0.96586784633128497, -1.0083569382423043, 1.7295297710825035, -2.2675250664681927, 1.0, 12.334962090507052]}}, "street_tally": [1.0, 1.0, 3.0]}