{"nature_results": {"Dual Carriageway": {"mae": 4.0863560217313859, "mse": 30.372007454706107, "best_function": 2, "parameters": [-1.3389647517583572, 0.35426951451437616, -1.0537215602976424, 1.0, -0.010757982275620304, 0.095755793665961431, -0.60921150354213993, 2.2336841054600369, 27.801860096114044]}}, "street_tally": [0.0, 0.0, 1.0]}