{"nature_results": {"Single Carriageway": {"mae": 5.0881794792401474, "mse": 55.010936297003198, "best_function": 2, "parameters": [-1.6225923630120334, 7.2347443481623266, -0.35780376786372448, 1.0, 0.065733685454449131, -1.0740415859666403, 5.13001876055029, -6.5985211490237177, 30.84455809978277]}, "Dual Carriageway": {"mae": 8.8127261294031864, "mse": 129.27580423595307, "best_function": 2, "parameters": [-3.9647705344129873, 0.65365697000591083, 0.12043561772478129, 1.0, -0.051086233924227287, 0.4505379414470857, -0.77593993477544454, -0.33605723465925874, 26.276810796849599]}}, "street_tally": [0.0, 0.0, 2.0]}