{"nature_results": {"Single Carriageway": {"avg_speed": {"mae": 22.774077316081989, "mse": 625.72482062843255, "best_function": 0, "parameters": [1.0, 1.0, 1.0, 1.0, 1.0, 1.0, 1.0]}}}, "street_tally": [0.0, 0.0, 0.0]}