{"nature_results": {"Dual Carriageway": {"mae": 12.936481124688546, "mse": 284.60115414048818, "best_function": 0, "parameters": [1.0, 1.0, 1.0, 1.0, 1.0, 1.0, 1.0]}}, "street_tally": [1.0, 0.0, 0.0]}