{"nature_results": {"Traffic Island Link At Junction": {"mae": 17.371236446852127, "mse": 363.78332074087905, "best_function": 0, "parameters": [1.0, 1.0, 1.0, 1.0, 1.0, 1.0, 1.0]}, "Single Carriageway": {"mae": 5.4596416227378208, "mse": 50.365923597624843, "best_function": 2, "parameters": [1.0431698699313972, 0.20084653963241073, 0.10048945794052022, 1.0, 0.030536466163201381, 0.055191245939617217, -2.7693806377216208, 9.2332842523505523, 20.486128540044017]}, "Roundabout": {"mae": 17.469823058831174, "mse": 516.00284380924631, "best_function": 0, "parameters": [1.0, 1.0, 1.0, 1.0, 1.0, 1.0, 1.0]}, "Traffic Island Link": {"mae": 15.32985175337866, "mse": 271.31470877679089, "best_function": 0, "parameters": [1.0, 1.0, 1.0, 1.0, 1.0, 1.0, 1.0]}}, "street_tally": [3.0, 0.0, 1.0]}