{"nature_results": {"Traffic Island Link At Junction": {"mae": 4.098702704602359, "mse": 29.389562238265821, "best_function": 2, "parameters": [12.310812623599031, 6.6681500335008748, 0.95446280744749679, 1.0, 0.049761890852238144, -0.60066688858282036, 1.7196813636383945, 0.15002782644728774, 15.111302038532372]}, "Single Carriageway": {"mae": 17.487656526876275, "mse": 371.33325125217158, "best_function": 0, "parameters": [1.0, 1.0, 1.0, 1.0, 1.0, 1.0, 1.0]}, "Dual Carriageway": {"mae": 13.327306770028148, "mse": 219.18953299262944, "best_function": 0, "parameters": [1.0, 1.0, 1.0, 1.0, 1.0, 1.0, 1.0]}}, "street_tally": [2.0, 0.0, 1.0]}