{"nature_results": {"Single Carriageway": {"mae": 8.5642464962126219, "mse": 98.689398279994904, "best_function": 1, "parameters": [6.1968612482698502, 1.2898433011383774, 1.1438626666384231, -1.9877262338588788, 2.0932332802805407, 1.5255530487364883, 1.0, 15.537808675696299]}}, "street_tally": [0.0, 1.0, 0.0]}