{"nature_results": {"Traffic Island Link At Junction": {"mae": 8.8733762346573446, "mse": 114.06251756281438, "best_function": 0, "parameters": [1.0, 1.0, 1.0, 1.0, 1.0, 1.0, 1.0]}, "Single Carriageway": {"mae": 5.2277105439134512, "mse": 44.900626847089143, "best_function": 1, "parameters": [2.9473442317212841, 1.0285033231958118, 1.0239800048583916, -0.43202262743769748, 1.5253176697131989, -0.21371457448527598, 1.0, 27.029146371809375]}}, "street_tally": [1.0, 1.0, 0.0]}