{"nature_results": {"Dual Carriageway": {"mae": 6.9143401990793478, "mse": 74.141005405997561, "best_function": 1, "parameters": [2.6437612503616355, 0.99454769440773161, 0.95579359158255539, -0.22871554666677918, 1.4402172721162065, -3.614180884685025, 1.0, 33.022018231179203]}, "Roundabout": {"mae": 8.4595755552552685, "mse": 106.94829456088607, "best_function": 2, "parameters": [1.5962007529626143, 8.8608647249508259, -1.9343999054408765, 1.0, 0.16774771602313721, -1.9426662904449996, 6.9615644556760321, -8.0201456769649333, 27.444902857263244]}}, "street_tally": [0.0, 1.0, 1.0]}