{"nature_results": {"Traffic Island Link At Junction": {"mae": 10.710297979498273, "mse": 151.45585781772161, "best_function": 2, "parameters": [1.2772960433177754, 21.51686608373636, 0.27779381950299908, 1.0, -0.040000455991599182, 0.74445982294284285, -4.8238287283033552, 10.358243468087286, 17.929769715420569]}, "Single Carriageway": {"mae": 10.635432467225066, "mse": 19374.064119783721, "best_function": 0, "parameters": [6.9955787182964482, 14.495650381120177, -1.6554650238132003, 1.0, 0.11542011346093206, 0.92154656982326233, 33.179321721717933]}, "Dual Carriageway": {"mae": 8.5346667047517002, "mse": 102.87425242803101, "best_function": 1, "parameters": [3.1502634117324551, 0.93670997482076301, 0.96546033393921171, -0.47043640256286356, 1.5293044545708598, 0.24770845967674093, 1.0, 20.983079520148006]}}, "street_tally": [1.0, 1.0, 1.0]}