{"nature_results": {"Single Carriageway": {"mae": 6.0274400199466642, "mse": 71.844399173361595, "best_function": 2, "parameters": [0.18681716415442151, 3.2727562523259364, -1.1362732529556849, 1.0, -0.062216284730695293, 0.65609061443120509, -2.2489155825671903, 3.5822870208348498, 26.755346331852021]}, "Dual Carriageway": {"mae": 7.4754592414769379, "mse": 89.520712809851787, "best_function": 2, "parameters": [2.0691835012586113, 4.0078560862922936, 0.8480821109791814, 1.0, 0.028512202567205325, -0.38392461711250636, 1.1409574042792472, 0.95303807845591693, 22.710190493826548]}, "Traffic Island Link": {"mae": 4.0204388959467527, "mse": 29.113983811433116, "best_function": 2, "parameters": [-2.5605341340013399, 0.95258382603894542, 0.44512162411478862, 1.0, -0.066925543404637411, 0.80398591236761452, -3.2307356196793267, 5.1843704043936505, 31.828303758619491]}}, "street_tally": [0.0, 0.0, 3.0]}