{"nature_results": {"Single Carriageway": {"mae": 8.0445442904139526, "mse": 96.056591178141673, "best_function": 2, "parameters": [-7.4804739656617567, 5.8320404455659869, -2.3562499042761624, 1.0, -0.0018831250788222675, -0.081262782257647714, 1.3275853589827746, -3.8916502175327556, 20.265572526462307]}}, "street_tally": [0.0, 0.0, 1.0]}