{"nature_results": {"Traffic Island Link At Junction": {"mae": 7.1337128921637802, "mse": 80.311260883665867, "best_function": 2, "parameters": [1.2658538122423719, 12.945911122426848, 0.087550307965526319, 1.0, -0.0088259381526103464, -0.12025715645944457, 1.4838576517595676, -2.0911225511355598, 22.823553136953933]}, "Single Carriageway": {"mae": 6.9814788141448281, "mse": 87.994816456801345, "best_function": 0, "parameters": [6.6981456819987653, 9.3056253171487064, 1.5611968821361624, 1.0, 1.8615532666141634, 0.14176146625693498, 22.665462858119053]}, "Slip Road": {"mae": 7.9195421488467321, "mse": 138.32552803988486, "best_function": 0, "parameters": [1.0, 1.0, 1.0, 1.0, 1.0, 1.0, 1.0]}, "Traffic Island Link": {"mae": 8.8073675316145899, "mse": 131.33753353019316, "best_function": 2, "parameters": [11.002010927139374, 14.124814906476841, 1.7820801186360229, 1.0, -0.035531115318705231, 0.25494761312353198, -0.38232282254966732, 0.55600233701127488, 25.880674763619226]}}, "street_tally": [2.0, 0.0, 2.0]}